PCB_ID,Lot_ID,Line,Machine,Feeder_ID,Nozzle_ID,Component,Offset_X,Offset_Y,Offset_Angle,Solder_Height,Solder_Volume,Vacuum_Pressure,Placement_Force,Reflow_Peak_Temp,Tact_Time,Grade,Defect_Type,Is_Defective
PCB_00001,LOT_20260301,SMD_Line_A,Mounter_03,FD_20,NZ_05,CAP_3216,13.49,9.66,0.215,146.71,93.23,-71.44,2.05,248.6,4.21,A,Normal,0
PCB_00002,LOT_20260301,SMD_Line_C,Mounter_04,FD_04,NZ_03,CHIP_0603,8.65,16.47,-1.277,116.71,97.15,-73.43,4.45,247.6,3.9,B,Normal,0
PCB_00003,LOT_20260301,SMD_Line_B,Mounter_03,FD_02,NZ_06,CHIP_0603,-28.51,-2.87,-0.08,161.17,92.26,-75.71,3.42,249.2,4.11,B,Normal,0
PCB_00004,LOT_20260301,SMD_Line_B,Mounter_04,FD_05,NZ_07,CHIP_1005,0.19,16.58,0.283,156.48,96.01,-76.85,3.42,239.8,3.73,A,Normal,0
PCB_00005,LOT_20260301,SMD_Line_A,Mounter_04,FD_01,NZ_05,BGA_256,-24.74,1.87,0.579,117.02,96.92,-78.03,3.65,244.1,4.23,A,Normal,0
PCB_00006,LOT_20260301,SMD_Line_A,Mounter_03,FD_05,NZ_07,CHIP_1005,-15.06,-12.02,0.135,125.51,105.0,-75.79,2.13,240.5,3.95,A,Normal,0
PCB_00007,LOT_20260301,SMD_Line_A,Mounter_02,FD_06,NZ_03,IC_QFP_48,-6.29,-8.38,0.087,140.28,,-64.22,3.44,244.3,3.97,A,Normal,0
PCB_00008,LOT_20260301,SMD_Line_C,Mounter_04,FD_02,NZ_05,BGA_256,-15.85,-17.03,-0.305,119.18,111.46,-67.44,2.59,246.9,3.76,A,Normal,0
PCB_00009,LOT_20260301,SMD_Line_B,Mounter_03,FD_01,NZ_05,CHIP_0603,27.73,-0.46,0.17,138.73,99.7,-71.36,2.96,244.4,4.22,A,Normal,0
PCB_00010,LOT_20260301,SMD_Line_B,Mounter_01,FD_04,NZ_02,CHIP_1005,10.8,-1.89,-0.107,133.18,89.75,-73.28,3.46,244.4,3.95,A,Normal,0
PCB_00011,LOT_20260301,SMD_Line_A,Mounter_03,FD_07,NZ_06,CHIP_1005,17.09,2.22,-0.328,149.33,104.66,-74.05,2.87,239.3,4.88,A,Normal,0
PCB_00012,LOT_20260301,SMD_Line_C,Mounter_01,FD_22,NZ_08,BGA_256,-1.75,16.07,-0.521,136.45,,-71.62,2.05,242.8,4.47,A,Normal,0
PCB_00013,LOT_20260301,SMD_Line_C,Mounter_04,FD_01,NZ_06,CHIP_0603,0.38,-0.19,-0.426,99.54,94.48,-74.0,3.49,252.0,3.55,A,Normal,0
PCB_00014,LOT_20260301,SMD_Line_A,Mounter_03,FD_01,NZ_01,CHIP_0603,19.76,-3.15,0.146,142.94,117.0,-74.02,3.63,242.7,4.51,A,Normal,0
PCB_00015,LOT_20260301,SMD_Line_A,Mounter_03,FD_08,NZ_07,IC_QFP_48,5.42,-2.35,-0.625,148.44,96.25,-70.3,2.54,243.6,4.37,A,Normal,0
PCB_00016,LOT_20260301,SMD_Line_A,Mounter_01,FD_20,NZ_07,CHIP_1005,7.65,-21.87,-0.132,129.05,94.55,-75.53,2.73,246.0,4.24,A,Normal,0
PCB_00017,LOT_20260301,SMD_Line_A,Mounter_03,FD_16,NZ_06,CHIP_1005,-11.39,8.06,0.589,132.22,111.53,-80.68,3.08,246.6,4.12,A,Normal,0
PCB_00018,LOT_20260301,SMD_Line_B,Mounter_03,FD_21,NZ_06,CHIP_1005,-11.45,-1.78,-0.645,132.27,106.05,-74.05,4.35,244.4,4.79,A,Normal,0
PCB_00019,LOT_20260301,SMD_Line_B,Mounter_04,FD_13,NZ_05,CHIP_0603,3.26,0.95,0.202,121.22,109.05,-66.92,4.24,239.1,3.65,A,Normal,0
PCB_00020,LOT_20260301,SMD_Line_A,Mounter_03,FD_23,NZ_07,CHIP_1005,4.66,-2.37,0.246,167.04,93.24,-77.7,3.85,247.3,4.17,A,Normal,0
PCB_00021,LOT_20260301,SMD_Line_B,Mounter_02,FD_24,NZ_04,CHIP_1005,-12.46,1.5,-0.131,118.26,102.64,-76.33,4.45,253.1,3.36,A,Normal,0
PCB_00022,LOT_20260301,SMD_Line_A,Mounter_01,FD_23,NZ_08,CAP_3216,4.48,-15.48,0.28,143.92,83.36,-74.23,3.85,252.7,4.47,A,Normal,0
PCB_00023,LOT_20260301,SMD_Line_A,Mounter_03,FD_18,NZ_02,CHIP_0603,-15.27,-0.01,-0.085,143.85,76.95,-77.59,3.36,242.0,4.17,B,Normal,0
PCB_00024,LOT_20260301,SMD_Line_A,Mounter_01,FD_20,NZ_08,BGA_256,0.17,-7.13,0.358,123.13,92.91,-66.74,2.54,246.7,3.71,A,Normal,0
PCB_00025,LOT_20260301,SMD_Line_B,Mounter_01,FD_10,NZ_01,CHIP_1005,-17.97,0.41,-0.481,115.95,100.57,-71.66,2.16,255.6,4.29,A,Normal,0
PCB_00026,LOT_20260301,SMD_Line_C,Mounter_01,FD_12,NZ_08,CHIP_0603,16.6,-11.98,0.85,128.4,128.8,-78.22,2.91,245.0,4.88,C,Normal,0
PCB_00027,LOT_20260301,SMD_Line_A,Mounter_03,FD_01,NZ_02,IC_QFP_48,-3.89,5.65,0.647,140.46,,-72.45,3.31,246.1,4.26,A,Normal,0
PCB_00028,LOT_20260301,SMD_Line_B,Mounter_03,FD_10,NZ_01,CHIP_0603,-8.67,0.25,-1.003,134.6,86.88,-72.14,4.58,238.7,3.41,B,Normal,0
PCB_00029,LOT_20260301,SMD_Line_B,Mounter_01,FD_09,NZ_03,CAP_3216,-14.32,-15.29,0.528,157.24,110.51,-72.84,3.06,249.4,4.19,A,Normal,0
PCB_00030,LOT_20260301,SMD_Line_A,Mounter_02,FD_03,NZ_05,BGA_256,-15.52,11.17,-0.26,121.19,83.85,-72.58,3.29,246.2,4.35,A,Normal,0
PCB_00031,LOT_20260301,SMD_Line_B,Mounter_01,FD_19,NZ_06,CHIP_0603,5.46,-6.07,0.645,121.55,118.4,-72.45,3.41,241.3,3.85,A,Normal,0
PCB_00032,LOT_20260301,SMD_Line_A,Mounter_02,FD_09,NZ_06,CHIP_0603,12.55,-4.23,0.454,143.23,93.94,-70.92,3.32,247.9,5.31,A,Normal,0
PCB_00033,LOT_20260301,SMD_Line_A,Mounter_01,FD_10,NZ_04,CHIP_1005,11.3,9.42,-0.489,104.98,93.11,-70.69,4.27,249.1,3.48,A,Normal,0
PCB_00034,LOT_20260301,SMD_Line_C,Mounter_04,FD_19,NZ_08,CHIP_1005,17.46,12.67,0.259,121.55,112.24,-77.24,4.0,242.1,2.93,A,Normal,0
PCB_00035,LOT_20260301,SMD_Line_C,Mounter_01,FD_16,NZ_07,CHIP_1005,21.85,-5.5,-0.315,128.04,93.29,-71.79,3.2,238.0,3.73,A,Normal,0
PCB_00036,LOT_20260301,SMD_Line_C,Mounter_01,FD_24,NZ_07,CHIP_0603,11.97,1.32,0.242,129.79,120.98,-71.37,2.83,245.6,3.23,A,Normal,0
PCB_00037,LOT_20260301,SMD_Line_A,Mounter_03,FD_18,NZ_02,CHIP_1005,-6.29,8.05,0.021,122.38,93.16,-74.14,2.86,247.9,4.67,A,Normal,0
PCB_00038,LOT_20260301,SMD_Line_A,Mounter_02,FD_14,NZ_02,CHIP_0603,2.12,14.91,-0.328,102.64,110.65,-66.03,3.22,246.1,4.73,A,Normal,0
PCB_00039,LOT_20260301,SMD_Line_B,Mounter_04,FD_03,NZ_02,BGA_256,-28.21,1.05,-0.602,151.22,101.39,-72.29,2.77,249.9,3.39,B,Normal,0
PCB_00040,LOT_20260301,SMD_Line_B,Mounter_02,FD_02,NZ_07,BGA_256,7.97,5.57,0.104,150.43,108.15,-70.24,3.74,237.8,3.66,A,Normal,0
PCB_00041,LOT_20260301,SMD_Line_A,Mounter_04,FD_01,NZ_06,CHIP_1005,1.87,-10.78,0.209,105.03,87.91,-73.57,2.79,240.7,3.59,A,Normal,0
PCB_00042,LOT_20260301,SMD_Line_B,Mounter_01,FD_18,NZ_07,BGA_256,19.94,-17.85,-0.071,140.11,,-73.06,4.13,245.9,4.19,A,Normal,0
PCB_00043,LOT_20260301,SMD_Line_A,Mounter_03,FD_24,NZ_02,CHIP_0603,-9.29,6.55,-0.348,127.97,88.74,-70.8,3.61,238.5,4.44,A,Normal,0
PCB_00044,LOT_20260301,SMD_Line_C,Mounter_03,FD_09,NZ_05,CHIP_0603,6.44,-9.52,-0.217,138.39,95.15,,2.42,241.8,4.95,F,Tombstone,1
PCB_00045,LOT_20260301,SMD_Line_A,Mounter_02,FD_13,NZ_01,CHIP_1005,-12.54,-10.91,-0.493,134.21,97.6,-69.39,4.08,242.8,4.41,A,Normal,0
PCB_00046,LOT_20260301,SMD_Line_B,Mounter_03,FD_02,NZ_06,CHIP_1005,-1.38,7.57,0.331,108.14,94.19,-76.31,2.41,249.3,4.03,A,Normal,0
PCB_00047,LOT_20260301,SMD_Line_A,Mounter_02,FD_07,NZ_05,CHIP_1005,-20.44,-1.74,-0.972,142.03,74.36,-68.92,4.16,250.5,4.01,C,Normal,0
PCB_00048,LOT_20260301,SMD_Line_B,Mounter_02,FD_16,NZ_03,BGA_256,16.95,2.69,0.428,121.72,92.34,-72.94,3.65,248.0,4.25,A,Normal,0
PCB_00049,LOT_20260301,SMD_Line_B,Mounter_04,FD_21,NZ_08,CAP_3216,13.16,-15.14,-0.034,91.05,100.47,,4.55,252.9,4.28,A,Normal,0
PCB_00050,LOT_20260301,SMD_Line_A,Mounter_02,FD_19,NZ_05,CHIP_1005,-5.91,-10.75,0.235,132.99,97.08,-68.56,1.68,250.9,4.14,A,Normal,0
PCB_00051,LOT_20260301,SMD_Line_C,Mounter_04,FD_15,NZ_08,IC_QFP_48,3.27,19.24,0.279,106.55,95.51,-68.54,3.29,248.3,4.25,A,Normal,0
PCB_00052,LOT_20260301,SMD_Line_C,Mounter_03,FD_22,NZ_05,CHIP_0603,0.48,-7.76,0.053,147.17,94.48,-71.49,3.18,248.2,4.19,A,Normal,0
PCB_00053,LOT_20260301,SMD_Line_C,Mounter_02,FD_11,NZ_03,CHIP_0603,-7.65,-2.4,-0.176,125.63,100.68,-68.47,2.83,242.5,3.47,A,Normal,0
PCB_00054,LOT_20260301,SMD_Line_C,Mounter_02,FD_01,NZ_05,IC_QFP_48,1.54,2.8,0.498,131.18,87.43,-69.34,3.79,239.1,4.27,A,Normal,0
PCB_00055,LOT_20260301,SMD_Line_B,Mounter_01,FD_21,NZ_01,CHIP_1005,-5.53,-12.63,-0.772,137.8,97.06,-78.78,3.01,242.0,3.76,A,Normal,0
PCB_00056,LOT_20260301,SMD_Line_C,Mounter_02,FD_07,NZ_06,CHIP_1005,12.25,15.96,0.586,131.57,95.11,-75.05,4.06,248.5,4.3,A,Normal,0
PCB_00057,LOT_20260301,SMD_Line_A,Mounter_02,FD_20,NZ_08,CHIP_0603,-2.64,0.09,-0.505,121.13,85.01,-75.26,2.64,243.7,4.44,A,Normal,0
PCB_00058,LOT_20260301,SMD_Line_A,Mounter_01,FD_08,NZ_04,CHIP_1005,29.88,-2.79,-0.147,146.94,97.82,-74.72,2.05,247.6,4.79,B,Normal,0
PCB_00059,LOT_20260301,SMD_Line_A,Mounter_01,FD_10,NZ_07,CHIP_0603,-0.97,12.6,0.644,128.37,76.17,-72.9,2.75,237.3,4.18,B,Normal,0
PCB_00060,LOT_20260301,SMD_Line_A,Mounter_03,FD_05,NZ_03,CHIP_1005,1.41,10.76,1.003,113.14,,-70.19,3.54,247.2,3.88,A,Normal,0
PCB_00061,LOT_20260301,SMD_Line_A,Mounter_02,FD_09,NZ_08,CHIP_0603,6.6,23.21,0.082,135.32,104.04,-67.89,3.8,241.4,4.62,A,Normal,0
PCB_00062,LOT_20260301,SMD_Line_A,Mounter_03,FD_01,NZ_06,CHIP_0603,10.46,-5.16,-0.61,128.79,104.94,-69.88,2.63,241.9,4.23,A,Normal,0
PCB_00063,LOT_20260301,SMD_Line_C,Mounter_03,FD_02,NZ_02,CHIP_0603,0.97,25.88,0.384,129.66,100.16,-67.66,3.51,252.0,5.18,A,Normal,0
PCB_00064,LOT_20260301,SMD_Line_A,Mounter_01,FD_19,NZ_08,CHIP_0603,6.33,7.62,-0.018,131.89,102.7,-75.7,3.41,254.0,3.49,A,Normal,0
PCB_00065,LOT_20260301,SMD_Line_A,Mounter_04,FD_14,NZ_01,BGA_256,2.29,19.95,-0.478,130.84,107.44,-73.76,3.32,240.5,3.91,F,Tombstone,1
PCB_00066,LOT_20260301,SMD_Line_B,Mounter_03,FD_20,NZ_04,CHIP_0603,-9.73,11.63,0.099,151.86,101.26,-72.91,4.25,244.0,3.84,A,Normal,0
PCB_00067,LOT_20260301,SMD_Line_A,Mounter_04,FD_10,NZ_01,CHIP_0603,-13.1,-7.58,-0.589,117.98,114.12,-74.34,3.03,244.5,5.12,A,Normal,0
PCB_00068,LOT_20260301,SMD_Line_C,Mounter_02,FD_09,NZ_08,CHIP_1005,8.74,-9.84,0.088,98.79,74.54,-75.93,2.64,248.1,4.43,B,Normal,0
PCB_00069,LOT_20260301,SMD_Line_A,Mounter_01,FD_10,NZ_01,CHIP_1005,18.97,-21.29,-0.414,130.01,109.9,,3.25,243.0,3.26,B,Normal,0
PCB_00070,LOT_20260301,SMD_Line_C,Mounter_02,FD_06,NZ_02,CHIP_0603,-20.39,-23.72,-0.886,142.48,73.9,-74.46,3.1,241.6,3.3,C,Normal,0
PCB_00071,LOT_20260301,SMD_Line_C,Mounter_02,FD_17,NZ_04,CHIP_0603,-17.93,-7.22,-0.748,106.54,92.48,-69.18,3.74,246.2,4.63,A,Normal,0
PCB_00072,LOT_20260301,SMD_Line_A,Mounter_01,FD_06,NZ_07,CAP_3216,-18.05,14.95,-0.273,135.47,108.77,-76.28,3.2,245.3,3.67,A,Normal,0
PCB_00073,LOT_20260301,SMD_Line_A,Mounter_02,FD_04,NZ_01,IC_QFP_48,9.69,-5.88,0.226,108.9,,-68.98,3.35,248.6,4.2,A,Normal,0
PCB_00074,LOT_20260301,SMD_Line_C,Mounter_01,FD_20,NZ_02,CHIP_1005,10.73,-7.98,0.564,142.66,88.36,-71.25,3.03,242.1,4.1,A,Normal,0
PCB_00075,LOT_20260301,SMD_Line_B,Mounter_04,FD_03,NZ_03,CHIP_1005,-12.2,8.26,0.642,130.16,99.42,-71.25,1.83,244.1,5.19,A,Normal,0
PCB_00076,LOT_20260301,SMD_Line_B,Mounter_02,FD_23,NZ_02,CHIP_0603,27.57,-10.17,-0.68,116.8,92.86,-71.15,3.31,248.3,4.08,F,Tombstone,1
PCB_00077,LOT_20260301,SMD_Line_C,Mounter_01,FD_19,NZ_05,CHIP_0603,-4.81,21.72,-0.101,105.95,110.17,-72.28,3.91,244.7,3.99,A,Normal,0
PCB_00078,LOT_20260301,SMD_Line_A,Mounter_03,FD_18,NZ_08,CHIP_1005,17.95,-3.09,-0.275,162.72,99.07,-72.22,3.55,237.9,4.48,A,Normal,0
PCB_00079,LOT_20260301,SMD_Line_A,Mounter_02,FD_24,NZ_06,BGA_256,10.11,10.98,-0.048,164.58,92.22,-72.95,2.29,251.8,4.76,A,Normal,0
PCB_00080,LOT_20260301,SMD_Line_A,Mounter_04,FD_04,NZ_08,CHIP_0603,-11.98,-2.36,0.635,113.81,,-70.95,3.0,244.6,4.26,A,Normal,0
PCB_00081,LOT_20260301,SMD_Line_C,Mounter_01,FD_08,NZ_08,BGA_256,-5.23,0.29,0.073,113.46,106.95,-70.07,3.05,244.7,3.05,A,Normal,0
PCB_00082,LOT_20260301,SMD_Line_B,Mounter_02,FD_17,NZ_02,CHIP_0603,-10.91,13.3,0.39,131.19,,-73.58,3.53,255.6,4.6,A,Normal,0
PCB_00083,LOT_20260301,SMD_Line_A,Mounter_02,FD_05,NZ_02,CHIP_0603,-16.8,2.71,0.995,124.22,107.84,-67.14,3.29,253.9,3.52,B,Normal,0
PCB_00084,LOT_20260301,SMD_Line_A,Mounter_02,FD_13,NZ_02,CHIP_0603,-3.17,17.63,-0.704,125.11,,-73.28,1.39,249.0,3.43,A,Normal,0
PCB_00085,LOT_20260301,SMD_Line_A,Mounter_04,FD_01,NZ_08,CHIP_0603,-14.98,-9.24,-0.214,134.26,75.03,-74.46,2.58,240.4,3.95,F,Tombstone,1
PCB_00086,LOT_20260301,SMD_Line_A,Mounter_01,FD_13,NZ_07,CAP_3216,-2.19,-15.33,0.257,158.77,114.47,-72.53,2.98,250.8,4.26,A,Normal,0
PCB_00087,LOT_20260301,SMD_Line_B,Mounter_03,FD_04,NZ_01,CHIP_1005,24.16,-20.64,0.12,150.43,117.18,-74.68,2.81,237.6,4.93,F,Tombstone,1
PCB_00088,LOT_20260301,SMD_Line_B,Mounter_03,FD_22,NZ_07,CHIP_0603,8.71,14.81,0.472,125.2,105.39,-70.37,3.08,245.6,3.18,A,Normal,0
PCB_00089,LOT_20260301,SMD_Line_C,Mounter_03,FD_24,NZ_04,CAP_3216,-6.96,10.64,-0.173,140.83,96.25,-72.49,2.91,243.0,4.28,A,Normal,0
PCB_00090,LOT_20260301,SMD_Line_B,Mounter_01,FD_14,NZ_02,BGA_256,-7.98,-3.13,0.093,102.29,81.3,-69.43,3.06,242.1,4.94,A,Normal,0
PCB_00091,LOT_20260301,SMD_Line_A,Mounter_03,FD_03,NZ_02,IC_QFP_48,-5.01,3.53,-0.34,132.04,100.51,-72.21,3.67,246.0,4.15,A,Normal,0
PCB_00092,LOT_20260301,SMD_Line_B,Mounter_04,FD_05,NZ_05,CAP_3216,25.89,12.62,0.479,126.45,,-72.33,3.9,247.6,4.59,B,Normal,0
PCB_00093,LOT_20260301,SMD_Line_C,Mounter_01,FD_07,NZ_05,CHIP_0603,-13.6,-2.24,0.019,144.45,83.31,-73.43,3.1,248.3,4.54,A,Normal,0
PCB_00094,LOT_20260301,SMD_Line_B,Mounter_02,FD_01,NZ_03,BGA_256,-0.02,-20.77,0.632,139.33,92.12,-69.11,3.55,244.7,3.92,A,Normal,0
PCB_00095,LOT_20260301,SMD_Line_C,Mounter_04,FD_23,NZ_03,IC_QFP_48,5.82,-20.62,0.635,134.63,99.52,-72.85,3.45,244.1,4.5,A,Normal,0
PCB_00096,LOT_20260301,SMD_Line_B,Mounter_02,FD_12,NZ_05,BGA_256,15.19,-12.92,-0.577,136.9,103.23,-71.07,4.02,248.6,4.26,A,Normal,0
PCB_00097,LOT_20260301,SMD_Line_B,Mounter_03,FD_11,NZ_04,IC_QFP_48,-4.16,1.21,0.704,123.5,87.7,-68.34,3.6,248.7,4.04,A,Normal,0
PCB_00098,LOT_20260301,SMD_Line_B,Mounter_04,FD_24,NZ_03,CHIP_0603,-12.03,-11.11,0.419,144.51,71.44,-72.31,4.44,245.6,5.0,F,Tombstone,1
PCB_00099,LOT_20260301,SMD_Line_A,Mounter_01,FD_08,NZ_06,IC_QFP_48,3.62,12.2,-0.07,136.9,96.93,-72.35,3.62,241.4,4.11,A,Normal,0
PCB_00100,LOT_20260301,SMD_Line_A,Mounter_04,FD_06,NZ_06,CHIP_0603,16.43,-15.03,0.379,127.57,,-72.81,2.23,237.9,4.96,A,Normal,0
PCB_00101,LOT_20260301,SMD_Line_A,Mounter_02,FD_22,NZ_04,CHIP_0603,-3.41,-8.18,-0.229,131.48,94.76,-71.33,4.01,247.8,4.03,A,Normal,0
PCB_00102,LOT_20260301,SMD_Line_B,Mounter_01,FD_02,NZ_05,CHIP_0603,-10.49,-21.49,0.612,142.66,75.44,-69.18,3.75,249.1,4.14,B,Normal,0
PCB_00103,LOT_20260301,SMD_Line_A,Mounter_04,FD_19,NZ_03,CAP_3216,1.38,-5.25,0.045,144.08,96.15,-69.28,3.74,244.1,4.08,F,Tombstone,1
PCB_00104,LOT_20260301,SMD_Line_B,Mounter_04,FD_20,NZ_02,CHIP_0603,-20.29,0.08,0.4,124.87,104.47,-70.28,2.41,246.6,4.72,A,Normal,0
PCB_00105,LOT_20260301,SMD_Line_C,Mounter_04,FD_20,NZ_05,CHIP_1005,-2.73,12.72,-0.284,116.59,94.68,-67.77,3.86,250.5,3.77,A,Normal,0
PCB_00106,LOT_20260301,SMD_Line_A,Mounter_04,FD_24,NZ_03,CHIP_1005,14.73,1.42,0.127,123.17,101.24,-71.71,3.79,253.4,4.43,A,Normal,0
PCB_00107,LOT_20260301,SMD_Line_B,Mounter_01,FD_14,NZ_04,CAP_3216,10.94,8.74,0.399,123.94,96.47,-67.08,2.36,243.3,4.4,A,Normal,0
PCB_00108,LOT_20260301,SMD_Line_C,Mounter_02,FD_01,NZ_06,CHIP_0603,-1.8,11.86,0.138,131.85,76.35,-68.33,3.63,244.6,4.4,B,Normal,0
PCB_00109,LOT_20260301,SMD_Line_A,Mounter_04,FD_10,NZ_08,IC_QFP_48,20.74,4.63,0.253,147.96,100.97,-74.29,3.38,246.9,5.22,A,Normal,0
PCB_00110,LOT_20260301,SMD_Line_A,Mounter_01,FD_16,NZ_04,BGA_256,23.87,-10.58,-0.342,122.94,90.59,,3.21,239.9,4.09,A,Normal,0
PCB_00111,LOT_20260301,SMD_Line_A,Mounter_02,FD_04,NZ_08,CHIP_1005,8.3,4.77,0.137,135.82,84.1,-78.5,3.15,236.0,5.57,A,Normal,0
PCB_00112,LOT_20260301,SMD_Line_A,Mounter_04,FD_11,NZ_03,CHIP_1005,-18.35,17.56,-0.34,127.24,108.14,-67.79,2.06,239.4,4.76,A,Normal,0
PCB_00113,LOT_20260301,SMD_Line_C,Mounter_02,FD_16,NZ_04,IC_QFP_48,-23.5,-3.72,-0.008,130.29,103.23,-72.25,3.16,243.8,3.48,A,Normal,0
PCB_00114,LOT_20260301,SMD_Line_C,Mounter_02,FD_20,NZ_03,CAP_3216,17.29,6.54,-0.222,134.54,92.65,,3.67,242.0,3.63,A,Normal,0
PCB_00115,LOT_20260301,SMD_Line_B,Mounter_01,FD_01,NZ_03,IC_QFP_48,3.06,6.24,-0.092,148.02,,-78.12,2.71,241.6,4.71,A,Normal,0
PCB_00116,LOT_20260301,SMD_Line_C,Mounter_02,FD_16,NZ_08,CHIP_0603,20.44,-4.35,-0.788,133.71,101.93,-72.47,3.17,245.2,3.83,A,Normal,0
PCB_00117,LOT_20260301,SMD_Line_C,Mounter_01,FD_19,NZ_04,BGA_256,-16.73,11.06,0.012,91.28,79.62,-67.75,2.89,244.9,4.32,B,Normal,0
PCB_00118,LOT_20260301,SMD_Line_A,Mounter_04,FD_21,NZ_01,CHIP_1005,-2.01,-4.54,-0.048,127.01,86.31,-71.15,2.94,241.8,3.85,F,Tombstone,1
PCB_00119,LOT_20260301,SMD_Line_C,Mounter_02,FD_22,NZ_02,CHIP_1005,12.86,5.35,-0.682,153.54,86.89,-73.39,2.1,238.2,3.97,A,Normal,0
PCB_00120,LOT_20260301,SMD_Line_B,Mounter_02,FD_09,NZ_05,BGA_256,-9.12,-2.82,0.154,147.13,105.97,-72.66,3.6,246.7,4.07,A,Normal,0
PCB_00121,LOT_20260301,SMD_Line_C,Mounter_03,FD_09,NZ_06,CHIP_0603,12.68,0.51,0.372,141.86,118.79,-67.35,3.21,249.4,4.69,A,Normal,0
PCB_00122,LOT_20260301,SMD_Line_C,Mounter_04,FD_09,NZ_02,IC_QFP_48,-1.53,11.02,0.142,147.69,107.09,-69.55,2.71,242.4,4.09,A,Normal,0
PCB_00123,LOT_20260301,SMD_Line_A,Mounter_04,FD_17,NZ_05,CHIP_1005,0.35,-22.97,0.354,142.36,101.41,-72.15,3.92,243.4,4.91,A,Normal,0
PCB_00124,LOT_20260301,SMD_Line_A,Mounter_03,FD_12,NZ_05,BGA_256,-14.8,7.28,-0.237,147.4,87.67,-68.73,3.71,248.4,3.71,A,Normal,0
PCB_00125,LOT_20260301,SMD_Line_A,Mounter_03,FD_13,NZ_06,CHIP_0603,3.14,8.34,-0.096,113.24,108.89,-69.22,3.16,249.4,4.6,A,Normal,0
PCB_00126,LOT_20260301,SMD_Line_B,Mounter_01,FD_08,NZ_02,CHIP_1005,27.41,-6.78,0.033,129.1,95.65,-75.11,3.95,243.1,4.31,A,Normal,0
PCB_00127,LOT_20260301,SMD_Line_C,Mounter_01,FD_16,NZ_06,BGA_256,4.85,-0.37,0.066,132.21,87.86,-73.21,4.15,244.6,3.58,A,Normal,0
PCB_00128,LOT_20260301,SMD_Line_C,Mounter_02,FD_18,NZ_03,CHIP_0603,-9.9,-11.52,-1.057,130.81,108.67,-67.03,2.64,251.2,3.91,B,Normal,0
PCB_00129,LOT_20260301,SMD_Line_A,Mounter_02,FD_01,NZ_06,CHIP_0603,17.44,-9.43,-0.414,121.34,115.96,-69.63,2.53,248.7,4.14,A,Normal,0
PCB_00130,LOT_20260301,SMD_Line_B,Mounter_02,FD_01,NZ_08,CAP_3216,-9.52,3.2,0.451,132.19,108.86,-65.8,1.86,240.2,4.82,A,Normal,0
PCB_00131,LOT_20260301,SMD_Line_B,Mounter_02,FD_12,NZ_08,CHIP_0603,21.51,30.98,-0.352,104.5,128.54,-69.9,2.77,237.8,4.14,F,Tombstone,1
PCB_00132,LOT_20260301,SMD_Line_A,Mounter_01,FD_06,NZ_04,CAP_3216,-15.94,7.83,-0.111,136.8,90.9,-74.48,2.97,243.8,5.23,A,Normal,0
PCB_00133,LOT_20260301,SMD_Line_A,Mounter_04,FD_09,NZ_01,CHIP_0603,3.41,-10.01,-0.023,119.89,94.37,-72.07,2.22,240.9,4.04,A,Normal,0
PCB_00134,LOT_20260301,SMD_Line_A,Mounter_02,FD_23,NZ_01,CHIP_1005,19.08,9.15,-0.603,97.36,,-69.24,2.7,247.0,4.25,A,Normal,0
PCB_00135,LOT_20260301,SMD_Line_C,Mounter_04,FD_05,NZ_01,IC_QFP_48,-10.84,6.85,0.711,130.25,89.36,-72.03,3.64,248.0,4.86,A,Normal,0
PCB_00136,LOT_20260301,SMD_Line_A,Mounter_02,FD_16,NZ_02,IC_QFP_48,1.04,-20.38,-0.014,153.22,116.77,-71.79,3.36,246.1,3.57,A,Normal,0
PCB_00137,LOT_20260301,SMD_Line_B,Mounter_03,FD_18,NZ_08,CHIP_1005,14.47,-3.73,-0.385,101.49,86.7,-64.88,2.74,241.6,4.8,A,Normal,0
PCB_00138,LOT_20260301,SMD_Line_B,Mounter_02,FD_17,NZ_02,CHIP_1005,-28.19,-1.68,0.292,126.35,93.43,-72.83,3.94,239.7,3.87,B,Normal,0
PCB_00139,LOT_20260301,SMD_Line_A,Mounter_02,FD_18,NZ_03,BGA_256,11.59,1.39,-0.134,105.67,115.13,-70.87,2.39,247.8,4.08,A,Normal,0
PCB_00140,LOT_20260301,SMD_Line_C,Mounter_02,FD_01,NZ_07,CHIP_0603,-1.1,-0.37,0.026,133.86,104.63,-71.09,3.5,248.5,4.33,A,Normal,0
PCB_00141,LOT_20260301,SMD_Line_C,Mounter_01,FD_19,NZ_01,CHIP_1005,18.02,1.74,0.634,143.07,87.81,-68.8,3.06,249.7,3.8,F,Tombstone,1
PCB_00142,LOT_20260301,SMD_Line_A,Mounter_03,FD_22,NZ_03,CHIP_0603,-10.34,-11.03,-0.244,117.86,,-71.09,3.26,243.8,5.53,A,Normal,0
PCB_00143,LOT_20260301,SMD_Line_B,Mounter_02,FD_08,NZ_08,CHIP_1005,-17.33,-3.84,0.514,123.65,79.62,-71.55,3.38,244.6,4.31,B,Normal,0
PCB_00144,LOT_20260301,SMD_Line_A,Mounter_02,FD_03,NZ_07,CHIP_0603,-6.79,-3.14,-0.154,127.77,97.59,,3.92,248.4,4.27,A,Normal,0
PCB_00145,LOT_20260301,SMD_Line_A,Mounter_04,FD_05,NZ_01,CHIP_0603,-7.05,13.69,0.031,148.59,100.92,-72.36,3.63,245.0,3.91,A,Normal,0
PCB_00146,LOT_20260301,SMD_Line_A,Mounter_03,FD_23,NZ_02,CHIP_1005,-2.58,-8.23,0.136,109.03,101.69,-69.43,3.86,242.6,3.53,A,Normal,0
PCB_00147,LOT_20260301,SMD_Line_B,Mounter_02,FD_08,NZ_07,CHIP_0603,-5.86,-2.88,-0.155,123.19,122.53,-76.5,2.59,241.5,4.77,A,Normal,0
PCB_00148,LOT_20260301,SMD_Line_B,Mounter_04,FD_19,NZ_04,CHIP_0603,-25.1,-4.2,-0.458,153.56,108.92,-71.99,3.03,248.0,4.06,A,Normal,0
PCB_00149,LOT_20260301,SMD_Line_A,Mounter_04,FD_18,NZ_04,IC_QFP_48,-1.19,18.73,0.204,119.09,85.95,-72.34,2.63,243.8,4.37,F,Tombstone,1
PCB_00150,LOT_20260301,SMD_Line_A,Mounter_01,FD_18,NZ_04,CHIP_1005,2.9,7.85,0.505,124.08,101.3,-72.25,2.42,242.7,3.71,A,Normal,0
PCB_00151,LOT_20260301,SMD_Line_C,Mounter_04,FD_21,NZ_06,BGA_256,-2.42,-11.02,0.282,132.7,99.22,,3.74,246.9,4.61,A,Normal,0
PCB_00152,LOT_20260301,SMD_Line_A,Mounter_02,FD_01,NZ_04,IC_QFP_48,3.59,4.69,0.269,164.91,122.39,-73.24,2.03,242.0,4.04,A,Normal,0
PCB_00153,LOT_20260301,SMD_Line_A,Mounter_01,FD_15,NZ_05,CHIP_0603,1.06,-11.94,-0.206,113.24,94.7,-75.04,2.85,242.6,3.37,A,Normal,0
PCB_00154,LOT_20260301,SMD_Line_B,Mounter_01,FD_18,NZ_01,CHIP_1005,-17.27,3.07,0.31,141.33,101.56,-68.2,2.87,245.2,4.06,A,Normal,0
PCB_00155,LOT_20260301,SMD_Line_C,Mounter_02,FD_07,NZ_04,CHIP_0603,-3.76,16.12,0.161,112.18,103.2,-75.03,3.07,243.0,4.59,A,Normal,0
PCB_00156,LOT_20260301,SMD_Line_A,Mounter_03,FD_16,NZ_07,IC_QFP_48,1.42,-23.08,0.388,114.89,87.16,,2.51,250.9,4.49,A,Normal,0
PCB_00157,LOT_20260301,SMD_Line_B,Mounter_04,FD_16,NZ_08,CAP_3216,-2.96,-11.9,0.044,122.3,81.71,-69.64,2.76,247.2,4.39,F,Tombstone,1
PCB_00158,LOT_20260301,SMD_Line_C,Mounter_01,FD_15,NZ_05,CHIP_1005,-18.66,1.84,0.269,136.97,97.28,-74.08,4.32,245.5,4.18,A,Normal,0
PCB_00159,LOT_20260301,SMD_Line_A,Mounter_03,FD_06,NZ_05,IC_QFP_48,15.29,-4.67,-0.217,121.75,108.0,-74.98,3.04,250.9,4.22,A,Normal,0
PCB_00160,LOT_20260301,SMD_Line_B,Mounter_02,FD_09,NZ_05,CHIP_0603,-12.15,2.52,0.313,131.99,84.24,-72.99,2.67,245.3,3.92,A,Normal,0
PCB_00161,LOT_20260301,SMD_Line_A,Mounter_04,FD_07,NZ_03,CHIP_1005,-15.53,-0.98,-0.567,119.24,98.8,-73.39,3.34,249.5,4.78,A,Normal,0
PCB_00162,LOT_20260301,SMD_Line_B,Mounter_04,FD_14,NZ_07,BGA_256,0.51,-19.83,-0.151,131.22,91.97,-75.44,3.25,240.8,4.17,A,Normal,0
PCB_00163,LOT_20260301,SMD_Line_B,Mounter_01,FD_11,NZ_03,CHIP_0603,-3.95,7.34,-0.314,110.53,76.77,-73.04,4.35,242.3,3.94,B,Normal,0
PCB_00164,LOT_20260301,SMD_Line_B,Mounter_04,FD_21,NZ_05,CHIP_0603,7.52,-15.75,1.578,110.91,102.8,-70.91,3.04,241.0,5.1,C,Normal,0
PCB_00165,LOT_20260301,SMD_Line_A,Mounter_04,FD_16,NZ_06,CHIP_1005,10.91,2.43,0.293,122.3,104.91,-76.17,3.49,247.1,4.82,A,Normal,0
PCB_00166,LOT_20260301,SMD_Line_C,Mounter_04,FD_06,NZ_04,IC_QFP_48,9.01,-5.36,-0.488,139.17,,-72.68,2.48,238.5,4.25,A,Normal,0
PCB_00167,LOT_20260301,SMD_Line_A,Mounter_04,FD_22,NZ_08,CHIP_1005,-0.02,28.33,-0.615,132.91,109.4,-73.84,2.77,246.3,4.02,B,Normal,0
PCB_00168,LOT_20260301,SMD_Line_A,Mounter_02,FD_16,NZ_01,CAP_3216,6.92,-1.43,-0.786,118.38,98.81,-71.67,2.83,242.9,4.04,A,Normal,0
PCB_00169,LOT_20260301,SMD_Line_A,Mounter_03,FD_20,NZ_07,CHIP_0603,-19.5,4.14,-0.513,113.03,104.81,-65.4,2.31,245.5,3.72,A,Normal,0
PCB_00170,LOT_20260301,SMD_Line_B,Mounter_02,FD_16,NZ_06,CHIP_1005,13.68,6.54,-0.382,145.51,,-77.3,3.23,244.9,4.68,A,Normal,0
PCB_00171,LOT_20260301,SMD_Line_B,Mounter_02,FD_12,NZ_02,IC_QFP_48,-5.06,3.98,-0.439,150.45,69.12,-72.37,3.35,247.3,5.12,B,Normal,0
PCB_00172,LOT_20260301,SMD_Line_A,Mounter_01,FD_17,NZ_03,CHIP_0603,24.62,-0.31,-0.21,137.62,82.0,-71.02,3.28,254.4,4.49,F,Tombstone,1
PCB_00173,LOT_20260301,SMD_Line_B,Mounter_04,FD_05,NZ_04,IC_QFP_48,14.06,-11.69,0.376,135.33,,-73.78,2.23,253.5,4.98,A,Normal,0
PCB_00174,LOT_20260301,SMD_Line_A,Mounter_02,FD_13,NZ_04,CHIP_0603,-2.47,-1.32,-0.09,97.93,,-70.71,2.62,248.4,4.63,A,Normal,0
PCB_00175,LOT_20260301,SMD_Line_B,Mounter_04,FD_08,NZ_02,CHIP_0603,0.27,-22.02,0.321,138.9,103.21,-77.11,2.96,243.6,3.47,A,Normal,0
PCB_00176,LOT_20260301,SMD_Line_A,Mounter_02,FD_24,NZ_02,CHIP_0603,14.8,5.75,-0.479,153.83,107.83,-73.23,2.5,245.8,4.93,A,Normal,0
PCB_00177,LOT_20260301,SMD_Line_B,Mounter_02,FD_05,NZ_07,CAP_3216,-28.25,34.46,-0.172,146.08,108.1,-81.34,1.98,243.3,4.09,F,Tombstone,1
PCB_00178,LOT_20260301,SMD_Line_A,Mounter_01,FD_12,NZ_04,CHIP_1005,-2.0,2.08,-0.422,145.27,102.23,-72.85,3.77,241.9,4.31,A,Normal,0
PCB_00179,LOT_20260301,SMD_Line_C,Mounter_03,FD_09,NZ_02,IC_QFP_48,21.27,4.01,0.199,105.17,105.91,-76.31,4.11,236.8,3.75,A,Normal,0
PCB_00180,LOT_20260301,SMD_Line_A,Mounter_03,FD_03,NZ_04,CHIP_0603,10.56,-18.31,-0.082,119.44,118.4,-70.9,3.89,244.0,3.32,B,Normal,0
PCB_00181,LOT_20260301,SMD_Line_A,Mounter_02,FD_03,NZ_06,CHIP_1005,-10.47,-9.63,0.798,127.83,104.93,,3.38,246.2,3.89,A,Normal,0
PCB_00182,LOT_20260301,SMD_Line_A,Mounter_01,FD_01,NZ_07,CHIP_1005,3.93,10.56,-0.302,119.33,99.6,-71.03,2.84,247.6,4.34,A,Normal,0
PCB_00183,LOT_20260301,SMD_Line_C,Mounter_04,FD_22,NZ_08,CAP_3216,-12.21,-17.08,-0.468,112.6,,-72.26,4.5,245.5,4.26,A,Normal,0
PCB_00184,LOT_20260301,SMD_Line_C,Mounter_04,FD_18,NZ_02,IC_QFP_48,-4.27,-8.59,0.134,136.29,109.79,-73.82,3.84,242.1,4.6,A,Normal,0
PCB_00185,LOT_20260301,SMD_Line_A,Mounter_02,FD_24,NZ_06,IC_QFP_48,4.17,6.7,-0.079,144.95,118.59,-72.98,2.71,242.9,4.35,A,Normal,0
PCB_00186,LOT_20260301,SMD_Line_B,Mounter_03,FD_12,NZ_06,CHIP_0603,6.37,9.55,0.226,109.05,86.86,-72.93,4.11,248.9,4.28,A,Normal,0
PCB_00187,LOT_20260301,SMD_Line_C,Mounter_01,FD_09,NZ_02,CHIP_1005,9.12,-1.29,-0.028,145.57,80.33,-71.94,3.3,237.8,3.93,A,Normal,0
PCB_00188,LOT_20260301,SMD_Line_B,Mounter_03,FD_09,NZ_07,CHIP_1005,15.42,1.45,-0.063,133.35,102.49,-70.33,3.99,242.9,5.21,A,Normal,0
PCB_00189,LOT_20260301,SMD_Line_B,Mounter_04,FD_18,NZ_04,CAP_3216,-14.92,1.42,-0.301,154.35,82.66,-74.69,4.16,245.1,5.18,A,Normal,0
PCB_00190,LOT_20260301,SMD_Line_A,Mounter_03,FD_18,NZ_08,CHIP_0603,0.3,-14.55,-0.121,141.92,97.01,-67.98,2.8,243.3,4.33,A,Normal,0
PCB_00191,LOT_20260301,SMD_Line_A,Mounter_04,FD_07,NZ_05,CHIP_0603,-10.63,-0.87,-0.688,131.95,121.73,-72.75,3.12,238.6,3.51,B,Normal,0
PCB_00192,LOT_20260301,SMD_Line_C,Mounter_01,FD_04,NZ_04,CHIP_1005,-4.99,2.85,0.539,132.07,100.04,-71.95,3.35,248.9,4.38,F,Tombstone,1
PCB_00193,LOT_20260301,SMD_Line_C,Mounter_01,FD_13,NZ_01,CHIP_0603,-9.43,-1.04,0.571,130.03,100.17,-67.5,3.26,249.9,3.57,A,Normal,0
PCB_00194,LOT_20260301,SMD_Line_B,Mounter_02,FD_17,NZ_02,CHIP_0603,6.24,-22.72,0.422,157.28,95.19,-79.45,2.58,240.9,3.5,A,Normal,0
PCB_00195,LOT_20260301,SMD_Line_A,Mounter_02,FD_24,NZ_03,BGA_256,13.16,18.12,-0.206,139.18,118.06,-80.91,3.27,231.5,4.7,B,Normal,0
PCB_00196,LOT_20260301,SMD_Line_A,Mounter_03,FD_02,NZ_07,CHIP_1005,13.84,-12.9,-0.283,124.48,105.08,-70.64,3.02,253.4,3.77,A,Normal,0
PCB_00197,LOT_20260301,SMD_Line_B,Mounter_01,FD_14,NZ_02,BGA_256,-13.81,0.85,0.225,138.54,94.38,-71.97,3.03,243.3,3.95,A,Normal,0
PCB_00198,LOT_20260301,SMD_Line_C,Mounter_01,FD_03,NZ_01,BGA_256,-1.54,3.8,-0.428,136.99,117.76,-66.8,2.26,240.9,4.66,A,Normal,0
PCB_00199,LOT_20260301,SMD_Line_C,Mounter_02,FD_05,NZ_06,CHIP_0603,-14.16,-5.37,0.511,123.66,102.22,-75.94,3.06,244.5,4.44,A,Normal,0
PCB_00200,LOT_20260301,SMD_Line_C,Mounter_04,FD_14,NZ_03,CHIP_1005,-14.58,2.89,-1.071,117.7,95.02,-70.3,4.49,246.3,4.55,B,Normal,0
PCB_00201,LOT_20260301,SMD_Line_B,Mounter_03,FD_03,NZ_03,CHIP_0603,-8.27,-9.15,-0.203,147.73,74.94,-73.26,3.47,242.4,5.1,B,Normal,0
PCB_00202,LOT_20260301,SMD_Line_A,Mounter_03,FD_23,NZ_04,CAP_3216,4.29,25.34,-0.479,126.06,101.65,-68.68,3.01,245.5,3.93,F,Tombstone,1
PCB_00203,LOT_20260301,SMD_Line_A,Mounter_02,FD_07,NZ_05,CHIP_1005,6.49,-3.07,0.561,125.22,94.58,-79.65,3.52,244.5,4.37,A,Normal,0
PCB_00204,LOT_20260301,SMD_Line_C,Mounter_01,FD_18,NZ_04,CHIP_1005,8.18,10.61,0.483,138.73,96.22,,4.05,242.1,4.95,A,Normal,0
PCB_00205,LOT_20260301,SMD_Line_B,Mounter_02,FD_13,NZ_07,CHIP_0603,7.4,-12.89,0.254,122.23,95.55,-69.45,2.77,238.1,3.74,A,Normal,0
PCB_00206,LOT_20260301,SMD_Line_A,Mounter_02,FD_23,NZ_03,CHIP_1005,-10.6,8.51,0.862,133.43,,-74.78,4.21,250.6,4.13,A,Normal,0
PCB_00207,LOT_20260301,SMD_Line_A,Mounter_02,FD_22,NZ_08,CHIP_0603,14.78,-8.46,0.005,124.3,130.77,-72.19,2.56,247.4,4.63,F,Solder_Bridge,1
PCB_00208,LOT_20260301,SMD_Line_B,Mounter_02,FD_10,NZ_08,CHIP_1005,10.04,-16.44,0.284,91.31,91.67,-71.83,2.97,241.8,3.58,A,Normal,0
PCB_00209,LOT_20260301,SMD_Line_A,Mounter_04,FD_13,NZ_03,IC_QFP_48,-5.16,-12.57,-0.719,135.8,108.02,-70.82,2.91,246.7,4.32,A,Normal,0
PCB_00210,LOT_20260301,SMD_Line_A,Mounter_04,FD_16,NZ_08,BGA_256,-4.69,-10.01,-0.144,133.93,,,3.93,241.3,4.06,A,Normal,0
PCB_00211,LOT_20260301,SMD_Line_B,Mounter_01,FD_09,NZ_08,CHIP_0603,-8.22,1.32,0.05,135.31,67.15,-73.7,2.54,244.8,3.75,F,Insufficient_Solder,1
PCB_00212,LOT_20260301,SMD_Line_B,Mounter_02,FD_02,NZ_05,CHIP_1005,-16.15,33.93,-0.413,98.87,98.22,-70.27,3.84,247.5,4.8,B,Normal,0
PCB_00213,LOT_20260301,SMD_Line_B,Mounter_04,FD_23,NZ_07,BGA_256,8.33,32.28,0.115,109.74,101.43,-69.4,3.09,246.9,4.66,B,Normal,0
PCB_00214,LOT_20260301,SMD_Line_A,Mounter_01,FD_05,NZ_02,CHIP_0603,10.28,-3.8,-0.886,147.44,93.46,-71.4,3.28,243.3,4.47,A,Normal,0
PCB_00215,LOT_20260301,SMD_Line_B,Mounter_02,FD_22,NZ_05,BGA_256,-11.58,11.32,0.225,131.11,117.41,-73.2,3.91,248.4,4.55,A,Normal,0
PCB_00216,LOT_20260301,SMD_Line_A,Mounter_03,FD_17,NZ_06,CHIP_0603,-15.4,-14.79,-0.196,101.6,121.5,-71.67,3.49,245.0,4.0,B,Normal,0
PCB_00217,LOT_20260301,SMD_Line_A,Mounter_04,FD_23,NZ_04,IC_QFP_48,-11.71,-24.83,-0.354,131.27,,-69.05,3.97,242.8,4.23,A,Normal,0
PCB_00218,LOT_20260301,SMD_Line_B,Mounter_01,FD_22,NZ_08,CHIP_1005,1.38,0.36,0.335,106.45,105.08,-71.29,3.83,252.0,3.79,A,Normal,0
PCB_00219,LOT_20260301,SMD_Line_B,Mounter_03,FD_04,NZ_02,CHIP_1005,-17.27,6.45,0.659,121.4,86.17,-76.13,4.77,240.3,4.59,A,Normal,0
PCB_00220,LOT_20260301,SMD_Line_C,Mounter_02,FD_17,NZ_04,BGA_256,14.1,9.24,0.401,133.8,86.12,-75.93,3.89,246.7,3.75,A,Normal,0
PCB_00221,LOT_20260301,SMD_Line_B,Mounter_02,FD_09,NZ_08,CHIP_0603,13.35,12.74,-0.365,133.83,,-71.87,3.27,251.0,3.95,A,Normal,0
PCB_00222,LOT_20260301,SMD_Line_B,Mounter_02,FD_20,NZ_05,CHIP_0603,5.3,-3.9,0.301,145.1,124.0,-77.81,3.24,237.9,3.69,B,Normal,0
PCB_00223,LOT_20260301,SMD_Line_A,Mounter_04,FD_02,NZ_02,CHIP_1005,10.12,0.85,-0.115,136.98,93.42,-69.23,4.24,251.9,4.31,A,Normal,0
PCB_00224,LOT_20260301,SMD_Line_A,Mounter_01,FD_24,NZ_05,BGA_256,0.73,9.69,0.508,137.92,115.8,-75.25,3.39,252.1,4.07,A,Normal,0
PCB_00225,LOT_20260301,SMD_Line_A,Mounter_03,FD_18,NZ_06,CHIP_0603,5.81,14.08,0.1,124.28,91.33,-76.05,3.52,243.0,4.4,A,Normal,0
PCB_00226,LOT_20260301,SMD_Line_A,Mounter_01,FD_21,NZ_01,BGA_256,-16.25,-10.7,-0.664,117.24,88.45,-66.09,3.93,246.2,3.87,A,Normal,0
PCB_00227,LOT_20260301,SMD_Line_C,Mounter_04,FD_22,NZ_03,CHIP_1005,17.38,2.49,-0.109,130.73,94.0,-73.79,3.02,241.9,3.82,A,Normal,0
PCB_00228,LOT_20260301,SMD_Line_A,Mounter_01,FD_11,NZ_07,CHIP_0603,-6.09,7.66,-0.371,145.3,93.69,-71.01,2.69,241.5,4.42,A,Normal,0
PCB_00229,LOT_20260301,SMD_Line_C,Mounter_04,FD_13,NZ_02,IC_QFP_48,-1.61,1.74,-0.35,142.39,91.29,-69.9,3.57,240.2,4.13,A,Normal,0
PCB_00230,LOT_20260301,SMD_Line_B,Mounter_02,FD_08,NZ_03,CHIP_0603,31.09,-7.34,-0.146,126.98,118.74,-66.92,2.94,252.1,5.62,F,Tombstone,1
PCB_00231,LOT_20260301,SMD_Line_C,Mounter_03,FD_01,NZ_01,CHIP_1005,-2.75,0.04,0.123,129.11,99.35,-74.08,4.14,244.0,4.53,A,Normal,0
PCB_00232,LOT_20260301,SMD_Line_B,Mounter_02,FD_17,NZ_02,CHIP_0603,9.24,6.25,0.409,116.46,97.61,-71.38,1.76,239.2,4.27,A,Normal,0
PCB_00233,LOT_20260301,SMD_Line_B,Mounter_01,FD_12,NZ_03,CHIP_1005,6.43,-8.98,-0.236,147.26,100.3,-72.42,2.93,249.4,4.85,A,Normal,0
PCB_00234,LOT_20260301,SMD_Line_B,Mounter_02,FD_04,NZ_03,CHIP_1005,-16.66,-14.13,0.546,154.23,110.98,-63.61,3.42,247.8,4.7,B,Normal,0
PCB_00235,LOT_20260301,SMD_Line_A,Mounter_03,FD_21,NZ_02,CHIP_1005,-12.5,24.3,-0.766,136.59,,-79.08,2.86,246.6,4.29,B,Normal,0
PCB_00236,LOT_20260301,SMD_Line_B,Mounter_02,FD_13,NZ_03,CHIP_1005,25.45,2.21,-0.377,105.46,103.67,-72.56,4.12,242.2,5.72,A,Normal,0
PCB_00237,LOT_20260301,SMD_Line_A,Mounter_03,FD_09,NZ_03,CHIP_1005,7.24,11.07,0.922,140.1,112.21,-72.06,3.4,243.3,4.78,B,Normal,0
PCB_00238,LOT_20260301,SMD_Line_A,Mounter_03,FD_07,NZ_02,CHIP_0603,-0.21,2.47,-0.514,154.82,87.17,,2.87,253.7,3.64,A,Normal,0
PCB_00239,LOT_20260301,SMD_Line_B,Mounter_02,FD_23,NZ_07,CHIP_1005,-6.7,12.39,0.563,113.22,89.95,-77.06,3.43,246.6,4.03,F,Tombstone,1
PCB_00240,LOT_20260301,SMD_Line_A,Mounter_04,FD_24,NZ_03,CAP_3216,4.0,0.93,-0.012,142.69,101.3,-78.49,2.43,242.8,3.3,A,Normal,0
PCB_00241,LOT_20260301,SMD_Line_C,Mounter_01,FD_05,NZ_03,BGA_256,5.19,6.93,-0.032,127.18,91.51,-77.39,3.59,248.1,3.47,A,Normal,0
PCB_00242,LOT_20260301,SMD_Line_C,Mounter_04,FD_05,NZ_07,CHIP_0603,2.83,-13.09,0.421,148.66,97.21,-68.98,4.07,248.5,5.69,A,Normal,0
PCB_00243,LOT_20260301,SMD_Line_C,Mounter_04,FD_17,NZ_04,CHIP_0603,13.36,-20.83,0.358,112.63,86.77,-72.06,3.19,252.6,4.88,B,Normal,0
PCB_00244,LOT_20260301,SMD_Line_A,Mounter_02,FD_09,NZ_06,CAP_3216,-10.84,-5.62,0.6,123.49,89.65,-78.16,3.28,245.3,3.36,A,Normal,0
PCB_00245,LOT_20260301,SMD_Line_A,Mounter_01,FD_06,NZ_04,CHIP_1005,-12.51,-16.82,-0.111,106.48,113.32,-66.99,2.6,248.1,4.2,F,Tombstone,1
PCB_00246,LOT_20260301,SMD_Line_C,Mounter_01,FD_19,NZ_08,CHIP_1005,13.04,-24.98,0.064,135.09,95.6,-65.13,2.82,247.2,4.02,A,Normal,0
PCB_00247,LOT_20260301,SMD_Line_B,Mounter_04,FD_16,NZ_01,IC_QFP_48,26.41,3.56,-0.113,138.3,94.49,,3.91,242.0,5.53,A,Normal,0
PCB_00248,LOT_20260301,SMD_Line_C,Mounter_02,FD_21,NZ_04,CHIP_0603,10.53,-20.88,-0.5,135.16,90.08,,3.21,239.3,3.02,A,Normal,0
PCB_00249,LOT_20260301,SMD_Line_C,Mounter_01,FD_02,NZ_04,CHIP_1005,16.22,11.2,0.077,122.26,89.38,-71.69,4.62,247.6,3.88,A,Normal,0
PCB_00250,LOT_20260301,SMD_Line_C,Mounter_04,FD_10,NZ_01,CAP_3216,-0.94,17.01,-0.074,123.41,87.55,-74.19,3.62,247.9,3.89,A,Normal,0
PCB_00251,LOT_20260301,SMD_Line_A,Mounter_01,FD_16,NZ_03,IC_QFP_48,3.33,-17.03,-0.842,125.09,84.51,-78.41,2.59,234.8,3.84,B,Normal,0
PCB_00252,LOT_20260301,SMD_Line_A,Mounter_02,FD_05,NZ_03,CHIP_0603,3.16,3.41,0.499,143.28,91.55,-75.79,4.66,247.2,4.33,A,Normal,0
PCB_00253,LOT_20260301,SMD_Line_C,Mounter_02,FD_15,NZ_04,CHIP_0603,-0.69,21.92,0.067,108.21,,-72.19,2.41,244.7,4.64,A,Normal,0
PCB_00254,LOT_20260301,SMD_Line_A,Mounter_02,FD_13,NZ_01,CHIP_0603,17.64,-5.57,-0.315,124.89,107.69,-69.99,3.04,246.8,3.94,F,Tombstone,1
PCB_00255,LOT_20260301,SMD_Line_A,Mounter_01,FD_13,NZ_03,IC_QFP_48,13.95,7.21,0.15,107.92,98.99,-72.81,3.38,243.0,4.16,A,Normal,0
PCB_00256,LOT_20260301,SMD_Line_B,Mounter_03,FD_13,NZ_05,CHIP_0603,-4.99,28.24,-0.236,123.86,87.91,-72.33,3.46,251.1,3.72,B,Normal,0
PCB_00257,LOT_20260301,SMD_Line_C,Mounter_01,FD_15,NZ_02,CHIP_0603,-20.57,-19.79,0.091,129.79,93.5,-71.85,2.9,249.3,3.76,A,Normal,0
PCB_00258,LOT_20260301,SMD_Line_B,Mounter_03,FD_14,NZ_02,CAP_3216,-0.79,-12.03,0.624,161.51,92.78,-71.63,3.28,239.2,4.41,A,Normal,0
PCB_00259,LOT_20260301,SMD_Line_B,Mounter_02,FD_08,NZ_06,CHIP_0603,-14.43,6.66,0.179,119.98,92.07,-74.05,4.07,240.9,4.49,A,Normal,0
PCB_00260,LOT_20260301,SMD_Line_A,Mounter_04,FD_11,NZ_02,CHIP_0603,0.3,25.63,-0.219,145.41,95.46,-70.55,4.08,245.3,3.28,A,Normal,0
PCB_00261,LOT_20260301,SMD_Line_B,Mounter_03,FD_18,NZ_04,CHIP_0603,-13.45,-8.39,-0.464,104.34,,-75.89,4.37,242.4,3.84,A,Normal,0
PCB_00262,LOT_20260301,SMD_Line_C,Mounter_02,FD_24,NZ_02,CHIP_0603,15.71,28.74,-0.321,130.6,108.09,-70.93,2.75,249.5,4.04,F,Tombstone,1
PCB_00263,LOT_20260301,SMD_Line_A,Mounter_02,FD_04,NZ_02,CHIP_1005,8.56,1.56,0.365,130.56,,-77.31,3.45,240.7,4.01,A,Normal,0
PCB_00264,LOT_20260301,SMD_Line_B,Mounter_03,FD_10,NZ_05,CAP_3216,8.25,-23.21,-0.025,141.18,89.28,-76.18,3.54,249.5,4.07,A,Normal,0
PCB_00265,LOT_20260301,SMD_Line_C,Mounter_04,FD_01,NZ_03,BGA_256,13.4,18.77,0.252,121.81,86.6,-74.51,2.18,234.8,2.95,A,Normal,0
PCB_00266,LOT_20260301,SMD_Line_B,Mounter_02,FD_05,NZ_05,CHIP_1005,4.89,-5.47,-0.126,118.23,95.57,-71.32,3.09,243.3,4.74,A,Normal,0
PCB_00267,LOT_20260301,SMD_Line_B,Mounter_03,FD_13,NZ_04,CHIP_1005,6.84,5.29,-0.42,98.8,114.0,-71.17,3.6,250.8,4.16,A,Normal,0
PCB_00268,LOT_20260301,SMD_Line_B,Mounter_04,FD_01,NZ_02,CHIP_1005,17.93,-19.58,0.27,134.97,,-74.98,3.18,244.8,5.6,A,Normal,0
PCB_00269,LOT_20260301,SMD_Line_A,Mounter_04,FD_23,NZ_07,CHIP_0603,-1.68,-8.89,-0.364,120.37,,,2.86,245.1,4.51,A,Normal,0
PCB_00270,LOT_20260301,SMD_Line_A,Mounter_02,FD_08,NZ_03,CHIP_0603,7.56,-17.66,-0.184,145.38,95.94,-67.78,3.49,248.3,4.39,A,Normal,0
PCB_00271,LOT_20260301,SMD_Line_C,Mounter_01,FD_03,NZ_06,CAP_3216,-13.16,-18.92,-0.551,137.68,107.48,-71.77,4.0,247.2,3.77,A,Normal,0
PCB_00272,LOT_20260301,SMD_Line_C,Mounter_01,FD_03,NZ_06,CHIP_0603,0.99,1.16,-0.421,147.78,105.04,,3.38,244.5,3.91,A,Normal,0
PCB_00273,LOT_20260301,SMD_Line_C,Mounter_02,FD_07,NZ_08,CHIP_0603,28.24,6.69,0.403,116.9,107.43,-70.73,1.97,250.5,4.6,B,Normal,0
PCB_00274,LOT_20260301,SMD_Line_C,Mounter_04,FD_04,NZ_08,CHIP_1005,10.19,-6.45,0.472,133.07,105.88,-75.34,3.98,245.5,4.06,A,Normal,0
PCB_00275,LOT_20260301,SMD_Line_B,Mounter_02,FD_03,NZ_02,CHIP_1005,-1.07,-16.96,0.491,132.85,133.63,-68.25,2.49,247.3,3.85,C,Normal,0
PCB_00276,LOT_20260301,SMD_Line_B,Mounter_03,FD_15,NZ_02,CHIP_0603,3.31,-15.06,0.493,122.56,121.41,-69.98,2.55,249.0,5.14,B,Normal,0
PCB_00277,LOT_20260301,SMD_Line_C,Mounter_01,FD_08,NZ_06,CHIP_0603,-0.26,4.39,-0.159,148.46,109.9,-72.99,3.41,234.8,4.39,A,Normal,0
PCB_00278,LOT_20260301,SMD_Line_B,Mounter_03,FD_03,NZ_06,CHIP_1005,2.9,1.31,0.299,141.72,94.18,-72.22,3.42,242.0,4.6,A,Normal,0
PCB_00279,LOT_20260301,SMD_Line_B,Mounter_02,FD_07,NZ_07,IC_QFP_48,-4.99,4.58,0.474,160.46,95.49,-72.84,2.87,242.5,4.05,A,Normal,0
PCB_00280,LOT_20260301,SMD_Line_C,Mounter_02,FD_18,NZ_04,CHIP_0603,6.19,18.39,-0.393,140.42,113.79,-67.33,3.7,247.8,4.81,A,Normal,0
PCB_00281,LOT_20260301,SMD_Line_C,Mounter_04,FD_11,NZ_02,CHIP_1005,6.63,6.79,0.087,158.03,114.25,-70.49,3.24,252.3,3.93,A,Normal,0
PCB_00282,LOT_20260301,SMD_Line_A,Mounter_04,FD_11,NZ_06,CHIP_1005,0.08,4.83,-0.057,157.69,,-70.1,2.33,237.2,4.8,A,Normal,0
PCB_00283,LOT_20260301,SMD_Line_A,Mounter_04,FD_17,NZ_07,BGA_256,1.75,27.95,-0.842,122.63,76.01,,2.65,243.3,3.98,C,Normal,0
PCB_00284,LOT_20260301,SMD_Line_A,Mounter_03,FD_06,NZ_01,CHIP_0603,4.26,-3.24,0.147,107.96,78.02,-72.0,3.07,249.6,5.02,A,Normal,0
PCB_00285,LOT_20260301,SMD_Line_B,Mounter_04,FD_08,NZ_06,CHIP_0603,-6.59,28.13,-0.322,155.3,114.07,-65.42,3.27,237.7,4.86,B,Normal,0
PCB_00286,LOT_20260301,SMD_Line_A,Mounter_02,FD_01,NZ_03,CHIP_1005,6.07,16.8,0.473,140.41,116.32,-73.27,2.92,246.6,3.99,A,Normal,0
PCB_00287,LOT_20260301,SMD_Line_B,Mounter_04,FD_10,NZ_03,IC_QFP_48,9.75,-3.52,-0.343,137.82,100.21,-71.23,2.13,246.9,5.34,A,Normal,0
PCB_00288,LOT_20260301,SMD_Line_B,Mounter_01,FD_19,NZ_01,CHIP_0603,18.31,9.5,0.148,123.27,103.89,-64.79,2.82,247.3,4.27,A,Normal,0
PCB_00289,LOT_20260301,SMD_Line_A,Mounter_04,FD_03,NZ_08,CHIP_1005,3.98,-2.54,0.05,135.96,121.39,-67.36,3.64,240.3,5.06,A,Normal,0
PCB_00290,LOT_20260301,SMD_Line_B,Mounter_03,FD_04,NZ_04,CHIP_0603,-6.95,-16.95,-0.775,145.26,124.17,-70.67,3.28,244.8,3.64,B,Normal,0
PCB_00291,LOT_20260301,SMD_Line_A,Mounter_01,FD_11,NZ_08,CHIP_0603,-1.29,-0.09,-0.144,139.88,108.16,-77.28,3.79,240.0,4.55,A,Normal,0
PCB_00292,LOT_20260301,SMD_Line_A,Mounter_01,FD_15,NZ_02,CHIP_1005,-14.29,-17.31,0.161,120.79,99.74,-64.41,3.71,249.7,4.4,A,Normal,0
PCB_00293,LOT_20260301,SMD_Line_C,Mounter_01,FD_01,NZ_08,CHIP_0603,9.09,2.75,0.461,153.14,94.81,-72.84,2.2,240.5,4.01,A,Normal,0
PCB_00294,LOT_20260301,SMD_Line_A,Mounter_03,FD_09,NZ_02,BGA_256,-25.75,9.45,0.008,131.87,96.62,-71.71,2.84,245.2,4.68,A,Normal,0
PCB_00295,LOT_20260301,SMD_Line_A,Mounter_02,FD_11,NZ_06,CHIP_1005,12.81,-2.56,0.408,140.19,,-68.39,3.65,253.8,4.85,A,Normal,0
PCB_00296,LOT_20260301,SMD_Line_B,Mounter_04,FD_19,NZ_03,CHIP_1005,14.32,2.73,0.242,142.61,107.82,-72.72,3.54,249.7,4.47,A,Normal,0
PCB_00297,LOT_20260301,SMD_Line_C,Mounter_01,FD_13,NZ_04,CHIP_1005,-36.63,2.53,0.257,161.98,98.42,-71.26,3.53,237.6,4.4,B,Normal,0
PCB_00298,LOT_20260301,SMD_Line_A,Mounter_01,FD_16,NZ_04,CHIP_1005,15.94,9.96,0.277,136.22,90.16,-71.77,3.83,243.7,4.33,A,Normal,0
PCB_00299,LOT_20260301,SMD_Line_B,Mounter_01,FD_04,NZ_04,CHIP_0603,12.84,1.06,-0.124,129.22,,-73.27,4.0,245.3,4.46,A,Normal,0
PCB_00300,LOT_20260301,SMD_Line_A,Mounter_02,FD_01,NZ_06,BGA_256,-3.63,-3.71,-0.445,158.71,106.64,-70.77,2.19,244.2,4.6,A,Normal,0
PCB_00301,LOT_20260301,SMD_Line_A,Mounter_02,FD_20,NZ_02,CAP_3216,-14.9,9.43,0.706,146.62,103.09,-74.22,2.98,246.6,4.58,A,Normal,0
PCB_00302,LOT_20260301,SMD_Line_B,Mounter_03,FD_13,NZ_04,CHIP_0603,-10.47,1.87,0.346,134.59,98.07,-75.98,3.62,247.6,4.5,A,Normal,0
PCB_00303,LOT_20260301,SMD_Line_B,Mounter_02,FD_01,NZ_06,CHIP_0603,-9.48,-25.2,-0.031,133.65,105.49,-70.11,3.7,252.7,3.98,A,Normal,0
PCB_00304,LOT_20260301,SMD_Line_B,Mounter_04,FD_05,NZ_06,CHIP_0603,16.45,-4.13,0.278,100.6,,-67.62,4.28,243.0,4.71,A,Normal,0
PCB_00305,LOT_20260301,SMD_Line_B,Mounter_03,FD_05,NZ_01,IC_QFP_48,-5.61,-6.1,0.179,128.69,133.23,-74.6,4.13,248.1,4.49,B,Normal,0
PCB_00306,LOT_20260301,SMD_Line_C,Mounter_03,FD_14,NZ_05,IC_QFP_48,11.32,1.74,-0.384,108.96,127.39,-73.84,3.92,244.2,4.4,B,Normal,0
PCB_00307,LOT_20260301,SMD_Line_B,Mounter_04,FD_23,NZ_08,BGA_256,-1.55,0.47,-0.152,89.95,90.19,-71.98,2.95,251.6,4.09,A,Normal,0
PCB_00308,LOT_20260301,SMD_Line_A,Mounter_04,FD_14,NZ_04,IC_QFP_48,0.69,-23.01,0.597,121.06,,-71.98,3.75,246.6,4.7,A,Normal,0
PCB_00309,LOT_20260301,SMD_Line_C,Mounter_04,FD_08,NZ_05,CHIP_1005,-19.64,-17.6,-0.002,109.28,89.22,-78.9,4.42,245.2,3.18,A,Normal,0
PCB_00310,LOT_20260301,SMD_Line_A,Mounter_03,FD_04,NZ_02,CHIP_1005,-14.34,-11.24,0.169,124.67,77.49,-73.48,4.14,243.9,4.17,B,Normal,0
PCB_00311,LOT_20260301,SMD_Line_B,Mounter_03,FD_07,NZ_06,IC_QFP_48,16.16,0.76,0.567,134.62,120.48,-65.72,3.46,241.3,4.01,B,Normal,0
PCB_00312,LOT_20260301,SMD_Line_A,Mounter_03,FD_20,NZ_07,CHIP_1005,-1.95,12.67,-0.004,137.64,98.2,-67.11,4.11,248.6,3.96,A,Normal,0
PCB_00313,LOT_20260301,SMD_Line_A,Mounter_04,FD_19,NZ_08,CHIP_1005,3.76,-18.92,-0.419,128.36,86.87,-66.03,3.37,241.6,4.07,A,Normal,0
PCB_00314,LOT_20260301,SMD_Line_C,Mounter_04,FD_15,NZ_08,CHIP_1005,22.58,-7.93,0.051,110.67,79.2,-69.84,3.38,237.2,3.68,B,Normal,0
PCB_00315,LOT_20260301,SMD_Line_C,Mounter_01,FD_22,NZ_04,CHIP_1005,-1.6,-0.57,-0.251,128.18,102.67,-73.86,3.11,241.0,4.03,A,Normal,0
PCB_00316,LOT_20260301,SMD_Line_B,Mounter_02,FD_04,NZ_07,CHIP_1005,-2.3,-10.99,-0.626,114.01,104.3,-71.1,2.41,245.6,3.61,A,Normal,0
PCB_00317,LOT_20260301,SMD_Line_B,Mounter_01,FD_19,NZ_03,CHIP_1005,15.08,1.03,0.361,151.05,104.94,-69.91,3.81,239.9,4.41,A,Normal,0
PCB_00318,LOT_20260301,SMD_Line_A,Mounter_04,FD_09,NZ_02,IC_QFP_48,0.15,7.56,-0.115,127.79,112.84,-73.15,3.18,241.6,4.67,A,Normal,0
PCB_00319,LOT_20260301,SMD_Line_A,Mounter_03,FD_21,NZ_01,CHIP_1005,4.0,-8.93,-1.343,112.91,110.76,-78.04,3.33,237.1,4.73,B,Normal,0
PCB_00320,LOT_20260301,SMD_Line_A,Mounter_04,FD_13,NZ_01,CHIP_1005,12.46,3.87,0.114,114.23,84.55,-68.83,3.55,241.5,4.47,F,Tombstone,1
PCB_00321,LOT_20260301,SMD_Line_B,Mounter_02,FD_14,NZ_05,IC_QFP_48,0.0,-1.35,0.12,130.1,,-73.57,2.9,252.2,3.92,A,Normal,0
PCB_00322,LOT_20260301,SMD_Line_B,Mounter_01,FD_23,NZ_06,CHIP_1005,9.84,-13.56,0.878,130.87,111.7,-69.81,3.77,242.3,3.65,B,Normal,0
PCB_00323,LOT_20260301,SMD_Line_B,Mounter_01,FD_14,NZ_05,CHIP_0603,-1.45,-1.66,-0.002,127.1,92.59,-77.53,3.15,244.5,3.87,A,Normal,0
PCB_00324,LOT_20260301,SMD_Line_A,Mounter_03,FD_22,NZ_03,CHIP_0603,12.26,5.39,0.48,144.91,82.4,-74.25,3.18,254.4,4.04,A,Normal,0
PCB_00325,LOT_20260301,SMD_Line_C,Mounter_01,FD_10,NZ_03,CHIP_1005,5.27,16.68,0.291,115.58,83.52,-70.64,1.34,246.4,3.88,A,Normal,0
PCB_00326,LOT_20260301,SMD_Line_B,Mounter_01,FD_16,NZ_08,CHIP_1005,-2.82,19.4,-0.265,145.05,111.24,-69.79,3.34,246.2,5.41,A,Normal,0
PCB_00327,LOT_20260301,SMD_Line_B,Mounter_04,FD_05,NZ_01,CAP_3216,0.93,-6.7,0.157,128.59,111.03,-69.38,2.68,241.0,4.55,A,Normal,0
PCB_00328,LOT_20260301,SMD_Line_B,Mounter_01,FD_23,NZ_07,CHIP_1005,-30.55,-7.41,-0.074,142.94,101.54,-72.24,3.03,246.0,4.49,B,Normal,0
PCB_00329,LOT_20260301,SMD_Line_B,Mounter_01,FD_06,NZ_04,CHIP_1005,14.92,0.48,-0.309,120.62,88.69,-71.33,2.78,252.3,4.36,A,Normal,0
PCB_00330,LOT_20260301,SMD_Line_A,Mounter_01,FD_02,NZ_01,CHIP_0603,-15.68,-6.4,-0.232,141.67,99.24,-70.64,2.82,239.9,3.95,A,Normal,0
PCB_00331,LOT_20260301,SMD_Line_A,Mounter_03,FD_13,NZ_01,CHIP_0603,-13.36,14.31,-0.294,117.9,98.08,-70.88,3.11,244.2,4.27,A,Normal,0
PCB_00332,LOT_20260301,SMD_Line_C,Mounter_03,FD_13,NZ_07,IC_QFP_48,-5.48,1.19,-0.004,154.71,94.71,-70.0,3.54,240.1,4.55,A,Normal,0
PCB_00333,LOT_20260301,SMD_Line_A,Mounter_04,FD_19,NZ_08,CHIP_0603,-22.41,0.65,-0.002,128.8,108.21,-76.03,4.14,251.8,4.68,A,Normal,0
PCB_00334,LOT_20260301,SMD_Line_A,Mounter_01,FD_18,NZ_08,CHIP_1005,5.85,7.59,-0.247,123.54,94.24,-65.48,3.34,240.0,4.35,A,Normal,0
PCB_00335,LOT_20260301,SMD_Line_A,Mounter_03,FD_19,NZ_07,IC_QFP_48,4.51,1.89,-0.094,112.39,106.48,-72.64,2.97,242.0,4.58,A,Normal,0
PCB_00336,LOT_20260301,SMD_Line_A,Mounter_03,FD_01,NZ_03,CHIP_1005,-6.08,3.6,-0.844,132.53,104.01,-72.33,3.05,240.1,3.96,F,Tombstone,1
PCB_00337,LOT_20260301,SMD_Line_C,Mounter_04,FD_08,NZ_07,BGA_256,-8.48,3.11,-0.454,127.77,82.7,-73.02,3.81,239.2,3.41,A,Normal,0
PCB_00338,LOT_20260301,SMD_Line_B,Mounter_02,FD_22,NZ_05,CHIP_1005,-8.67,-1.71,-0.132,109.94,123.92,-71.19,3.5,245.4,4.86,F,Tombstone,1
PCB_00339,LOT_20260301,SMD_Line_B,Mounter_01,FD_16,NZ_03,CHIP_0603,7.68,-10.65,0.752,118.95,106.92,-77.05,2.49,243.5,3.9,A,Normal,0
PCB_00340,LOT_20260301,SMD_Line_A,Mounter_03,FD_02,NZ_07,BGA_256,-19.92,20.76,0.285,100.69,80.89,-73.71,2.82,246.5,3.9,B,Normal,0
PCB_00341,LOT_20260301,SMD_Line_B,Mounter_04,FD_08,NZ_06,BGA_256,-5.11,-10.69,-0.44,113.05,82.76,-78.68,3.25,247.6,3.76,A,Normal,0
PCB_00342,LOT_20260301,SMD_Line_B,Mounter_04,FD_06,NZ_03,CHIP_0603,-19.12,19.52,0.727,128.16,,-73.64,3.1,237.9,4.35,B,Normal,0
PCB_00343,LOT_20260301,SMD_Line_A,Mounter_04,FD_16,NZ_03,CHIP_0603,9.61,4.03,-0.001,135.3,102.16,-71.45,2.88,246.3,3.93,A,Normal,0
PCB_00344,LOT_20260301,SMD_Line_B,Mounter_03,FD_23,NZ_01,CHIP_0603,-4.2,-7.1,-0.511,125.14,106.73,-70.01,3.1,241.2,4.94,A,Normal,0
PCB_00345,LOT_20260301,SMD_Line_A,Mounter_01,FD_11,NZ_04,CHIP_0603,6.83,6.55,-0.036,137.07,104.65,-72.21,3.38,245.6,4.93,F,Tombstone,1
PCB_00346,LOT_20260301,SMD_Line_B,Mounter_02,FD_17,NZ_01,CAP_3216,15.62,9.27,0.443,115.62,113.05,-71.0,3.44,246.4,4.39,A,Normal,0
PCB_00347,LOT_20260301,SMD_Line_B,Mounter_01,FD_23,NZ_02,CHIP_1005,15.83,20.27,-0.51,136.66,113.58,-77.9,3.24,243.9,3.85,B,Normal,0
PCB_00348,LOT_20260301,SMD_Line_A,Mounter_04,FD_19,NZ_03,CHIP_1005,-12.78,-15.52,-0.466,128.84,,-71.45,3.76,250.5,5.13,A,Normal,0
PCB_00349,LOT_20260301,SMD_Line_A,Mounter_04,FD_11,NZ_07,BGA_256,3.87,-1.65,0.813,126.91,,-67.6,3.48,239.0,4.78,A,Normal,0
PCB_00350,LOT_20260301,SMD_Line_B,Mounter_02,FD_08,NZ_07,CHIP_1005,14.02,16.25,0.133,129.95,83.14,-70.38,2.6,240.3,3.87,A,Normal,0
PCB_00351,LOT_20260301,SMD_Line_B,Mounter_01,FD_22,NZ_07,CHIP_0603,8.71,8.81,-0.212,121.01,,-74.61,3.01,246.0,4.41,A,Normal,0
PCB_00352,LOT_20260301,SMD_Line_C,Mounter_04,FD_04,NZ_03,CAP_3216,9.94,5.74,-0.048,106.98,96.36,-71.41,3.13,253.9,4.34,A,Normal,0
PCB_00353,LOT_20260301,SMD_Line_B,Mounter_04,FD_11,NZ_07,BGA_256,-22.29,17.45,0.128,114.32,79.59,-67.22,3.12,241.0,4.49,B,Normal,0
PCB_00354,LOT_20260301,SMD_Line_A,Mounter_01,FD_08,NZ_02,BGA_256,8.51,-2.12,-0.087,108.82,90.67,-70.01,2.74,244.7,4.27,A,Normal,0
PCB_00355,LOT_20260301,SMD_Line_A,Mounter_04,FD_09,NZ_03,CHIP_1005,-9.91,-28.3,0.607,126.58,73.93,-69.91,2.88,250.0,4.21,C,Normal,0
PCB_00356,LOT_20260301,SMD_Line_B,Mounter_01,FD_02,NZ_07,IC_QFP_48,8.31,-4.32,0.045,140.24,99.76,-74.75,3.75,248.8,5.67,A,Normal,0
PCB_00357,LOT_20260301,SMD_Line_A,Mounter_04,FD_16,NZ_03,CHIP_0603,8.04,23.74,0.299,152.25,119.71,,2.62,247.6,4.5,B,Normal,0
PCB_00358,LOT_20260301,SMD_Line_B,Mounter_01,FD_06,NZ_06,CHIP_1005,7.37,3.52,0.037,123.08,100.38,-72.24,3.03,242.0,3.88,A,Normal,0
PCB_00359,LOT_20260301,SMD_Line_C,Mounter_02,FD_21,NZ_03,CAP_3216,-1.38,-9.94,-0.017,127.59,100.42,-65.68,3.96,244.9,4.01,A,Normal,0
PCB_00360,LOT_20260301,SMD_Line_B,Mounter_04,FD_21,NZ_02,CHIP_0603,16.45,15.74,0.402,158.24,,-75.19,3.17,245.1,5.15,A,Normal,0
PCB_00361,LOT_20260301,SMD_Line_A,Mounter_02,FD_19,NZ_01,IC_QFP_48,6.38,9.97,0.411,123.96,111.72,-71.09,4.64,249.4,4.06,A,Normal,0
PCB_00362,LOT_20260301,SMD_Line_B,Mounter_04,FD_08,NZ_03,CHIP_1005,4.02,1.73,-0.735,120.6,99.38,-69.64,4.18,244.4,3.76,A,Normal,0
PCB_00363,LOT_20260301,SMD_Line_B,Mounter_04,FD_14,NZ_04,CHIP_0603,-11.68,6.9,-0.009,128.04,86.81,-69.4,1.91,250.7,4.26,A,Normal,0
PCB_00364,LOT_20260301,SMD_Line_B,Mounter_03,FD_24,NZ_02,IC_QFP_48,4.95,-12.0,0.922,123.63,102.04,-72.87,2.56,244.8,4.14,A,Normal,0
PCB_00365,LOT_20260301,SMD_Line_C,Mounter_01,FD_16,NZ_05,CHIP_0603,24.73,-4.27,-0.201,119.82,118.63,-73.14,3.25,245.6,4.94,B,Normal,0
PCB_00366,LOT_20260301,SMD_Line_A,Mounter_02,FD_12,NZ_06,CHIP_1005,-17.38,-0.77,0.204,108.88,,-65.25,3.02,244.5,5.03,A,Normal,0
PCB_00367,LOT_20260301,SMD_Line_C,Mounter_02,FD_05,NZ_02,CHIP_0603,9.13,12.97,0.561,153.89,88.71,-72.94,3.63,244.3,4.09,A,Normal,0
PCB_00368,LOT_20260301,SMD_Line_C,Mounter_02,FD_24,NZ_01,CAP_3216,10.7,-6.48,-0.499,138.26,98.75,-73.46,3.6,244.7,4.65,A,Normal,0
PCB_00369,LOT_20260301,SMD_Line_A,Mounter_01,FD_24,NZ_07,CHIP_0603,21.57,-0.3,-0.168,154.25,95.79,-68.75,2.3,245.1,4.18,A,Normal,0
PCB_00370,LOT_20260301,SMD_Line_A,Mounter_03,FD_19,NZ_07,CHIP_0603,9.07,17.0,-0.707,144.32,105.04,-71.55,3.91,238.2,3.84,A,Normal,0
PCB_00371,LOT_20260301,SMD_Line_A,Mounter_02,FD_18,NZ_02,CHIP_0603,0.13,29.79,0.047,130.23,88.2,-76.55,4.36,243.8,5.14,B,Normal,0
PCB_00372,LOT_20260301,SMD_Line_A,Mounter_01,FD_09,NZ_05,CAP_3216,5.28,-10.27,0.173,104.95,93.64,,2.39,252.1,5.22,A,Normal,0
PCB_00373,LOT_20260301,SMD_Line_A,Mounter_04,FD_02,NZ_07,IC_QFP_48,-3.35,1.65,0.29,116.36,100.63,-73.39,2.98,237.4,4.42,A,Normal,0
PCB_00374,LOT_20260301,SMD_Line_B,Mounter_02,FD_20,NZ_06,IC_QFP_48,15.24,-17.79,0.708,124.77,101.04,-73.43,3.01,244.0,3.93,A,Normal,0
PCB_00375,LOT_20260301,SMD_Line_A,Mounter_02,FD_12,NZ_04,CHIP_1005,-19.36,-0.17,0.029,115.54,131.24,-62.69,3.95,242.6,3.76,C,Normal,0
PCB_00376,LOT_20260301,SMD_Line_A,Mounter_03,FD_02,NZ_05,CHIP_1005,-6.1,-3.42,-0.519,102.71,109.4,-72.82,4.11,246.4,4.58,A,Normal,0
PCB_00377,LOT_20260301,SMD_Line_C,Mounter_02,FD_10,NZ_08,CHIP_0603,5.58,14.76,-0.396,116.64,81.51,-71.76,2.94,247.1,4.92,A,Normal,0
PCB_00378,LOT_20260301,SMD_Line_A,Mounter_02,FD_01,NZ_08,CHIP_1005,14.64,-13.84,-0.343,127.09,87.82,-68.8,2.93,245.6,4.33,A,Normal,0
PCB_00379,LOT_20260301,SMD_Line_C,Mounter_04,FD_04,NZ_02,CHIP_0603,-0.17,-15.46,0.093,153.85,83.66,-75.26,3.81,236.5,4.8,A,Normal,0
PCB_00380,LOT_20260301,SMD_Line_A,Mounter_01,FD_12,NZ_05,CAP_3216,-9.78,17.95,1.057,119.9,119.37,-70.05,3.08,236.5,4.15,B,Normal,0
PCB_00381,LOT_20260301,SMD_Line_A,Mounter_01,FD_09,NZ_07,IC_QFP_48,-2.64,-7.47,-0.032,139.83,87.17,-68.77,3.34,233.8,3.98,A,Normal,0
PCB_00382,LOT_20260301,SMD_Line_B,Mounter_03,FD_04,NZ_07,CHIP_1005,-4.59,2.33,0.618,115.35,107.05,-67.36,3.78,244.4,4.39,A,Normal,0
PCB_00383,LOT_20260301,SMD_Line_B,Mounter_04,FD_09,NZ_02,CHIP_0603,-4.01,3.48,-0.051,126.63,105.85,-69.69,3.64,238.1,3.26,A,Normal,0
PCB_00384,LOT_20260301,SMD_Line_C,Mounter_01,FD_06,NZ_07,IC_QFP_48,-5.44,-9.29,-0.523,129.48,82.41,-75.87,3.37,235.1,4.02,A,Normal,0
PCB_00385,LOT_20260301,SMD_Line_B,Mounter_04,FD_01,NZ_07,CHIP_0603,-5.43,-9.28,-0.367,154.0,94.97,-70.47,2.41,241.1,4.67,A,Normal,0
PCB_00386,LOT_20260301,SMD_Line_C,Mounter_01,FD_10,NZ_04,CHIP_0603,-21.45,13.3,-0.328,89.95,96.83,-76.71,3.56,242.1,3.05,A,Normal,0
PCB_00387,LOT_20260301,SMD_Line_A,Mounter_04,FD_14,NZ_04,CHIP_0603,3.75,7.99,-0.055,117.83,81.03,-67.69,3.8,244.7,3.62,A,Normal,0
PCB_00388,LOT_20260301,SMD_Line_A,Mounter_03,FD_22,NZ_01,CHIP_1005,8.43,-0.19,0.182,133.7,121.42,-68.24,3.65,245.0,4.2,A,Normal,0
PCB_00389,LOT_20260301,SMD_Line_C,Mounter_02,FD_18,NZ_04,IC_QFP_48,18.73,-1.61,-0.296,136.27,102.04,-71.21,2.38,245.3,3.67,A,Normal,0
PCB_00390,LOT_20260301,SMD_Line_C,Mounter_03,FD_06,NZ_03,CHIP_0603,10.76,3.74,0.356,112.34,119.12,-71.36,3.69,248.4,4.03,A,Normal,0
PCB_00391,LOT_20260301,SMD_Line_C,Mounter_01,FD_18,NZ_05,CHIP_0603,10.12,4.51,0.471,129.42,126.5,-72.03,2.78,243.8,3.25,B,Normal,0
PCB_00392,LOT_20260301,SMD_Line_B,Mounter_03,FD_20,NZ_05,CHIP_1005,3.7,14.88,-0.119,130.19,101.92,-72.09,1.76,248.1,4.59,F,Tombstone,1
PCB_00393,LOT_20260301,SMD_Line_A,Mounter_02,FD_16,NZ_02,IC_QFP_48,-22.03,-0.25,0.413,152.07,104.48,-68.61,3.11,243.5,4.81,A,Normal,0
PCB_00394,LOT_20260301,SMD_Line_C,Mounter_03,FD_15,NZ_04,CHIP_0603,3.5,5.23,-0.874,133.13,90.55,-73.09,2.51,243.3,3.51,A,Normal,0
PCB_00395,LOT_20260301,SMD_Line_A,Mounter_01,FD_16,NZ_01,CHIP_0603,1.4,8.47,-1.061,127.87,116.0,-64.33,3.2,242.6,4.37,B,Normal,0
PCB_00396,LOT_20260301,SMD_Line_C,Mounter_01,FD_08,NZ_07,CAP_3216,12.87,8.68,0.375,119.44,,-71.39,2.45,244.8,4.17,F,Tombstone,1
PCB_00397,LOT_20260301,SMD_Line_C,Mounter_03,FD_13,NZ_01,CAP_3216,7.09,17.11,-0.19,139.11,94.92,-67.65,3.07,247.8,4.5,A,Normal,0
PCB_00398,LOT_20260301,SMD_Line_B,Mounter_02,FD_23,NZ_01,CAP_3216,-1.62,-0.15,0.992,126.18,90.79,-77.79,2.23,247.7,5.0,A,Normal,0
PCB_00399,LOT_20260301,SMD_Line_C,Mounter_03,FD_11,NZ_06,BGA_256,24.48,-6.68,-0.042,121.5,100.88,-74.02,2.79,247.6,3.7,F,Tombstone,1
PCB_00400,LOT_20260301,SMD_Line_C,Mounter_02,FD_07,NZ_07,CHIP_0603,10.61,-4.22,-0.45,115.3,107.46,-68.79,3.4,246.3,4.9,A,Normal,0
PCB_00401,LOT_20260301,SMD_Line_A,Mounter_04,FD_17,NZ_03,CHIP_0603,4.25,7.56,0.759,125.55,102.44,-70.87,4.26,240.2,5.11,A,Normal,0
PCB_00402,LOT_20260301,SMD_Line_C,Mounter_02,FD_18,NZ_04,CHIP_0603,5.69,-1.28,0.295,140.48,105.55,-71.9,3.03,256.6,3.4,A,Normal,0
PCB_00403,LOT_20260301,SMD_Line_B,Mounter_04,FD_22,NZ_07,CHIP_0603,0.76,26.98,0.697,122.3,97.41,-68.29,3.19,239.4,4.76,B,Normal,0
PCB_00404,LOT_20260301,SMD_Line_C,Mounter_03,FD_23,NZ_01,CAP_3216,0.21,0.15,-0.264,130.52,106.06,-64.58,3.68,245.5,3.84,A,Normal,0
PCB_00405,LOT_20260301,SMD_Line_A,Mounter_02,FD_19,NZ_07,IC_QFP_48,-27.13,-11.27,0.164,121.65,105.69,-76.05,3.44,257.6,4.59,B,Normal,0
PCB_00406,LOT_20260301,SMD_Line_C,Mounter_04,FD_13,NZ_03,IC_QFP_48,-11.44,3.81,-0.394,132.56,114.58,-68.5,3.47,248.7,3.88,A,Normal,0
PCB_00407,LOT_20260301,SMD_Line_A,Mounter_04,FD_15,NZ_05,CHIP_0603,-6.76,18.16,-0.786,131.25,109.68,-73.55,3.62,242.1,3.99,A,Normal,0
PCB_00408,LOT_20260301,SMD_Line_A,Mounter_04,FD_23,NZ_02,CAP_3216,5.63,-9.63,0.334,118.19,101.86,-69.01,2.97,250.1,3.94,A,Normal,0
PCB_00409,LOT_20260301,SMD_Line_C,Mounter_01,FD_22,NZ_04,BGA_256,-20.65,-9.97,-0.206,142.48,104.98,-73.59,2.73,245.8,3.79,A,Normal,0
PCB_00410,LOT_20260301,SMD_Line_A,Mounter_03,FD_22,NZ_04,CHIP_0603,-6.51,-2.2,-0.448,108.16,86.18,-70.15,3.37,241.6,4.64,A,Normal,0
PCB_00411,LOT_20260301,SMD_Line_A,Mounter_04,FD_01,NZ_06,BGA_256,-8.12,-7.62,-0.625,147.03,115.33,-69.83,1.8,245.9,4.51,A,Normal,0
PCB_00412,LOT_20260301,SMD_Line_C,Mounter_02,FD_16,NZ_05,CHIP_0603,1.46,-15.93,0.082,134.94,97.01,-74.44,1.97,243.5,4.52,A,Normal,0
PCB_00413,LOT_20260301,SMD_Line_C,Mounter_04,FD_05,NZ_04,CHIP_0603,5.66,-18.18,0.029,138.82,98.5,-73.66,4.1,244.1,4.08,A,Normal,0
PCB_00414,LOT_20260301,SMD_Line_B,Mounter_01,FD_03,NZ_06,IC_QFP_48,-8.07,2.74,-0.218,105.24,94.26,-72.66,3.88,245.2,4.13,A,Normal,0
PCB_00415,LOT_20260301,SMD_Line_B,Mounter_03,FD_23,NZ_06,IC_QFP_48,-7.17,8.44,-0.303,129.23,89.36,,2.79,247.9,4.45,A,Normal,0
PCB_00416,LOT_20260301,SMD_Line_B,Mounter_01,FD_10,NZ_06,CHIP_0603,-8.5,-8.27,0.345,153.01,90.19,-70.41,2.46,248.8,3.86,A,Normal,0
PCB_00417,LOT_20260301,SMD_Line_A,Mounter_01,FD_19,NZ_08,CHIP_0603,-4.88,-0.83,-1.117,127.82,87.07,-66.85,3.53,241.9,4.02,B,Normal,0
PCB_00418,LOT_20260301,SMD_Line_A,Mounter_01,FD_05,NZ_04,CAP_3216,-0.64,2.18,0.284,131.95,,-76.41,3.62,246.5,4.73,A,Normal,0
PCB_00419,LOT_20260301,SMD_Line_B,Mounter_02,FD_07,NZ_04,IC_QFP_48,16.44,-13.04,0.209,112.84,110.0,,2.66,243.9,4.46,A,Normal,0
PCB_00420,LOT_20260301,SMD_Line_C,Mounter_03,FD_14,NZ_04,IC_QFP_48,-12.66,10.13,-0.554,108.41,99.73,,3.12,248.2,4.85,A,Normal,0
PCB_00421,LOT_20260301,SMD_Line_C,Mounter_03,FD_03,NZ_03,CHIP_0603,21.89,2.5,-0.87,133.46,107.96,-74.41,2.12,240.7,3.0,B,Normal,0
PCB_00422,LOT_20260301,SMD_Line_C,Mounter_02,FD_13,NZ_06,CHIP_0603,-15.42,6.19,0.265,119.83,105.77,-64.86,2.94,244.9,5.0,A,Normal,0
PCB_00423,LOT_20260301,SMD_Line_A,Mounter_03,FD_13,NZ_03,CHIP_0603,11.93,8.02,-0.528,121.69,94.62,-67.97,3.06,237.3,4.73,A,Normal,0
PCB_00424,LOT_20260301,SMD_Line_B,Mounter_01,FD_10,NZ_02,CHIP_0603,-5.95,28.62,0.708,130.95,114.86,-67.67,3.3,248.0,4.74,B,Normal,0
PCB_00425,LOT_20260301,SMD_Line_A,Mounter_03,FD_02,NZ_04,CHIP_0603,-11.39,-12.09,0.953,140.3,111.99,-71.86,4.53,252.6,3.46,B,Normal,0
PCB_00426,LOT_20260301,SMD_Line_B,Mounter_02,FD_06,NZ_08,CHIP_0603,16.46,-10.53,0.192,137.89,109.85,-77.29,2.49,251.5,3.99,A,Normal,0
PCB_00427,LOT_20260301,SMD_Line_B,Mounter_01,FD_08,NZ_07,CHIP_1005,1.02,19.86,-0.046,131.49,104.99,-71.4,4.1,248.5,4.05,A,Normal,0
PCB_00428,LOT_20260301,SMD_Line_C,Mounter_02,FD_04,NZ_05,CHIP_0603,0.54,7.7,-0.099,143.31,95.92,-72.44,2.85,247.4,4.35,A,Normal,0
PCB_00429,LOT_20260301,SMD_Line_A,Mounter_04,FD_12,NZ_08,BGA_256,-3.46,0.81,-0.768,145.66,95.9,-68.42,2.79,253.7,5.15,A,Normal,0
PCB_00430,LOT_20260301,SMD_Line_A,Mounter_01,FD_15,NZ_01,CHIP_0603,-7.27,-5.64,-0.129,128.03,99.64,-74.07,3.83,242.7,4.37,A,Normal,0
PCB_00431,LOT_20260301,SMD_Line_A,Mounter_01,FD_08,NZ_02,CHIP_1005,-2.21,-2.74,-0.206,155.02,116.54,-67.33,2.78,243.9,4.85,A,Normal,0
PCB_00432,LOT_20260301,SMD_Line_C,Mounter_03,FD_07,NZ_07,CHIP_0603,-40.34,-2.51,-0.286,113.69,,-74.17,2.67,250.9,4.96,B,Normal,0
PCB_00433,LOT_20260301,SMD_Line_B,Mounter_01,FD_14,NZ_01,CHIP_1005,-23.17,-17.64,0.176,107.0,82.69,-69.53,3.57,244.4,4.61,B,Normal,0
PCB_00434,LOT_20260301,SMD_Line_A,Mounter_02,FD_23,NZ_01,CHIP_0603,4.9,11.48,0.059,150.75,103.12,-74.61,3.48,241.1,4.38,A,Normal,0
PCB_00435,LOT_20260301,SMD_Line_A,Mounter_03,FD_19,NZ_04,CAP_3216,14.78,-23.73,0.354,119.5,70.15,-72.13,2.88,238.6,4.88,F,Tombstone,1
PCB_00436,LOT_20260301,SMD_Line_B,Mounter_04,FD_14,NZ_05,IC_QFP_48,17.04,-10.02,-0.2,89.91,,-76.66,4.28,241.5,3.48,A,Normal,0
PCB_00437,LOT_20260301,SMD_Line_A,Mounter_02,FD_22,NZ_01,CHIP_1005,-11.96,-5.09,0.271,125.11,91.87,-71.75,2.9,252.4,4.58,A,Normal,0
PCB_00438,LOT_20260301,SMD_Line_C,Mounter_04,FD_13,NZ_06,CHIP_0603,2.41,25.29,0.004,148.43,106.67,-75.53,2.24,244.6,5.03,A,Normal,0
PCB_00439,LOT_20260301,SMD_Line_B,Mounter_04,FD_21,NZ_07,CHIP_1005,-27.42,-1.19,0.268,125.39,86.94,-70.06,2.5,241.8,4.34,B,Normal,0
PCB_00440,LOT_20260301,SMD_Line_A,Mounter_04,FD_01,NZ_08,IC_QFP_48,-4.39,3.73,-0.035,103.37,81.66,-69.56,2.48,244.6,4.56,A,Normal,0
PCB_00441,LOT_20260301,SMD_Line_A,Mounter_01,FD_19,NZ_08,CHIP_0603,10.3,-10.35,0.8,125.66,94.01,,2.97,246.4,4.77,A,Normal,0
PCB_00442,LOT_20260301,SMD_Line_C,Mounter_02,FD_01,NZ_01,CHIP_1005,-0.22,10.25,-1.099,127.21,99.91,-74.29,4.06,237.2,4.07,A,Normal,0
PCB_00443,LOT_20260301,SMD_Line_A,Mounter_02,FD_04,NZ_02,BGA_256,-4.15,34.83,0.282,124.96,79.13,-70.58,2.11,241.3,5.77,C,Normal,0
PCB_00444,LOT_20260301,SMD_Line_A,Mounter_01,FD_10,NZ_05,IC_QFP_48,-0.17,5.8,0.385,119.21,113.65,-68.67,4.22,238.8,3.66,F,Tombstone,1
PCB_00445,LOT_20260301,SMD_Line_C,Mounter_03,FD_03,NZ_05,BGA_256,16.04,-3.96,-0.57,119.92,,-72.59,2.77,251.1,3.32,A,Normal,0
PCB_00446,LOT_20260301,SMD_Line_C,Mounter_04,FD_20,NZ_08,BGA_256,-3.06,-23.97,0.821,140.92,100.3,-73.5,2.85,244.5,4.61,B,Normal,0
PCB_00447,LOT_20260301,SMD_Line_C,Mounter_02,FD_09,NZ_01,CAP_3216,0.91,8.19,0.01,121.3,113.23,-76.41,2.72,244.3,3.95,A,Normal,0
PCB_00448,LOT_20260301,SMD_Line_C,Mounter_01,FD_03,NZ_05,CHIP_1005,18.99,-11.63,-0.056,132.42,91.21,-71.24,2.88,244.2,4.34,A,Normal,0
PCB_00449,LOT_20260301,SMD_Line_A,Mounter_04,FD_06,NZ_02,CHIP_1005,-2.85,-8.92,0.167,132.37,,-68.29,3.04,240.3,4.39,A,Normal,0
PCB_00450,LOT_20260301,SMD_Line_A,Mounter_03,FD_06,NZ_08,IC_QFP_48,-20.46,10.99,0.399,120.76,100.07,-67.0,3.11,247.2,4.47,A,Normal,0
PCB_00451,LOT_20260301,SMD_Line_C,Mounter_03,FD_23,NZ_07,IC_QFP_48,17.11,-5.59,0.059,118.71,109.5,-71.17,3.36,252.7,3.59,A,Normal,0
PCB_00452,LOT_20260301,SMD_Line_B,Mounter_04,FD_12,NZ_02,CAP_3216,12.69,-1.11,0.045,131.05,105.33,-76.9,1.93,242.4,3.87,A,Normal,0
PCB_00453,LOT_20260301,SMD_Line_B,Mounter_03,FD_23,NZ_02,CHIP_0603,-27.71,8.85,0.377,105.22,108.24,-73.65,3.1,248.7,4.82,B,Normal,0
PCB_00454,LOT_20260301,SMD_Line_C,Mounter_02,FD_01,NZ_06,CHIP_1005,-1.63,-8.33,0.436,159.91,100.91,-67.9,3.48,244.5,3.97,A,Normal,0
PCB_00455,LOT_20260301,SMD_Line_A,Mounter_02,FD_16,NZ_04,CHIP_0603,-0.28,-15.21,0.151,121.41,94.38,-69.12,3.15,241.8,4.18,A,Normal,0
PCB_00456,LOT_20260301,SMD_Line_B,Mounter_02,FD_24,NZ_01,CHIP_0603,17.11,5.48,-0.696,124.14,123.27,-75.62,3.03,248.8,3.95,B,Normal,0
PCB_00457,LOT_20260301,SMD_Line_A,Mounter_03,FD_05,NZ_07,CHIP_0603,-0.18,8.9,-0.458,141.05,99.76,-65.08,2.88,238.2,4.48,A,Normal,0
PCB_00458,LOT_20260301,SMD_Line_B,Mounter_02,FD_09,NZ_08,IC_QFP_48,2.07,-6.82,0.488,127.45,86.83,-75.79,3.83,239.0,4.02,A,Normal,0
PCB_00459,LOT_20260301,SMD_Line_A,Mounter_01,FD_10,NZ_05,CHIP_0603,2.46,-7.4,-0.125,123.74,117.63,-73.36,3.48,252.4,5.04,A,Normal,0
PCB_00460,LOT_20260301,SMD_Line_A,Mounter_02,FD_13,NZ_02,IC_QFP_48,-5.83,-12.98,-0.269,109.94,96.27,-70.24,3.06,243.3,3.83,F,Tombstone,1
PCB_00461,LOT_20260301,SMD_Line_A,Mounter_02,FD_15,NZ_08,IC_QFP_48,16.22,8.42,0.198,131.53,79.32,-72.28,3.5,250.0,3.51,B,Normal,0
PCB_00462,LOT_20260301,SMD_Line_B,Mounter_03,FD_12,NZ_01,CHIP_0603,-9.9,22.64,0.142,121.8,90.11,-73.14,3.75,244.5,3.62,F,Tombstone,1
PCB_00463,LOT_20260301,SMD_Line_B,Mounter_02,FD_05,NZ_07,CHIP_0603,-6.07,10.99,-0.098,161.22,76.5,-71.95,2.37,234.3,4.8,B,Normal,0
PCB_00464,LOT_20260301,SMD_Line_B,Mounter_04,FD_05,NZ_07,CHIP_1005,-0.07,-1.08,0.335,126.92,90.66,-68.41,3.5,247.9,3.62,A,Normal,0
PCB_00465,LOT_20260301,SMD_Line_C,Mounter_01,FD_18,NZ_01,IC_QFP_48,-16.73,8.45,-0.571,96.0,121.1,-65.27,2.69,246.5,3.54,F,Tombstone,1
PCB_00466,LOT_20260301,SMD_Line_A,Mounter_03,FD_12,NZ_04,BGA_256,22.07,-9.82,-0.78,144.25,105.51,-70.94,3.97,241.9,4.6,F,Tombstone,1
PCB_00467,LOT_20260301,SMD_Line_A,Mounter_01,FD_03,NZ_06,BGA_256,-0.01,4.35,0.676,115.0,99.94,-74.2,2.62,249.6,5.12,A,Normal,0
PCB_00468,LOT_20260301,SMD_Line_C,Mounter_04,FD_07,NZ_05,CAP_3216,10.31,-12.81,-0.505,131.59,93.07,-71.63,3.18,248.9,5.29,A,Normal,0
PCB_00469,LOT_20260301,SMD_Line_A,Mounter_03,FD_17,NZ_06,CHIP_1005,-11.97,-1.44,-0.664,151.07,98.34,-65.09,3.36,241.8,4.16,A,Normal,0
PCB_00470,LOT_20260301,SMD_Line_C,Mounter_03,FD_19,NZ_07,CAP_3216,8.9,12.69,-0.147,125.37,,-69.16,2.08,249.5,2.68,A,Normal,0
PCB_00471,LOT_20260301,SMD_Line_A,Mounter_02,FD_18,NZ_05,BGA_256,9.96,9.58,-0.013,126.93,78.07,-67.31,1.94,245.9,4.13,A,Normal,0
PCB_00472,LOT_20260301,SMD_Line_C,Mounter_01,FD_01,NZ_07,BGA_256,11.76,6.71,-0.215,144.02,135.27,-69.09,2.94,245.3,4.83,C,Normal,0
PCB_00473,LOT_20260301,SMD_Line_A,Mounter_04,FD_24,NZ_02,CHIP_0603,23.81,4.91,-0.103,151.38,89.41,-68.71,4.2,241.9,3.7,A,Normal,0
PCB_00474,LOT_20260301,SMD_Line_C,Mounter_04,FD_05,NZ_02,CAP_3216,-6.98,-8.69,-0.64,127.94,97.01,-71.84,3.09,241.2,3.94,A,Normal,0
PCB_00475,LOT_20260301,SMD_Line_B,Mounter_03,FD_02,NZ_01,CHIP_1005,-2.33,1.68,0.321,160.34,98.08,-66.96,3.48,251.0,4.38,A,Normal,0
PCB_00476,LOT_20260301,SMD_Line_C,Mounter_02,FD_01,NZ_05,IC_QFP_48,-10.57,9.24,-0.688,103.92,97.77,-81.91,1.32,246.6,4.82,A,Normal,0
PCB_00477,LOT_20260301,SMD_Line_A,Mounter_03,FD_07,NZ_05,CHIP_0603,-1.2,-2.87,0.01,116.46,91.94,-70.01,3.7,249.0,3.74,A,Normal,0
PCB_00478,LOT_20260301,SMD_Line_B,Mounter_03,FD_11,NZ_07,CHIP_1005,8.3,-2.41,0.105,122.84,110.5,-70.32,3.49,243.0,4.77,A,Normal,0
PCB_00479,LOT_20260301,SMD_Line_C,Mounter_03,FD_11,NZ_06,CHIP_0603,7.63,-5.55,0.292,145.85,113.69,-75.04,3.59,247.1,4.58,A,Normal,0
PCB_00480,LOT_20260301,SMD_Line_B,Mounter_03,FD_18,NZ_02,CHIP_0603,20.51,-3.36,0.102,133.46,,-70.79,3.22,243.5,4.1,A,Normal,0
PCB_00481,LOT_20260301,SMD_Line_B,Mounter_04,FD_17,NZ_03,CHIP_0603,6.13,-9.13,-0.49,119.87,101.07,-69.92,2.43,247.8,4.62,A,Normal,0
PCB_00482,LOT_20260301,SMD_Line_B,Mounter_04,FD_02,NZ_01,BGA_256,0.01,0.28,-0.185,113.11,92.93,-78.06,2.75,239.1,4.73,A,Normal,0
PCB_00483,LOT_20260301,SMD_Line_B,Mounter_03,FD_07,NZ_08,CHIP_0603,-13.65,-3.78,-0.317,107.6,97.77,-70.72,2.65,239.2,5.06,A,Normal,0
PCB_00484,LOT_20260301,SMD_Line_B,Mounter_03,FD_07,NZ_05,CHIP_0603,10.83,-17.4,-0.708,137.74,98.96,-67.45,3.53,240.4,4.99,A,Normal,0
PCB_00485,LOT_20260301,SMD_Line_B,Mounter_02,FD_10,NZ_04,CHIP_0603,-1.96,30.69,0.196,124.16,88.23,-66.11,3.06,244.9,3.66,B,Normal,0
PCB_00486,LOT_20260301,SMD_Line_C,Mounter_03,FD_22,NZ_04,CHIP_1005,11.11,-12.24,-0.34,145.22,102.14,-69.8,3.7,235.7,4.47,A,Normal,0
PCB_00487,LOT_20260301,SMD_Line_A,Mounter_04,FD_21,NZ_03,CHIP_0603,-5.31,-1.59,0.067,108.5,121.59,-72.29,3.57,246.9,4.21,A,Normal,0
PCB_00488,LOT_20260301,SMD_Line_A,Mounter_01,FD_03,NZ_02,CHIP_0603,15.01,0.72,-0.05,136.41,97.96,-68.58,4.25,247.6,4.41,A,Normal,0
PCB_00489,LOT_20260301,SMD_Line_C,Mounter_04,FD_12,NZ_02,CHIP_1005,4.83,-6.31,-0.511,129.36,,-74.93,3.26,237.7,4.25,F,Tombstone,1
PCB_00490,LOT_20260301,SMD_Line_C,Mounter_02,FD_03,NZ_02,IC_QFP_48,12.4,-1.06,-0.541,120.8,92.12,-69.21,3.06,243.3,4.31,A,Normal,0
PCB_00491,LOT_20260301,SMD_Line_B,Mounter_04,FD_11,NZ_06,CHIP_0603,4.82,-9.66,-0.151,121.89,110.63,-72.12,3.26,252.8,4.22,A,Normal,0
PCB_00492,LOT_20260301,SMD_Line_B,Mounter_01,FD_12,NZ_07,CHIP_0603,-11.57,8.58,-0.591,131.54,92.11,-67.83,1.6,243.2,3.92,A,Normal,0
PCB_00493,LOT_20260301,SMD_Line_A,Mounter_03,FD_04,NZ_04,CHIP_0603,-4.57,-0.26,0.445,129.53,95.04,-73.62,2.98,240.8,4.35,A,Normal,0
PCB_00494,LOT_20260301,SMD_Line_A,Mounter_01,FD_16,NZ_02,CAP_3216,-16.01,8.48,0.605,116.63,106.21,-65.94,3.56,243.4,4.69,A,Normal,0
PCB_00495,LOT_20260301,SMD_Line_B,Mounter_03,FD_20,NZ_04,CHIP_1005,2.31,17.34,0.352,137.73,88.11,-67.71,3.02,249.9,4.14,A,Normal,0
PCB_00496,LOT_20260301,SMD_Line_A,Mounter_03,FD_18,NZ_03,CHIP_1005,-18.28,-3.32,0.157,148.08,,-70.67,3.05,240.2,3.97,A,Normal,0
PCB_00497,LOT_20260301,SMD_Line_B,Mounter_04,FD_04,NZ_01,CHIP_0603,3.67,9.13,0.028,126.34,112.61,-70.96,3.02,247.3,4.34,A,Normal,0
PCB_00498,LOT_20260301,SMD_Line_A,Mounter_04,FD_22,NZ_07,CHIP_1005,-45.24,18.13,-0.472,138.73,101.96,-65.99,4.15,246.8,4.42,C,Normal,0
PCB_00499,LOT_20260301,SMD_Line_C,Mounter_04,FD_06,NZ_06,CHIP_0603,10.12,-1.46,0.372,127.61,110.42,-64.41,3.36,245.0,3.89,A,Normal,0
PCB_00500,LOT_20260301,SMD_Line_C,Mounter_02,FD_21,NZ_05,CHIP_0603,-13.8,8.15,0.617,166.15,84.5,-73.15,3.1,243.4,4.03,A,Normal,0
PCB_00501,LOT_20260302,SMD_Line_B,Mounter_04,FD_15,NZ_03,CHIP_1005,-11.92,-5.49,-0.153,130.21,105.38,-73.0,4.65,248.9,3.67,A,Normal,0
PCB_00502,LOT_20260302,SMD_Line_B,Mounter_02,FD_01,NZ_07,CHIP_1005,17.15,14.13,-0.016,140.52,94.53,-67.37,2.41,240.2,4.4,A,Normal,0
PCB_00503,LOT_20260302,SMD_Line_A,Mounter_04,FD_03,NZ_04,CHIP_0603,4.0,-5.9,-0.364,147.51,104.62,-80.18,2.78,246.7,4.07,A,Normal,0
PCB_00504,LOT_20260302,SMD_Line_C,Mounter_03,FD_05,NZ_03,IC_QFP_48,10.58,8.3,-0.149,120.39,118.98,-80.87,2.54,238.5,4.92,A,Normal,0
PCB_00505,LOT_20260302,SMD_Line_B,Mounter_02,FD_22,NZ_05,CAP_3216,-12.57,11.74,-0.566,140.59,64.18,-74.53,2.73,249.1,4.49,C,Normal,0
PCB_00506,LOT_20260302,SMD_Line_A,Mounter_01,FD_17,NZ_07,CHIP_1005,12.02,-13.91,-0.13,142.94,92.55,-70.78,3.94,248.2,4.58,A,Normal,0
PCB_00507,LOT_20260302,SMD_Line_C,Mounter_02,FD_14,NZ_06,CHIP_1005,-1.72,-7.87,0.195,136.45,72.51,-75.73,2.59,243.2,4.31,B,Normal,0
PCB_00508,LOT_20260302,SMD_Line_C,Mounter_02,FD_09,NZ_08,CAP_3216,1.47,-8.34,0.146,141.45,85.23,-76.22,3.21,244.0,4.67,A,Normal,0
PCB_00509,LOT_20260302,SMD_Line_C,Mounter_01,FD_03,NZ_01,BGA_256,18.63,12.74,0.113,120.28,94.3,-73.52,3.48,247.0,3.42,A,Normal,0
PCB_00510,LOT_20260302,SMD_Line_B,Mounter_02,FD_13,NZ_05,CHIP_1005,-14.54,-13.87,-1.099,162.21,,-67.06,3.61,239.3,4.22,F,Tombstone,1
PCB_00511,LOT_20260302,SMD_Line_B,Mounter_03,FD_03,NZ_07,IC_QFP_48,11.41,3.84,0.022,94.02,109.69,-73.2,2.8,243.7,4.08,A,Normal,0
PCB_00512,LOT_20260302,SMD_Line_B,Mounter_04,FD_11,NZ_06,CHIP_0603,4.82,8.57,0.276,117.38,109.35,-67.95,3.53,245.0,4.81,A,Normal,0
PCB_00513,LOT_20260302,SMD_Line_C,Mounter_01,FD_02,NZ_04,CHIP_1005,-2.66,2.0,-0.004,109.93,106.72,-71.46,2.91,237.8,3.59,A,Normal,0
PCB_00514,LOT_20260302,SMD_Line_C,Mounter_04,FD_24,NZ_05,CHIP_0603,-13.68,15.04,0.511,155.84,83.91,-66.4,3.2,248.8,4.35,B,Normal,0
PCB_00515,LOT_20260302,SMD_Line_A,Mounter_03,FD_15,NZ_08,CHIP_0603,-2.8,-22.71,-0.045,128.04,109.62,-72.65,2.55,253.7,4.88,A,Normal,0
PCB_00516,LOT_20260302,SMD_Line_A,Mounter_01,FD_13,NZ_03,CHIP_1005,-10.23,7.17,0.179,115.83,91.87,-70.35,2.4,255.1,4.19,A,Normal,0
PCB_00517,LOT_20260302,SMD_Line_A,Mounter_04,FD_19,NZ_02,CHIP_0603,14.84,-2.14,-0.451,120.92,105.37,-71.03,3.4,236.8,4.18,A,Normal,0
PCB_00518,LOT_20260302,SMD_Line_C,Mounter_04,FD_22,NZ_03,IC_QFP_48,1.15,-17.76,0.264,107.13,88.98,-72.28,4.62,249.9,4.37,A,Normal,0
PCB_00519,LOT_20260302,SMD_Line_C,Mounter_03,FD_16,NZ_04,CHIP_1005,-8.46,-12.76,0.354,139.41,97.83,-68.99,3.0,242.3,4.13,A,Normal,0
PCB_00520,LOT_20260302,SMD_Line_A,Mounter_04,FD_18,NZ_07,CHIP_1005,-17.97,18.47,-0.321,140.92,99.19,,3.17,244.5,4.44,A,Normal,0
PCB_00521,LOT_20260302,SMD_Line_B,Mounter_03,FD_07,NZ_08,CHIP_0603,-5.79,7.46,-0.643,134.55,104.15,-70.98,3.56,240.9,4.79,A,Normal,0
PCB_00522,LOT_20260302,SMD_Line_A,Mounter_02,FD_13,NZ_01,CHIP_0603,15.45,9.46,-0.203,119.26,89.93,-78.5,3.83,247.6,4.4,A,Normal,0
PCB_00523,LOT_20260302,SMD_Line_C,Mounter_03,FD_04,NZ_05,CHIP_1005,1.39,11.32,-0.449,152.89,,-75.9,3.86,234.5,4.22,A,Normal,0
PCB_00524,LOT_20260302,SMD_Line_C,Mounter_02,FD_09,NZ_07,CAP_3216,-2.25,-16.01,0.27,141.73,84.24,-75.03,3.52,240.0,4.63,A,Normal,0
PCB_00525,LOT_20260302,SMD_Line_C,Mounter_01,FD_10,NZ_01,CHIP_0603,21.23,2.9,-0.22,103.83,120.41,-70.96,3.09,235.5,5.0,B,Normal,0
PCB_00526,LOT_20260302,SMD_Line_B,Mounter_04,FD_09,NZ_04,CHIP_0603,-5.18,12.96,0.323,127.09,90.98,-71.92,3.61,242.6,3.91,A,Normal,0
PCB_00527,LOT_20260302,SMD_Line_B,Mounter_03,FD_07,NZ_05,BGA_256,-10.1,-4.75,-0.704,112.65,76.51,-74.4,3.43,243.7,5.19,B,Normal,0
PCB_00528,LOT_20260302,SMD_Line_A,Mounter_03,FD_15,NZ_06,CHIP_0603,5.05,16.08,-0.373,152.08,99.13,-74.67,3.16,238.4,3.95,A,Normal,0
PCB_00529,LOT_20260302,SMD_Line_A,Mounter_04,FD_08,NZ_06,BGA_256,5.24,-7.23,-0.344,123.27,95.06,-69.36,3.75,247.2,4.42,A,Normal,0
PCB_00530,LOT_20260302,SMD_Line_C,Mounter_04,FD_19,NZ_07,CHIP_1005,-7.33,1.47,0.124,109.31,88.98,-74.32,3.46,246.8,4.4,A,Normal,0
PCB_00531,LOT_20260302,SMD_Line_C,Mounter_01,FD_11,NZ_03,CHIP_1005,-9.97,4.69,-0.934,127.81,116.15,-80.43,2.78,248.6,4.43,B,Normal,0
PCB_00532,LOT_20260302,SMD_Line_C,Mounter_01,FD_05,NZ_07,CHIP_0603,18.09,8.9,-0.124,153.85,109.06,,2.56,250.9,3.41,A,Normal,0
PCB_00533,LOT_20260302,SMD_Line_C,Mounter_03,FD_02,NZ_03,CHIP_0603,-5.41,-3.4,-0.164,142.97,105.54,-73.69,2.25,243.9,3.61,A,Normal,0
PCB_00534,LOT_20260302,SMD_Line_B,Mounter_01,FD_10,NZ_08,CHIP_0603,-18.15,11.94,0.163,122.18,88.54,-69.13,2.63,245.9,4.04,A,Normal,0
PCB_00535,LOT_20260302,SMD_Line_C,Mounter_02,FD_16,NZ_04,BGA_256,2.41,5.05,0.023,127.39,93.64,-74.43,3.22,240.7,3.91,A,Normal,0
PCB_00536,LOT_20260302,SMD_Line_C,Mounter_01,FD_23,NZ_06,IC_QFP_48,11.18,-19.34,-0.43,144.92,92.67,-72.61,3.81,245.3,4.49,F,Tombstone,1
PCB_00537,LOT_20260302,SMD_Line_C,Mounter_01,FD_13,NZ_08,IC_QFP_48,-2.38,21.67,-1.016,150.92,78.08,-70.82,3.13,245.5,4.83,C,Normal,0
PCB_00538,LOT_20260302,SMD_Line_A,Mounter_03,FD_08,NZ_05,IC_QFP_48,6.71,-11.3,-0.347,106.74,103.26,-79.49,3.38,251.4,3.21,A,Normal,0
PCB_00539,LOT_20260302,SMD_Line_B,Mounter_02,FD_09,NZ_06,CHIP_0603,-13.09,22.64,-0.57,132.3,104.13,-73.92,3.56,247.3,3.65,B,Normal,0
PCB_00540,LOT_20260302,SMD_Line_A,Mounter_01,FD_11,NZ_03,CHIP_1005,7.85,-1.86,-0.544,124.68,101.47,-74.52,2.47,247.3,3.96,A,Normal,0
PCB_00541,LOT_20260302,SMD_Line_C,Mounter_02,FD_11,NZ_07,CHIP_1005,-11.94,-4.06,-0.331,122.69,102.73,,2.94,243.7,3.66,A,Normal,0
PCB_00542,LOT_20260302,SMD_Line_B,Mounter_02,FD_23,NZ_04,IC_QFP_48,3.81,4.71,0.368,150.13,86.41,-73.64,2.5,231.3,4.06,A,Normal,0
PCB_00543,LOT_20260302,SMD_Line_A,Mounter_02,FD_16,NZ_06,CHIP_0603,9.6,-8.24,-0.571,109.68,89.27,-71.84,3.0,245.1,3.8,A,Normal,0
PCB_00544,LOT_20260302,SMD_Line_B,Mounter_04,FD_10,NZ_08,CHIP_1005,1.23,-22.25,-0.835,142.08,96.2,-71.19,3.36,243.0,4.47,B,Normal,0
PCB_00545,LOT_20260302,SMD_Line_B,Mounter_04,FD_24,NZ_04,BGA_256,-15.44,-1.29,-0.261,95.77,116.61,-69.64,3.25,240.3,5.58,A,Normal,0
PCB_00546,LOT_20260302,SMD_Line_A,Mounter_04,FD_12,NZ_08,CHIP_1005,-14.9,4.43,-0.125,119.12,113.95,-70.06,2.71,248.1,3.8,A,Normal,0
PCB_00547,LOT_20260302,SMD_Line_A,Mounter_04,FD_06,NZ_06,CHIP_0603,19.91,18.15,-0.155,130.51,106.2,-67.68,3.53,249.1,4.85,A,Normal,0
PCB_00548,LOT_20260302,SMD_Line_B,Mounter_03,FD_12,NZ_07,CHIP_1005,-9.6,-14.06,-0.297,110.33,124.18,-68.45,3.36,240.8,5.54,B,Normal,0
PCB_00549,LOT_20260302,SMD_Line_B,Mounter_01,FD_10,NZ_01,CHIP_0603,9.56,6.85,-0.11,163.06,106.12,-66.98,3.46,245.2,3.89,A,Normal,0
PCB_00550,LOT_20260302,SMD_Line_C,Mounter_04,FD_18,NZ_07,IC_QFP_48,1.48,-1.23,0.097,119.24,107.63,-67.55,3.29,244.5,5.3,A,Normal,0
PCB_00551,LOT_20260302,SMD_Line_B,Mounter_03,FD_18,NZ_06,CAP_3216,-12.55,0.39,-0.392,118.03,117.76,-73.65,2.75,249.8,3.78,A,Normal,0
PCB_00552,LOT_20260302,SMD_Line_C,Mounter_01,FD_04,NZ_03,CHIP_1005,-6.66,11.47,0.451,119.6,108.35,-72.91,2.47,246.8,4.84,A,Normal,0
PCB_00553,LOT_20260302,SMD_Line_B,Mounter_04,FD_09,NZ_07,CHIP_1005,21.25,-6.03,-0.082,138.75,119.78,-72.65,3.43,248.0,3.82,B,Normal,0
PCB_00554,LOT_20260302,SMD_Line_B,Mounter_01,FD_07,NZ_05,IC_QFP_48,43.62,1.98,0.441,143.61,100.34,-67.72,3.45,243.5,3.29,C,Normal,0
PCB_00555,LOT_20260302,SMD_Line_C,Mounter_04,FD_18,NZ_03,CHIP_0603,-3.97,12.86,0.119,123.43,92.32,-72.63,3.25,246.7,4.74,A,Normal,0
PCB_00556,LOT_20260302,SMD_Line_B,Mounter_03,FD_08,NZ_03,CHIP_0603,-4.83,12.15,-0.567,134.75,98.86,-69.08,4.46,248.7,4.48,A,Normal,0
PCB_00557,LOT_20260302,SMD_Line_A,Mounter_02,FD_11,NZ_03,CAP_3216,-20.48,-14.4,-0.88,135.92,102.85,-78.4,2.92,254.7,4.18,B,Normal,0
PCB_00558,LOT_20260302,SMD_Line_A,Mounter_02,FD_07,NZ_04,IC_QFP_48,-20.62,-7.23,0.479,108.38,89.14,-79.11,3.41,242.7,3.39,F,Tombstone,1
PCB_00559,LOT_20260302,SMD_Line_C,Mounter_01,FD_09,NZ_02,CHIP_0603,-10.72,-1.7,-0.411,128.21,91.45,-67.23,3.27,243.5,4.88,A,Normal,0
PCB_00560,LOT_20260302,SMD_Line_B,Mounter_03,FD_08,NZ_02,CHIP_0603,-5.56,9.6,-0.044,120.54,,-69.98,3.18,241.9,4.76,A,Normal,0
PCB_00561,LOT_20260302,SMD_Line_B,Mounter_02,FD_03,NZ_01,IC_QFP_48,-0.32,-2.96,-0.271,106.65,86.82,-67.56,2.56,243.1,3.3,A,Normal,0
PCB_00562,LOT_20260302,SMD_Line_A,Mounter_04,FD_17,NZ_08,IC_QFP_48,8.63,0.98,0.604,133.2,92.94,-77.07,3.04,250.8,4.33,A,Normal,0
PCB_00563,LOT_20260302,SMD_Line_A,Mounter_02,FD_02,NZ_08,BGA_256,2.76,14.75,-0.034,145.22,108.82,-71.1,3.78,241.5,4.49,A,Normal,0
PCB_00564,LOT_20260302,SMD_Line_A,Mounter_01,FD_15,NZ_03,CHIP_0603,8.83,-4.0,-0.621,130.66,109.53,-76.91,3.55,246.6,3.65,A,Normal,0
PCB_00565,LOT_20260302,SMD_Line_A,Mounter_01,FD_14,NZ_02,CAP_3216,-7.67,17.38,-0.119,91.42,83.17,-68.56,3.71,249.2,4.72,A,Normal,0
PCB_00566,LOT_20260302,SMD_Line_B,Mounter_03,FD_18,NZ_01,CHIP_1005,-0.88,-18.94,0.506,123.15,103.71,-71.59,2.83,250.0,5.46,A,Normal,0
PCB_00567,LOT_20260302,SMD_Line_A,Mounter_01,FD_16,NZ_04,IC_QFP_48,-4.55,-4.63,-0.392,116.6,99.17,-72.11,3.76,251.1,4.75,A,Normal,0
PCB_00568,LOT_20260302,SMD_Line_B,Mounter_02,FD_20,NZ_03,CHIP_1005,-15.83,-16.11,-0.703,156.7,112.61,,2.54,247.0,5.09,F,Tombstone,1
PCB_00569,LOT_20260302,SMD_Line_C,Mounter_02,FD_22,NZ_05,CHIP_0603,-24.68,1.38,0.329,124.91,96.77,-72.01,3.08,246.6,4.66,A,Normal,0
PCB_00570,LOT_20260302,SMD_Line_A,Mounter_02,FD_04,NZ_04,CAP_3216,-8.36,8.86,-0.441,105.79,85.13,-72.12,2.59,242.6,3.65,A,Normal,0
PCB_00571,LOT_20260302,SMD_Line_B,Mounter_02,FD_20,NZ_01,CHIP_0603,-31.01,-1.9,-0.765,129.31,94.16,-76.75,4.26,236.7,4.63,B,Normal,0
PCB_00572,LOT_20260302,SMD_Line_C,Mounter_03,FD_06,NZ_04,CHIP_0603,-14.16,-5.6,-0.425,139.53,85.63,-66.96,3.3,242.5,3.56,F,Tombstone,1
PCB_00573,LOT_20260302,SMD_Line_A,Mounter_04,FD_06,NZ_05,BGA_256,6.81,-16.04,0.1,131.48,72.94,-71.28,3.77,245.7,3.95,B,Normal,0
PCB_00574,LOT_20260302,SMD_Line_B,Mounter_04,FD_11,NZ_08,CHIP_1005,2.25,19.84,0.174,117.96,99.36,-69.83,3.44,249.3,4.08,A,Normal,0
PCB_00575,LOT_20260302,SMD_Line_C,Mounter_03,FD_17,NZ_04,BGA_256,0.27,-0.26,0.155,123.12,106.23,-76.45,3.52,251.3,4.02,A,Normal,0
PCB_00576,LOT_20260302,SMD_Line_C,Mounter_01,FD_24,NZ_01,CHIP_1005,14.76,-5.34,-0.485,141.48,102.24,,2.57,245.0,3.81,F,Tombstone,1
PCB_00577,LOT_20260302,SMD_Line_A,Mounter_04,FD_03,NZ_08,CHIP_1005,-9.11,18.44,0.381,131.52,84.58,-71.12,3.16,249.7,4.08,A,Normal,0
PCB_00578,LOT_20260302,SMD_Line_C,Mounter_01,FD_13,NZ_08,CAP_3216,8.52,-4.15,0.308,160.38,83.77,-65.69,2.55,245.7,4.14,A,Normal,0
PCB_00579,LOT_20260302,SMD_Line_B,Mounter_04,FD_22,NZ_08,CHIP_0603,-10.09,-10.74,0.195,131.47,102.62,-68.21,2.92,245.9,4.85,A,Normal,0
PCB_00580,LOT_20260302,SMD_Line_A,Mounter_01,FD_03,NZ_05,BGA_256,3.47,-8.38,-0.497,107.08,,,3.21,243.7,4.41,A,Normal,0
PCB_00581,LOT_20260302,SMD_Line_B,Mounter_03,FD_16,NZ_05,CHIP_0603,1.92,-10.12,-0.293,127.0,,-69.01,2.64,243.0,4.7,A,Normal,0
PCB_00582,LOT_20260302,SMD_Line_C,Mounter_02,FD_15,NZ_08,BGA_256,2.59,-12.58,0.127,121.55,96.48,-68.53,2.42,242.6,4.08,A,Normal,0
PCB_00583,LOT_20260302,SMD_Line_B,Mounter_01,FD_11,NZ_04,CHIP_0603,-4.83,-8.18,0.246,106.71,102.54,-69.54,2.47,242.7,4.68,A,Normal,0
PCB_00584,LOT_20260302,SMD_Line_A,Mounter_02,FD_18,NZ_05,CHIP_1005,3.99,28.5,-0.471,131.96,110.96,-71.04,3.57,242.2,3.24,B,Normal,0
PCB_00585,LOT_20260302,SMD_Line_B,Mounter_01,FD_15,NZ_07,BGA_256,4.97,-13.57,0.773,123.73,98.27,-72.46,3.0,248.6,3.56,A,Normal,0
PCB_00586,LOT_20260302,SMD_Line_A,Mounter_01,FD_05,NZ_04,CHIP_1005,-17.88,-17.61,-0.076,132.24,83.87,-71.9,2.42,250.3,4.7,B,Normal,0
PCB_00587,LOT_20260302,SMD_Line_A,Mounter_01,FD_16,NZ_03,IC_QFP_48,10.61,3.28,0.413,157.45,66.16,-66.89,3.15,241.8,3.9,C,Normal,0
PCB_00588,LOT_20260302,SMD_Line_A,Mounter_01,FD_16,NZ_05,BGA_256,-15.45,-0.9,-0.573,128.06,102.18,-66.64,3.61,241.3,4.25,A,Normal,0
PCB_00589,LOT_20260302,SMD_Line_A,Mounter_01,FD_17,NZ_04,IC_QFP_48,-10.97,7.79,0.079,145.37,97.62,-72.43,3.11,244.2,3.03,A,Normal,0
PCB_00590,LOT_20260302,SMD_Line_A,Mounter_02,FD_09,NZ_03,CAP_3216,3.02,-6.54,-0.583,127.13,,-74.55,2.33,241.3,4.01,A,Normal,0
PCB_00591,LOT_20260302,SMD_Line_A,Mounter_01,FD_23,NZ_05,CHIP_1005,7.47,-10.25,0.055,136.23,82.88,-67.37,3.07,240.7,3.58,A,Normal,0
PCB_00592,LOT_20260302,SMD_Line_B,Mounter_02,FD_03,NZ_03,CHIP_0603,2.75,19.75,0.195,131.8,96.85,-68.58,2.69,243.5,3.86,A,Normal,0
PCB_00593,LOT_20260302,SMD_Line_A,Mounter_03,FD_20,NZ_06,CHIP_0603,4.07,-19.02,0.22,134.01,93.44,-71.09,3.32,246.0,4.26,A,Normal,0
PCB_00594,LOT_20260302,SMD_Line_A,Mounter_04,FD_13,NZ_05,CHIP_0603,-14.21,4.26,-0.345,128.03,,-75.21,2.95,246.0,4.25,F,Tombstone,1
PCB_00595,LOT_20260302,SMD_Line_C,Mounter_01,FD_22,NZ_06,CHIP_0603,-6.55,8.15,-0.832,151.76,117.03,-77.71,3.3,243.7,4.08,B,Normal,0
PCB_00596,LOT_20260302,SMD_Line_B,Mounter_04,FD_03,NZ_01,CHIP_1005,-25.63,9.7,0.132,139.48,89.8,-69.19,2.13,242.8,4.65,B,Normal,0
PCB_00597,LOT_20260302,SMD_Line_B,Mounter_02,FD_07,NZ_01,CHIP_0603,-11.48,-3.58,-0.193,131.73,118.05,-73.79,3.21,247.6,3.98,A,Normal,0
PCB_00598,LOT_20260302,SMD_Line_A,Mounter_03,FD_06,NZ_04,CHIP_0603,-16.77,-14.73,-0.193,143.63,119.4,-73.88,3.01,246.6,4.07,B,Normal,0
PCB_00599,LOT_20260302,SMD_Line_A,Mounter_03,FD_09,NZ_02,CHIP_0603,0.17,17.69,-0.428,131.93,103.52,-70.35,2.63,245.7,3.6,F,Tombstone,1
PCB_00600,LOT_20260302,SMD_Line_A,Mounter_03,FD_12,NZ_06,BGA_256,29.45,-5.26,-0.038,146.75,88.83,-73.74,3.2,242.6,4.81,B,Normal,0
PCB_00601,LOT_20260302,SMD_Line_A,Mounter_04,FD_15,NZ_06,CHIP_1005,9.5,18.05,-0.016,112.3,101.43,-73.59,2.98,250.6,3.79,A,Normal,0
PCB_00602,LOT_20260302,SMD_Line_A,Mounter_02,FD_21,NZ_01,CHIP_1005,-28.06,4.34,0.461,161.97,74.5,-74.37,3.12,239.5,3.49,C,Normal,0
PCB_00603,LOT_20260302,SMD_Line_A,Mounter_01,FD_20,NZ_06,BGA_256,-18.97,-5.71,-0.921,132.58,,-69.52,2.57,242.7,3.59,F,Tombstone,1
PCB_00604,LOT_20260302,SMD_Line_A,Mounter_01,FD_03,NZ_02,CHIP_0603,-16.24,4.64,-0.609,112.88,103.2,-75.29,3.25,240.9,4.3,A,Normal,0
PCB_00605,LOT_20260302,SMD_Line_A,Mounter_02,FD_10,NZ_08,CAP_3216,-21.94,13.58,0.193,141.24,104.63,-77.15,2.05,245.0,4.15,A,Normal,0
PCB_00606,LOT_20260302,SMD_Line_B,Mounter_04,FD_01,NZ_03,CHIP_1005,-3.53,0.97,-1.004,149.4,,-75.33,3.04,242.2,4.09,A,Normal,0
PCB_00607,LOT_20260302,SMD_Line_A,Mounter_01,FD_19,NZ_03,CHIP_0603,2.86,-8.7,-0.339,114.63,100.84,-66.96,3.13,245.4,4.7,A,Normal,0
PCB_00608,LOT_20260302,SMD_Line_A,Mounter_02,FD_19,NZ_02,IC_QFP_48,-16.16,-21.09,1.055,122.92,87.77,-74.03,4.16,247.2,3.71,F,Tombstone,1
PCB_00609,LOT_20260302,SMD_Line_B,Mounter_01,FD_23,NZ_06,IC_QFP_48,-2.79,-5.01,-0.138,145.22,116.89,-70.28,2.99,250.3,4.45,A,Normal,0
PCB_00610,LOT_20260302,SMD_Line_B,Mounter_03,FD_23,NZ_06,CHIP_1005,2.75,9.53,0.301,138.47,117.37,-73.08,4.1,245.9,4.25,F,Tombstone,1
PCB_00611,LOT_20260302,SMD_Line_A,Mounter_01,FD_13,NZ_06,BGA_256,8.74,-11.92,-0.77,123.4,108.53,-72.69,3.83,245.8,4.4,A,Normal,0
PCB_00612,LOT_20260302,SMD_Line_C,Mounter_04,FD_12,NZ_07,CHIP_0603,1.95,8.04,0.302,126.26,96.79,-67.19,3.07,246.8,4.26,F,Tombstone,1
PCB_00613,LOT_20260302,SMD_Line_B,Mounter_02,FD_01,NZ_04,CHIP_0603,4.13,0.33,-0.183,111.24,90.12,-71.56,3.16,235.4,3.83,A,Normal,0
PCB_00614,LOT_20260302,SMD_Line_A,Mounter_04,FD_19,NZ_05,CHIP_0603,-0.47,8.8,0.117,115.18,110.15,-66.16,2.5,245.2,3.09,A,Normal,0
PCB_00615,LOT_20260302,SMD_Line_C,Mounter_02,FD_24,NZ_02,CHIP_0603,-12.68,-27.6,0.237,104.91,102.21,-65.21,2.79,240.3,4.61,B,Normal,0
PCB_00616,LOT_20260302,SMD_Line_C,Mounter_03,FD_16,NZ_02,CHIP_0603,-9.94,-16.76,-0.245,124.77,87.98,-66.46,3.29,242.3,4.2,A,Normal,0
PCB_00617,LOT_20260302,SMD_Line_A,Mounter_02,FD_23,NZ_07,CAP_3216,-16.53,-5.46,0.206,140.16,112.7,-73.82,2.96,244.5,4.26,A,Normal,0
PCB_00618,LOT_20260302,SMD_Line_A,Mounter_01,FD_23,NZ_02,CHIP_0603,18.73,22.02,-0.518,126.0,94.63,-71.38,3.68,249.0,4.18,B,Normal,0
PCB_00619,LOT_20260302,SMD_Line_C,Mounter_01,FD_15,NZ_08,CHIP_1005,-18.37,-8.9,0.011,146.75,,-66.81,3.54,237.6,3.46,A,Normal,0
PCB_00620,LOT_20260302,SMD_Line_B,Mounter_03,FD_16,NZ_08,CHIP_1005,11.9,-1.5,0.221,120.31,111.36,-69.21,3.33,246.0,4.31,A,Normal,0
PCB_00621,LOT_20260302,SMD_Line_A,Mounter_02,FD_11,NZ_02,BGA_256,-18.24,25.38,-0.256,107.63,90.54,-67.93,3.56,245.4,4.21,B,Normal,0
PCB_00622,LOT_20260302,SMD_Line_A,Mounter_03,FD_24,NZ_07,CAP_3216,9.59,5.06,-0.447,147.32,101.51,-67.63,3.4,246.8,4.16,A,Normal,0
PCB_00623,LOT_20260302,SMD_Line_A,Mounter_01,FD_06,NZ_02,IC_QFP_48,12.15,10.14,-0.219,135.51,115.4,-67.44,3.19,254.4,5.06,A,Normal,0
PCB_00624,LOT_20260302,SMD_Line_B,Mounter_04,FD_11,NZ_06,CAP_3216,14.4,-7.58,0.477,148.41,114.19,-75.43,2.74,251.5,4.26,A,Normal,0
PCB_00625,LOT_20260302,SMD_Line_B,Mounter_03,FD_03,NZ_07,IC_QFP_48,-13.02,13.91,0.408,124.95,104.1,-72.18,4.29,246.2,4.14,A,Normal,0
PCB_00626,LOT_20260302,SMD_Line_A,Mounter_04,FD_15,NZ_04,CAP_3216,2.05,15.71,0.329,153.86,85.93,-74.24,3.57,247.4,4.12,A,Normal,0
PCB_00627,LOT_20260302,SMD_Line_B,Mounter_04,FD_01,NZ_01,IC_QFP_48,-7.51,5.92,0.679,113.85,94.03,-72.39,3.4,244.8,3.66,A,Normal,0
PCB_00628,LOT_20260302,SMD_Line_B,Mounter_02,FD_07,NZ_06,CHIP_0603,-11.08,-1.01,0.003,125.69,128.99,-71.24,2.72,248.2,4.27,B,Normal,0
PCB_00629,LOT_20260302,SMD_Line_A,Mounter_03,FD_01,NZ_08,CHIP_1005,0.55,6.6,0.079,136.12,111.37,-71.62,4.63,245.1,4.34,A,Normal,0
PCB_00630,LOT_20260302,SMD_Line_A,Mounter_04,FD_17,NZ_06,CHIP_1005,10.17,-19.18,-0.897,122.96,97.23,-74.05,2.76,246.8,3.87,B,Normal,0
PCB_00631,LOT_20260302,SMD_Line_B,Mounter_04,FD_09,NZ_05,CHIP_1005,-7.44,12.85,-0.41,133.41,84.89,-76.42,3.22,242.2,4.57,A,Normal,0
PCB_00632,LOT_20260302,SMD_Line_C,Mounter_02,FD_23,NZ_07,CHIP_0603,4.11,-10.02,0.23,148.72,77.2,-77.32,3.24,246.0,4.44,A,Normal,0
PCB_00633,LOT_20260302,SMD_Line_B,Mounter_02,FD_13,NZ_08,CHIP_1005,-11.35,-3.29,0.391,135.65,114.58,-65.59,2.38,250.7,4.14,A,Normal,0
PCB_00634,LOT_20260302,SMD_Line_B,Mounter_01,FD_11,NZ_01,CAP_3216,-13.04,15.55,-0.582,127.32,114.82,-67.65,3.46,247.4,4.61,B,Normal,0
PCB_00635,LOT_20260302,SMD_Line_A,Mounter_04,FD_20,NZ_02,CHIP_0603,-4.06,12.95,-0.042,148.39,99.54,-70.8,3.4,245.5,4.01,A,Normal,0
PCB_00636,LOT_20260302,SMD_Line_B,Mounter_01,FD_06,NZ_01,IC_QFP_48,-3.31,-19.13,0.972,137.69,95.07,,2.55,232.8,4.6,B,Normal,0
PCB_00637,LOT_20260302,SMD_Line_B,Mounter_04,FD_01,NZ_04,IC_QFP_48,8.35,-11.18,-0.039,129.88,113.61,-74.87,3.64,246.6,3.96,A,Normal,0
PCB_00638,LOT_20260302,SMD_Line_A,Mounter_01,FD_07,NZ_03,CAP_3216,-15.64,7.55,0.65,128.8,82.25,-70.24,2.62,244.6,4.99,B,Normal,0
PCB_00639,LOT_20260302,SMD_Line_A,Mounter_02,FD_12,NZ_06,CAP_3216,26.98,-20.53,0.156,124.49,123.98,-69.03,3.0,240.5,3.91,F,Tombstone,1
PCB_00640,LOT_20260302,SMD_Line_A,Mounter_03,FD_22,NZ_07,IC_QFP_48,-22.4,16.75,0.253,142.65,108.85,-73.08,2.73,244.7,4.12,B,Normal,0
PCB_00641,LOT_20260302,SMD_Line_A,Mounter_02,FD_20,NZ_07,CHIP_1005,2.85,1.39,-0.409,143.21,,-70.05,3.56,244.7,3.77,A,Normal,0
PCB_00642,LOT_20260302,SMD_Line_A,Mounter_01,FD_23,NZ_01,CHIP_0603,-3.56,16.67,-0.724,148.98,109.43,-72.33,3.5,245.0,4.47,A,Normal,0
PCB_00643,LOT_20260302,SMD_Line_A,Mounter_01,FD_19,NZ_05,CHIP_1005,-8.1,-8.79,0.325,136.45,91.8,-68.02,2.52,248.1,3.63,A,Normal,0
PCB_00644,LOT_20260302,SMD_Line_A,Mounter_03,FD_17,NZ_08,IC_QFP_48,-2.19,-7.74,0.138,121.84,83.97,-72.13,2.84,244.1,4.14,A,Normal,0
PCB_00645,LOT_20260302,SMD_Line_A,Mounter_04,FD_04,NZ_04,BGA_256,8.4,12.2,0.027,134.96,109.39,-72.25,2.85,244.0,3.51,A,Normal,0
PCB_00646,LOT_20260302,SMD_Line_C,Mounter_01,FD_03,NZ_03,IC_QFP_48,10.34,-3.5,-0.597,121.57,86.74,-73.75,3.59,243.5,4.47,A,Normal,0
PCB_00647,LOT_20260302,SMD_Line_B,Mounter_01,FD_01,NZ_04,CHIP_0603,-2.72,-14.64,-0.161,132.43,83.96,-69.35,2.77,246.0,4.5,A,Normal,0
PCB_00648,LOT_20260302,SMD_Line_B,Mounter_01,FD_18,NZ_07,CHIP_1005,4.15,6.63,-0.278,151.15,105.82,-70.54,3.12,247.3,4.26,A,Normal,0
PCB_00649,LOT_20260302,SMD_Line_C,Mounter_03,FD_21,NZ_02,CHIP_0603,-16.63,-18.79,-0.233,147.72,98.76,-76.05,3.06,250.4,3.94,A,Normal,0
PCB_00650,LOT_20260302,SMD_Line_B,Mounter_02,FD_15,NZ_03,CHIP_0603,-2.3,17.02,0.103,143.58,112.14,-70.64,3.0,247.2,4.55,A,Normal,0
PCB_00651,LOT_20260302,SMD_Line_A,Mounter_01,FD_08,NZ_08,CHIP_0603,4.93,2.17,0.318,129.66,96.4,-71.35,4.23,249.5,3.73,A,Normal,0
PCB_00652,LOT_20260302,SMD_Line_B,Mounter_03,FD_01,NZ_08,CHIP_0603,-28.54,-10.5,0.129,143.44,95.32,-68.63,2.79,248.6,3.83,B,Normal,0
PCB_00653,LOT_20260302,SMD_Line_B,Mounter_01,FD_20,NZ_07,BGA_256,1.01,13.51,0.088,120.39,,-72.31,3.06,245.6,4.55,A,Normal,0
PCB_00654,LOT_20260302,SMD_Line_B,Mounter_04,FD_14,NZ_05,CHIP_0603,-2.1,13.72,0.051,108.07,,-75.41,3.42,242.0,4.47,F,Tombstone,1
PCB_00655,LOT_20260302,SMD_Line_B,Mounter_03,FD_04,NZ_03,CHIP_0603,15.87,0.04,-0.079,134.08,99.79,-73.58,2.95,246.7,4.47,A,Normal,0
PCB_00656,LOT_20260302,SMD_Line_A,Mounter_01,FD_05,NZ_07,CAP_3216,2.09,26.85,-0.374,124.37,114.26,-65.58,2.85,251.5,5.35,F,Tombstone,1
PCB_00657,LOT_20260302,SMD_Line_A,Mounter_03,FD_23,NZ_05,CHIP_1005,6.0,26.58,0.021,156.76,109.12,-72.74,3.4,249.6,4.29,F,Tombstone,1
PCB_00658,LOT_20260302,SMD_Line_A,Mounter_01,FD_13,NZ_02,CHIP_0603,-3.39,3.82,0.336,154.49,103.99,-68.38,3.67,250.4,4.0,A,Normal,0
PCB_00659,LOT_20260302,SMD_Line_B,Mounter_02,FD_24,NZ_05,CHIP_0603,7.9,12.57,-0.052,119.67,91.23,-76.8,3.98,237.3,4.13,A,Normal,0
PCB_00660,LOT_20260302,SMD_Line_B,Mounter_01,FD_15,NZ_04,CHIP_0603,7.03,15.44,-0.414,140.42,95.02,-70.61,3.08,236.7,3.15,A,Normal,0
PCB_00661,LOT_20260302,SMD_Line_A,Mounter_03,FD_06,NZ_01,CHIP_0603,-16.33,-13.39,-0.538,100.38,106.59,-77.37,2.74,243.0,4.39,A,Normal,0
PCB_00662,LOT_20260302,SMD_Line_C,Mounter_04,FD_01,NZ_04,CHIP_0603,3.89,3.38,-0.429,135.09,99.38,-71.75,2.73,247.0,4.91,A,Normal,0
PCB_00663,LOT_20260302,SMD_Line_B,Mounter_04,FD_23,NZ_08,CHIP_1005,14.78,-8.05,-0.515,134.71,117.02,-74.59,4.04,243.4,4.03,A,Normal,0
PCB_00664,LOT_20260302,SMD_Line_A,Mounter_04,FD_19,NZ_07,CHIP_0603,12.3,-9.71,1.301,115.1,115.78,-75.24,3.4,244.2,4.86,B,Normal,0
PCB_00665,LOT_20260302,SMD_Line_A,Mounter_01,FD_13,NZ_07,CHIP_1005,0.34,1.43,-0.395,132.48,97.0,-75.65,2.71,238.8,3.72,A,Normal,0
PCB_00666,LOT_20260302,SMD_Line_A,Mounter_02,FD_06,NZ_06,BGA_256,4.02,2.32,-0.017,116.08,101.12,-72.75,2.79,242.4,3.81,A,Normal,0
PCB_00667,LOT_20260302,SMD_Line_A,Mounter_01,FD_15,NZ_04,CHIP_1005,11.44,-19.02,-0.039,142.78,90.47,-78.65,2.53,241.3,3.81,A,Normal,0
PCB_00668,LOT_20260302,SMD_Line_A,Mounter_04,FD_16,NZ_03,CAP_3216,-14.24,4.06,0.636,132.79,98.77,-77.04,3.15,241.4,3.47,A,Normal,0
PCB_00669,LOT_20260302,SMD_Line_A,Mounter_03,FD_24,NZ_08,CHIP_1005,5.93,-2.96,0.193,152.39,111.4,-71.67,3.49,241.9,4.93,A,Normal,0
PCB_00670,LOT_20260302,SMD_Line_A,Mounter_04,FD_23,NZ_02,CHIP_1005,-24.64,16.5,0.191,107.04,93.47,-78.11,4.13,240.4,4.46,F,Tombstone,1
PCB_00671,LOT_20260302,SMD_Line_A,Mounter_03,FD_16,NZ_08,IC_QFP_48,10.78,13.72,0.078,116.98,95.6,-77.33,3.85,234.9,4.51,A,Normal,0
PCB_00672,LOT_20260302,SMD_Line_C,Mounter_02,FD_10,NZ_06,CHIP_0603,-4.81,-10.1,0.124,122.72,85.98,-65.75,3.22,250.9,3.84,A,Normal,0
PCB_00673,LOT_20260302,SMD_Line_A,Mounter_03,FD_22,NZ_06,CHIP_0603,-1.08,15.49,0.145,137.36,93.24,-66.5,2.78,244.5,4.6,A,Normal,0
PCB_00674,LOT_20260302,SMD_Line_B,Mounter_01,FD_09,NZ_06,IC_QFP_48,-6.94,6.32,-0.282,134.06,107.36,-74.91,3.48,242.1,3.95,A,Normal,0
PCB_00675,LOT_20260302,SMD_Line_B,Mounter_01,FD_09,NZ_07,CHIP_1005,-0.51,-2.58,-0.413,136.38,97.11,-70.85,2.14,244.4,3.97,A,Normal,0
PCB_00676,LOT_20260302,SMD_Line_C,Mounter_01,FD_17,NZ_01,IC_QFP_48,3.19,-6.04,0.026,120.26,86.18,-74.88,2.73,246.4,4.74,A,Normal,0
PCB_00677,LOT_20260302,SMD_Line_A,Mounter_03,FD_17,NZ_05,CAP_3216,9.43,-13.54,-0.242,101.46,102.55,-74.74,3.58,245.5,3.78,A,Normal,0
PCB_00678,LOT_20260302,SMD_Line_A,Mounter_01,FD_17,NZ_03,CHIP_1005,16.24,-14.37,0.083,118.6,99.38,-82.97,3.73,241.9,3.7,A,Normal,0
PCB_00679,LOT_20260302,SMD_Line_C,Mounter_01,FD_24,NZ_08,CHIP_1005,0.61,-21.56,-0.486,151.12,113.45,-66.65,3.99,249.2,3.64,F,Tombstone,1
PCB_00680,LOT_20260302,SMD_Line_C,Mounter_01,FD_12,NZ_07,CHIP_1005,-20.77,0.25,-0.663,120.69,98.37,-70.06,3.13,242.5,4.13,A,Normal,0
PCB_00681,LOT_20260302,SMD_Line_C,Mounter_02,FD_13,NZ_08,CAP_3216,16.32,-24.31,-0.576,132.66,88.06,-69.4,3.98,244.0,5.23,B,Normal,0
PCB_00682,LOT_20260302,SMD_Line_A,Mounter_03,FD_12,NZ_02,BGA_256,-18.4,-10.22,-0.033,130.91,111.56,-70.14,2.97,252.2,4.07,A,Normal,0
PCB_00683,LOT_20260302,SMD_Line_A,Mounter_03,FD_14,NZ_07,CAP_3216,-5.28,7.75,-0.727,132.75,88.37,-72.7,2.92,253.7,3.55,F,Tombstone,1
PCB_00684,LOT_20260302,SMD_Line_B,Mounter_04,FD_10,NZ_01,CHIP_0603,-6.13,17.62,0.877,109.97,84.38,-73.7,3.38,249.8,3.89,B,Normal,0
PCB_00685,LOT_20260302,SMD_Line_C,Mounter_03,FD_23,NZ_08,IC_QFP_48,0.14,-13.55,0.879,142.27,87.52,-72.12,3.89,242.2,3.97,A,Normal,0
PCB_00686,LOT_20260302,SMD_Line_B,Mounter_02,FD_19,NZ_07,CHIP_0603,-15.79,7.19,0.398,128.51,92.67,-66.87,3.76,243.2,4.22,A,Normal,0
PCB_00687,LOT_20260302,SMD_Line_B,Mounter_03,FD_02,NZ_07,CHIP_0603,-16.4,-3.65,-0.166,164.65,77.32,,3.82,241.7,4.38,B,Normal,0
PCB_00688,LOT_20260302,SMD_Line_A,Mounter_02,FD_04,NZ_04,CAP_3216,-0.27,-6.09,-0.218,124.41,79.28,-65.21,3.52,244.0,3.15,A,Normal,0
PCB_00689,LOT_20260302,SMD_Line_C,Mounter_02,FD_19,NZ_02,CHIP_0603,-9.97,1.83,0.133,144.66,109.37,-74.72,3.78,247.2,3.59,A,Normal,0
PCB_00690,LOT_20260302,SMD_Line_A,Mounter_03,FD_07,NZ_06,CAP_3216,16.83,-7.73,0.268,124.18,,-77.22,3.22,237.1,3.55,A,Normal,0
PCB_00691,LOT_20260302,SMD_Line_A,Mounter_04,FD_15,NZ_02,CHIP_0603,-6.89,-0.99,0.133,158.79,98.02,-75.23,3.39,240.7,4.71,A,Normal,0
PCB_00692,LOT_20260302,SMD_Line_B,Mounter_01,FD_15,NZ_02,BGA_256,-12.85,0.84,-0.59,140.96,99.32,-72.56,4.87,245.5,3.69,A,Normal,0
PCB_00693,LOT_20260302,SMD_Line_B,Mounter_01,FD_24,NZ_04,CHIP_0603,20.9,13.69,-0.085,110.72,106.77,-67.14,3.73,244.6,4.34,A,Normal,0
PCB_00694,LOT_20260302,SMD_Line_A,Mounter_03,FD_06,NZ_05,CHIP_1005,5.87,16.25,0.24,151.11,90.17,-73.7,3.21,243.1,4.43,A,Normal,0
PCB_00695,LOT_20260302,SMD_Line_A,Mounter_03,FD_03,NZ_07,CHIP_0603,33.96,-7.06,-1.063,141.63,106.72,-77.1,3.68,239.1,3.95,C,Normal,0
PCB_00696,LOT_20260302,SMD_Line_B,Mounter_02,FD_06,NZ_03,CHIP_1005,-24.03,-3.19,-0.497,122.99,101.35,-71.95,2.57,242.5,2.99,F,Tombstone,1
PCB_00697,LOT_20260302,SMD_Line_A,Mounter_03,FD_16,NZ_06,CHIP_0603,2.6,9.49,0.237,105.8,,-67.72,3.01,243.0,4.79,A,Normal,0
PCB_00698,LOT_20260302,SMD_Line_B,Mounter_02,FD_02,NZ_08,IC_QFP_48,6.07,-2.14,-0.14,147.97,107.31,-72.02,3.08,239.4,4.86,A,Normal,0
PCB_00699,LOT_20260302,SMD_Line_A,Mounter_04,FD_07,NZ_05,CHIP_0603,0.35,8.43,-0.14,155.91,100.69,-71.29,2.77,241.5,4.19,A,Normal,0
PCB_00700,LOT_20260302,SMD_Line_B,Mounter_03,FD_11,NZ_01,CHIP_0603,-4.53,10.65,0.499,146.79,87.44,-72.09,4.26,244.2,3.86,A,Normal,0
PCB_00701,LOT_20260302,SMD_Line_B,Mounter_01,FD_07,NZ_07,CHIP_0603,15.57,12.03,-0.024,143.04,88.35,-72.74,3.48,247.0,5.1,A,Normal,0
PCB_00702,LOT_20260302,SMD_Line_A,Mounter_01,FD_04,NZ_06,CHIP_1005,5.83,1.04,-0.213,138.36,105.76,-63.6,3.55,248.8,3.84,A,Normal,0
PCB_00703,LOT_20260302,SMD_Line_A,Mounter_03,FD_24,NZ_03,BGA_256,-21.12,-13.73,-0.139,145.89,112.17,-67.4,3.14,240.6,4.6,A,Normal,0
PCB_00704,LOT_20260302,SMD_Line_A,Mounter_02,FD_20,NZ_07,BGA_256,-10.87,-1.98,-0.124,126.07,103.39,-65.44,2.51,243.5,3.45,A,Normal,0
PCB_00705,LOT_20260302,SMD_Line_A,Mounter_01,FD_07,NZ_01,CHIP_0603,-14.55,-5.99,-0.376,102.78,110.67,-61.9,3.16,244.0,4.43,B,Normal,0
PCB_00706,LOT_20260302,SMD_Line_C,Mounter_02,FD_04,NZ_04,CHIP_1005,-1.51,9.17,-0.1,141.39,114.79,-67.5,2.95,244.2,3.55,A,Normal,0
PCB_00707,LOT_20260302,SMD_Line_A,Mounter_03,FD_12,NZ_05,IC_QFP_48,11.86,18.0,-0.513,135.89,97.3,-73.65,2.59,243.9,4.39,A,Normal,0
PCB_00708,LOT_20260302,SMD_Line_C,Mounter_03,FD_05,NZ_07,CHIP_0603,-4.74,18.33,-0.15,108.95,101.97,-68.91,3.66,240.1,4.2,A,Normal,0
PCB_00709,LOT_20260302,SMD_Line_A,Mounter_01,FD_23,NZ_06,CHIP_1005,-3.16,10.45,-0.232,97.11,108.03,-65.31,3.04,247.0,4.02,A,Normal,0
PCB_00710,LOT_20260302,SMD_Line_B,Mounter_03,FD_19,NZ_02,CHIP_1005,-12.24,-11.03,0.104,131.22,86.23,-70.13,2.13,243.7,4.0,A,Normal,0
PCB_00711,LOT_20260302,SMD_Line_C,Mounter_04,FD_05,NZ_08,CHIP_0603,9.52,16.56,0.682,127.67,112.41,-73.21,3.2,245.1,4.74,A,Normal,0
PCB_00712,LOT_20260302,SMD_Line_B,Mounter_04,FD_19,NZ_08,CHIP_0603,15.41,5.03,0.117,126.4,116.36,-67.19,3.21,245.3,4.16,F,Tombstone,1
PCB_00713,LOT_20260302,SMD_Line_B,Mounter_01,FD_21,NZ_08,CHIP_0603,-0.41,-9.73,0.046,138.69,,-76.46,3.65,242.5,4.4,A,Normal,0
PCB_00714,LOT_20260302,SMD_Line_B,Mounter_04,FD_03,NZ_03,CHIP_1005,19.75,10.17,0.105,118.82,134.44,-71.5,3.27,248.2,5.62,C,Normal,0
PCB_00715,LOT_20260302,SMD_Line_A,Mounter_02,FD_11,NZ_07,CHIP_0603,-6.8,-2.61,-0.388,140.31,109.53,-69.34,2.83,243.1,3.57,A,Normal,0
PCB_00716,LOT_20260302,SMD_Line_C,Mounter_01,FD_07,NZ_08,CHIP_0603,-17.46,-23.0,0.316,140.42,98.17,-72.38,3.5,245.7,3.81,F,Tombstone,1
PCB_00717,LOT_20260302,SMD_Line_C,Mounter_01,FD_17,NZ_06,CHIP_0603,10.05,-11.57,0.183,90.09,,-69.81,2.81,245.4,3.37,A,Normal,0
PCB_00718,LOT_20260302,SMD_Line_C,Mounter_02,FD_09,NZ_02,CHIP_0603,-1.2,-0.77,-0.02,128.97,98.9,-69.72,3.62,246.1,3.35,A,Normal,0
PCB_00719,LOT_20260302,SMD_Line_A,Mounter_04,FD_21,NZ_06,CHIP_0603,-7.27,-1.24,0.16,133.0,105.06,-70.04,3.89,249.5,5.15,A,Normal,0
PCB_00720,LOT_20260302,SMD_Line_B,Mounter_04,FD_09,NZ_07,CAP_3216,0.96,-12.57,0.147,141.22,103.69,-72.66,1.71,242.0,3.99,A,Normal,0
PCB_00721,LOT_20260302,SMD_Line_C,Mounter_04,FD_10,NZ_01,CHIP_0603,-19.8,8.86,0.148,138.23,84.27,-73.41,2.75,245.0,2.88,A,Normal,0
PCB_00722,LOT_20260302,SMD_Line_A,Mounter_01,FD_13,NZ_02,IC_QFP_48,-21.85,6.13,0.447,103.74,92.06,-72.4,3.48,244.8,4.06,A,Normal,0
PCB_00723,LOT_20260302,SMD_Line_A,Mounter_01,FD_15,NZ_02,CHIP_1005,1.16,-16.94,-0.341,131.43,108.16,,3.26,243.8,3.95,A,Normal,0
PCB_00724,LOT_20260302,SMD_Line_B,Mounter_04,FD_22,NZ_06,IC_QFP_48,5.43,31.07,0.59,126.11,107.11,-67.18,3.98,247.1,3.68,B,Normal,0
PCB_00725,LOT_20260302,SMD_Line_B,Mounter_03,FD_05,NZ_04,CHIP_1005,17.42,-14.33,-0.721,146.12,111.31,-70.11,3.95,240.1,3.98,B,Normal,0
PCB_00726,LOT_20260302,SMD_Line_C,Mounter_04,FD_03,NZ_07,CHIP_0603,11.08,-5.4,0.298,112.02,,-71.41,3.76,250.9,4.28,F,Tombstone,1
PCB_00727,LOT_20260302,SMD_Line_A,Mounter_02,FD_08,NZ_08,BGA_256,7.94,4.43,0.075,129.96,99.62,-74.37,2.19,251.1,3.99,A,Normal,0
PCB_00728,LOT_20260302,SMD_Line_C,Mounter_01,FD_20,NZ_04,CHIP_1005,15.88,-5.36,-0.433,143.07,106.14,-71.55,3.1,242.3,4.63,A,Normal,0
PCB_00729,LOT_20260302,SMD_Line_A,Mounter_02,FD_10,NZ_05,BGA_256,6.12,17.16,0.463,141.41,101.13,-71.62,3.58,244.6,4.17,A,Normal,0
PCB_00730,LOT_20260302,SMD_Line_A,Mounter_02,FD_13,NZ_08,CHIP_1005,-4.3,-2.07,-0.816,127.68,81.64,-73.52,3.18,237.5,4.21,B,Normal,0
PCB_00731,LOT_20260302,SMD_Line_A,Mounter_01,FD_03,NZ_01,CAP_3216,11.4,-10.88,0.731,147.7,118.25,-68.32,3.12,242.3,4.1,B,Normal,0
PCB_00732,LOT_20260302,SMD_Line_C,Mounter_03,FD_22,NZ_04,IC_QFP_48,10.95,7.25,1.016,119.03,111.06,-75.96,3.94,254.7,3.58,B,Normal,0
PCB_00733,LOT_20260302,SMD_Line_B,Mounter_04,FD_08,NZ_06,CAP_3216,-0.1,-34.21,-0.073,140.98,105.08,-75.19,3.41,247.5,3.6,F,Tombstone,1
PCB_00734,LOT_20260302,SMD_Line_B,Mounter_02,FD_09,NZ_07,CHIP_1005,-15.0,6.3,-0.462,143.47,83.58,-68.11,3.05,247.9,4.26,A,Normal,0
PCB_00735,LOT_20260302,SMD_Line_A,Mounter_01,FD_22,NZ_04,CHIP_1005,-22.31,15.22,-0.26,109.48,,-66.74,2.49,242.9,3.82,F,Tombstone,1
PCB_00736,LOT_20260302,SMD_Line_C,Mounter_02,FD_21,NZ_05,IC_QFP_48,10.53,-27.22,0.439,149.54,94.74,-71.02,4.23,244.6,4.5,B,Normal,0
PCB_00737,LOT_20260302,SMD_Line_A,Mounter_04,FD_12,NZ_03,BGA_256,5.98,-4.77,-0.145,105.27,109.96,-75.46,3.38,244.7,4.03,A,Normal,0
PCB_00738,LOT_20260302,SMD_Line_C,Mounter_03,FD_11,NZ_05,CAP_3216,7.74,-19.42,-1.321,135.61,106.56,-67.37,2.92,239.1,3.81,B,Normal,0
PCB_00739,LOT_20260302,SMD_Line_B,Mounter_03,FD_02,NZ_02,CHIP_0603,11.0,0.15,0.173,122.97,95.92,-71.26,3.76,245.5,4.33,A,Normal,0
PCB_00740,LOT_20260302,SMD_Line_A,Mounter_03,FD_18,NZ_08,IC_QFP_48,-11.24,26.47,0.402,145.19,112.62,,2.24,248.2,4.21,B,Normal,0
PCB_00741,LOT_20260302,SMD_Line_B,Mounter_01,FD_09,NZ_07,CHIP_0603,-23.46,2.71,0.231,134.95,85.7,-66.59,4.25,252.4,3.37,A,Normal,0
PCB_00742,LOT_20260302,SMD_Line_A,Mounter_01,FD_02,NZ_02,CHIP_1005,6.45,-2.58,0.303,156.86,100.67,-69.08,3.57,246.0,3.29,A,Normal,0
PCB_00743,LOT_20260302,SMD_Line_B,Mounter_03,FD_02,NZ_04,CHIP_0603,14.97,-33.33,0.722,147.05,119.9,-73.29,4.52,244.4,4.49,C,Normal,0
PCB_00744,LOT_20260302,SMD_Line_B,Mounter_04,FD_03,NZ_04,CHIP_0603,4.4,-13.05,-0.095,131.98,105.84,-77.5,3.58,244.4,3.83,A,Normal,0
PCB_00745,LOT_20260302,SMD_Line_A,Mounter_04,FD_16,NZ_05,CAP_3216,-18.58,-1.57,0.773,148.08,110.96,-73.11,3.34,246.5,4.28,F,Tombstone,1
PCB_00746,LOT_20260302,SMD_Line_C,Mounter_01,FD_19,NZ_05,CHIP_0603,3.01,1.1,-0.069,128.45,100.95,-70.34,2.84,248.2,4.32,A,Normal,0
PCB_00747,LOT_20260302,SMD_Line_A,Mounter_03,FD_04,NZ_06,CHIP_1005,-14.06,4.05,0.507,113.66,99.74,-69.77,2.94,249.5,4.8,A,Normal,0
PCB_00748,LOT_20260302,SMD_Line_B,Mounter_04,FD_23,NZ_01,CHIP_1005,-19.28,9.06,-0.064,123.14,85.35,-76.29,2.46,236.1,5.02,A,Normal,0
PCB_00749,LOT_20260302,SMD_Line_C,Mounter_04,FD_18,NZ_06,CHIP_0603,-0.1,-10.69,0.917,128.28,98.13,-74.27,4.39,249.5,3.63,A,Normal,0
PCB_00750,LOT_20260302,SMD_Line_B,Mounter_04,FD_20,NZ_02,CHIP_0603,2.03,0.47,0.292,83.38,108.08,-82.34,3.28,240.0,4.13,A,Normal,0
PCB_00751,LOT_20260302,SMD_Line_A,Mounter_01,FD_18,NZ_06,CHIP_1005,-1.23,-5.86,-0.043,150.75,,-70.79,3.72,240.9,4.14,A,Normal,0
PCB_00752,LOT_20260302,SMD_Line_C,Mounter_03,FD_10,NZ_05,CHIP_0603,5.48,-11.07,-0.54,128.54,88.44,-78.0,3.82,244.1,4.96,A,Normal,0
PCB_00753,LOT_20260302,SMD_Line_B,Mounter_02,FD_11,NZ_07,BGA_256,-9.88,-10.29,0.093,144.46,105.03,-73.6,3.07,247.1,3.48,F,Tombstone,1
PCB_00754,LOT_20260302,SMD_Line_A,Mounter_03,FD_17,NZ_06,CAP_3216,1.07,6.38,-0.369,132.41,109.92,-75.14,2.72,239.5,4.92,A,Normal,0
PCB_00755,LOT_20260302,SMD_Line_A,Mounter_03,FD_24,NZ_03,CHIP_0603,-6.07,-30.26,0.198,106.88,124.18,-69.64,2.77,242.5,4.48,C,Normal,0
PCB_00756,LOT_20260302,SMD_Line_C,Mounter_01,FD_23,NZ_08,CHIP_0603,-3.15,-21.89,0.297,131.19,96.71,-70.66,2.27,246.2,3.93,A,Normal,0
PCB_00757,LOT_20260302,SMD_Line_B,Mounter_04,FD_24,NZ_01,CHIP_1005,3.36,37.37,0.468,128.2,,-74.57,2.53,247.0,4.64,B,Normal,0
PCB_00758,LOT_20260302,SMD_Line_B,Mounter_04,FD_20,NZ_05,IC_QFP_48,13.25,-7.84,0.242,119.71,109.98,-71.46,3.52,246.9,4.01,A,Normal,0
PCB_00759,LOT_20260302,SMD_Line_C,Mounter_01,FD_16,NZ_07,CHIP_0603,3.65,17.33,0.036,124.15,106.85,-69.64,3.81,249.0,3.39,A,Normal,0
PCB_00760,LOT_20260302,SMD_Line_C,Mounter_01,FD_20,NZ_04,CHIP_0603,7.8,-0.76,0.596,130.4,96.9,-70.94,3.2,249.8,4.26,A,Normal,0
PCB_00761,LOT_20260302,SMD_Line_A,Mounter_01,FD_13,NZ_08,CHIP_1005,0.13,-6.63,0.648,93.19,99.66,-83.81,3.75,245.5,4.07,F,Tombstone,1
PCB_00762,LOT_20260302,SMD_Line_A,Mounter_01,FD_02,NZ_06,CAP_3216,6.1,7.75,-0.474,135.4,92.46,-63.92,3.77,244.7,3.96,A,Normal,0
PCB_00763,LOT_20260302,SMD_Line_A,Mounter_01,FD_24,NZ_05,CHIP_1005,12.92,0.95,0.793,139.06,86.13,-70.12,3.01,241.7,3.8,A,Normal,0
PCB_00764,LOT_20260302,SMD_Line_B,Mounter_02,FD_02,NZ_04,CHIP_1005,23.49,-2.11,0.553,137.51,98.38,-68.07,3.85,242.6,4.51,A,Normal,0
PCB_00765,LOT_20260302,SMD_Line_A,Mounter_03,FD_14,NZ_04,CAP_3216,15.13,-0.52,-0.384,125.78,118.27,-74.53,3.1,239.3,4.19,A,Normal,0
PCB_00766,LOT_20260302,SMD_Line_B,Mounter_03,FD_04,NZ_02,IC_QFP_48,-0.69,4.65,-0.846,159.46,91.38,-75.27,2.94,250.8,3.96,A,Normal,0
PCB_00767,LOT_20260302,SMD_Line_C,Mounter_03,FD_17,NZ_02,IC_QFP_48,14.31,-8.12,0.542,137.66,82.78,-73.86,3.25,244.7,3.9,A,Normal,0
PCB_00768,LOT_20260302,SMD_Line_C,Mounter_04,FD_13,NZ_07,CHIP_1005,6.86,-5.69,0.093,123.73,87.96,-65.0,2.35,248.1,3.97,A,Normal,0
PCB_00769,LOT_20260302,SMD_Line_A,Mounter_02,FD_04,NZ_05,CAP_3216,-7.59,-11.53,-0.205,111.42,106.38,-73.11,3.18,256.2,3.91,A,Normal,0
PCB_00770,LOT_20260302,SMD_Line_C,Mounter_03,FD_03,NZ_08,IC_QFP_48,7.04,-14.25,0.141,109.53,105.15,-72.22,1.81,254.4,4.0,A,Normal,0
PCB_00771,LOT_20260302,SMD_Line_A,Mounter_04,FD_12,NZ_07,BGA_256,-14.11,21.83,0.534,136.0,115.25,-65.5,3.61,249.7,4.56,B,Normal,0
PCB_00772,LOT_20260302,SMD_Line_C,Mounter_02,FD_22,NZ_05,IC_QFP_48,7.05,-10.69,-0.914,140.83,112.74,-73.26,2.42,243.4,4.01,B,Normal,0
PCB_00773,LOT_20260302,SMD_Line_A,Mounter_02,FD_23,NZ_03,IC_QFP_48,21.9,11.78,0.057,131.86,,,3.2,248.4,4.28,A,Normal,0
PCB_00774,LOT_20260302,SMD_Line_A,Mounter_04,FD_08,NZ_01,CHIP_0603,10.28,-4.2,0.026,129.15,107.81,-76.64,4.09,245.0,4.01,A,Normal,0
PCB_00775,LOT_20260302,SMD_Line_C,Mounter_02,FD_02,NZ_01,CHIP_0603,14.96,6.38,0.673,124.91,91.01,-65.19,3.24,241.1,3.31,A,Normal,0
PCB_00776,LOT_20260302,SMD_Line_A,Mounter_04,FD_06,NZ_08,IC_QFP_48,-4.73,-0.02,0.373,137.39,108.27,-74.66,2.06,241.2,4.31,A,Normal,0
PCB_00777,LOT_20260302,SMD_Line_A,Mounter_03,FD_22,NZ_05,CHIP_0603,6.01,-21.14,0.369,118.36,98.69,-72.6,3.28,248.6,3.84,F,Tombstone,1
PCB_00778,LOT_20260302,SMD_Line_B,Mounter_04,FD_10,NZ_02,CHIP_1005,8.73,0.34,-0.2,129.71,110.21,-83.7,3.05,248.1,4.53,A,Normal,0
PCB_00779,LOT_20260302,SMD_Line_B,Mounter_02,FD_12,NZ_08,CHIP_0603,-3.81,7.15,0.301,131.39,,-72.6,3.76,250.1,5.03,A,Normal,0
PCB_00780,LOT_20260302,SMD_Line_B,Mounter_03,FD_21,NZ_06,BGA_256,8.55,-11.27,-0.218,138.65,94.32,,3.13,244.0,3.87,A,Normal,0
PCB_00781,LOT_20260302,SMD_Line_B,Mounter_03,FD_10,NZ_07,CHIP_0603,5.68,27.4,-0.049,117.73,86.79,-73.46,3.87,243.1,4.65,B,Normal,0
PCB_00782,LOT_20260302,SMD_Line_B,Mounter_01,FD_10,NZ_03,BGA_256,8.69,9.58,0.258,114.94,94.0,-78.09,3.46,240.4,3.99,A,Normal,0
PCB_00783,LOT_20260302,SMD_Line_A,Mounter_01,FD_23,NZ_01,CHIP_1005,-12.88,9.69,0.038,130.75,,-70.09,3.72,238.0,4.05,A,Normal,0
PCB_00784,LOT_20260302,SMD_Line_A,Mounter_02,FD_03,NZ_05,CHIP_0603,15.95,10.94,0.142,133.11,90.21,-78.65,3.14,241.4,4.39,A,Normal,0
PCB_00785,LOT_20260302,SMD_Line_A,Mounter_04,FD_20,NZ_02,CHIP_1005,5.63,-27.54,0.591,129.92,98.17,-77.8,3.97,242.3,3.22,B,Normal,0
PCB_00786,LOT_20260302,SMD_Line_C,Mounter_04,FD_10,NZ_02,CHIP_0603,-1.48,8.32,-0.164,89.29,113.05,-72.91,2.89,240.2,3.34,A,Normal,0
PCB_00787,LOT_20260302,SMD_Line_B,Mounter_02,FD_09,NZ_02,CHIP_0603,-1.18,26.86,-0.467,134.99,,-67.76,2.1,242.8,4.23,A,Normal,0
PCB_00788,LOT_20260302,SMD_Line_B,Mounter_03,FD_20,NZ_07,CHIP_1005,-0.49,8.96,-0.408,168.53,,-72.17,2.54,253.0,2.89,A,Normal,0
PCB_00789,LOT_20260302,SMD_Line_B,Mounter_02,FD_19,NZ_06,CHIP_0603,-10.36,-3.1,-0.506,143.77,116.36,-70.96,3.27,242.1,4.74,A,Normal,0
PCB_00790,LOT_20260302,SMD_Line_C,Mounter_02,FD_14,NZ_04,CAP_3216,14.86,-13.16,0.723,100.66,84.82,-74.35,3.36,237.2,4.87,B,Normal,0
PCB_00791,LOT_20260302,SMD_Line_A,Mounter_03,FD_02,NZ_08,CHIP_0603,12.04,-14.3,0.294,123.92,115.57,-74.36,3.29,245.6,4.38,A,Normal,0
PCB_00792,LOT_20260302,SMD_Line_B,Mounter_04,FD_05,NZ_07,IC_QFP_48,12.88,-15.72,0.482,127.07,83.68,-68.92,3.93,247.7,4.13,B,Normal,0
PCB_00793,LOT_20260302,SMD_Line_B,Mounter_02,FD_20,NZ_06,CHIP_1005,18.91,-4.73,0.401,125.19,100.12,-67.69,3.31,241.3,4.75,A,Normal,0
PCB_00794,LOT_20260302,SMD_Line_B,Mounter_04,FD_08,NZ_02,CHIP_1005,2.37,-12.6,-0.089,111.42,90.25,-68.11,3.4,248.2,3.97,A,Normal,0
PCB_00795,LOT_20260302,SMD_Line_A,Mounter_02,FD_07,NZ_05,CHIP_1005,-20.7,-1.79,0.733,116.6,108.87,-69.84,3.79,252.6,4.01,F,Tombstone,1
PCB_00796,LOT_20260302,SMD_Line_C,Mounter_03,FD_06,NZ_08,IC_QFP_48,7.86,2.41,-0.311,144.01,81.21,-70.85,2.19,244.0,4.13,A,Normal,0
PCB_00797,LOT_20260302,SMD_Line_C,Mounter_03,FD_11,NZ_03,IC_QFP_48,7.4,-20.29,0.906,141.21,78.82,-77.02,3.63,248.1,3.79,B,Normal,0
PCB_00798,LOT_20260302,SMD_Line_B,Mounter_01,FD_12,NZ_06,IC_QFP_48,19.42,-9.03,0.056,128.33,,-73.99,3.99,248.9,4.85,A,Normal,0
PCB_00799,LOT_20260302,SMD_Line_B,Mounter_03,FD_18,NZ_05,CHIP_0603,13.53,-6.83,0.805,144.22,91.3,-74.5,3.63,246.7,4.83,A,Normal,0
PCB_00800,LOT_20260302,SMD_Line_C,Mounter_01,FD_19,NZ_07,IC_QFP_48,1.67,-7.17,-0.472,120.15,93.15,-71.75,3.39,248.8,3.73,A,Normal,0
PCB_00801,LOT_20260302,SMD_Line_B,Mounter_02,FD_10,NZ_07,CHIP_0603,-1.8,0.21,-0.194,124.86,,-69.28,3.68,247.2,3.83,A,Normal,0
PCB_00802,LOT_20260302,SMD_Line_A,Mounter_04,FD_21,NZ_08,CHIP_0603,12.55,1.47,-0.721,124.53,108.25,-73.18,1.91,241.0,4.03,A,Normal,0
PCB_00803,LOT_20260302,SMD_Line_B,Mounter_03,FD_14,NZ_02,CHIP_1005,-33.19,-5.01,0.469,106.73,98.98,-80.73,3.12,235.6,4.8,B,Normal,0
PCB_00804,LOT_20260302,SMD_Line_B,Mounter_03,FD_03,NZ_03,CHIP_1005,3.02,-7.94,0.114,126.16,118.59,-67.58,2.42,245.8,4.02,A,Normal,0
PCB_00805,LOT_20260302,SMD_Line_B,Mounter_03,FD_18,NZ_01,CHIP_1005,11.82,-0.24,0.907,154.57,102.77,-75.14,3.43,244.0,4.28,A,Normal,0
PCB_00806,LOT_20260302,SMD_Line_B,Mounter_02,FD_24,NZ_01,IC_QFP_48,-1.51,17.02,-0.218,152.93,110.59,-74.95,2.6,238.2,3.67,A,Normal,0
PCB_00807,LOT_20260302,SMD_Line_C,Mounter_01,FD_15,NZ_07,CHIP_0603,-4.78,-17.17,0.602,131.76,106.96,-69.74,3.71,244.1,4.96,A,Normal,0
PCB_00808,LOT_20260302,SMD_Line_C,Mounter_02,FD_06,NZ_05,CHIP_0603,3.69,13.35,0.036,126.72,89.22,-73.81,2.95,244.4,3.62,A,Normal,0
PCB_00809,LOT_20260302,SMD_Line_B,Mounter_04,FD_10,NZ_03,CHIP_0603,16.87,-19.28,-0.042,156.53,93.75,-71.92,2.43,246.3,3.99,A,Normal,0
PCB_00810,LOT_20260302,SMD_Line_A,Mounter_02,FD_12,NZ_05,IC_QFP_48,5.64,4.27,-0.13,126.3,111.93,-70.83,2.63,249.7,3.35,A,Normal,0
PCB_00811,LOT_20260302,SMD_Line_C,Mounter_04,FD_07,NZ_03,CHIP_1005,-8.46,12.39,-0.38,122.22,78.69,-71.48,2.41,241.6,4.82,B,Normal,0
PCB_00812,LOT_20260302,SMD_Line_C,Mounter_03,FD_17,NZ_03,CHIP_0603,15.21,-15.62,0.168,144.36,105.84,-72.88,3.18,236.3,4.18,A,Normal,0
PCB_00813,LOT_20260302,SMD_Line_A,Mounter_04,FD_01,NZ_07,IC_QFP_48,17.65,4.14,0.095,104.33,97.86,-71.57,3.57,243.3,5.09,A,Normal,0
PCB_00814,LOT_20260302,SMD_Line_C,Mounter_04,FD_18,NZ_05,CHIP_1005,-10.09,-12.35,-0.708,128.34,91.06,-63.86,2.81,248.4,3.71,A,Normal,0
PCB_00815,LOT_20260302,SMD_Line_C,Mounter_01,FD_15,NZ_07,CHIP_1005,34.98,13.81,-1.13,129.02,96.8,-67.47,2.32,250.6,4.72,C,Normal,0
PCB_00816,LOT_20260302,SMD_Line_B,Mounter_04,FD_19,NZ_08,CHIP_1005,-0.01,-18.88,-0.141,137.73,119.44,-68.64,3.19,242.5,4.4,B,Normal,0
PCB_00817,LOT_20260302,SMD_Line_B,Mounter_04,FD_01,NZ_03,CHIP_1005,11.86,-10.53,0.523,121.12,79.31,-70.32,3.18,247.5,3.8,B,Normal,0
PCB_00818,LOT_20260302,SMD_Line_A,Mounter_02,FD_05,NZ_06,IC_QFP_48,9.09,1.55,0.1,127.45,85.38,-66.08,2.9,240.4,3.87,A,Normal,0
PCB_00819,LOT_20260302,SMD_Line_A,Mounter_03,FD_15,NZ_02,CHIP_0603,-8.73,8.4,-0.586,131.4,76.74,-68.61,2.73,245.0,4.47,B,Normal,0
PCB_00820,LOT_20260302,SMD_Line_A,Mounter_02,FD_03,NZ_08,CHIP_0603,-5.64,1.09,-0.798,126.18,94.74,-67.12,3.97,233.0,4.18,A,Normal,0
PCB_00821,LOT_20260302,SMD_Line_C,Mounter_02,FD_01,NZ_03,CHIP_0603,0.85,5.84,0.52,127.22,92.5,-67.0,2.84,243.6,3.86,A,Normal,0
PCB_00822,LOT_20260302,SMD_Line_A,Mounter_03,FD_08,NZ_06,CHIP_1005,-23.38,-6.48,-0.744,142.49,101.93,-69.31,2.34,246.3,5.07,B,Normal,0
PCB_00823,LOT_20260302,SMD_Line_A,Mounter_03,FD_12,NZ_03,BGA_256,10.26,-12.88,0.342,138.71,94.25,-69.82,3.15,243.1,4.22,A,Normal,0
PCB_00824,LOT_20260302,SMD_Line_A,Mounter_04,FD_22,NZ_06,CHIP_1005,-23.7,17.28,0.256,137.77,105.41,-72.82,3.52,239.1,4.01,B,Normal,0
PCB_00825,LOT_20260302,SMD_Line_B,Mounter_04,FD_19,NZ_05,CHIP_0603,0.18,5.89,0.736,105.35,90.55,-64.91,3.48,245.3,3.66,A,Normal,0
PCB_00826,LOT_20260302,SMD_Line_C,Mounter_01,FD_12,NZ_01,IC_QFP_48,-8.4,-5.76,-0.283,136.45,125.17,-71.9,2.24,252.6,3.94,B,Normal,0
PCB_00827,LOT_20260302,SMD_Line_A,Mounter_02,FD_13,NZ_04,BGA_256,7.24,-19.51,0.423,117.39,107.38,-75.61,3.93,241.5,3.13,A,Normal,0
PCB_00828,LOT_20260302,SMD_Line_A,Mounter_03,FD_01,NZ_08,BGA_256,-27.55,14.43,0.63,159.87,106.19,-70.43,3.33,242.0,4.2,B,Normal,0
PCB_00829,LOT_20260302,SMD_Line_B,Mounter_04,FD_19,NZ_03,CHIP_1005,-20.78,14.92,-0.602,129.86,107.52,-72.41,3.54,244.0,4.57,B,Normal,0
PCB_00830,LOT_20260302,SMD_Line_B,Mounter_03,FD_06,NZ_04,BGA_256,-7.46,-2.57,0.06,127.06,,-75.29,4.79,252.0,4.92,A,Normal,0
PCB_00831,LOT_20260302,SMD_Line_A,Mounter_04,FD_08,NZ_03,CHIP_0603,6.49,-7.8,-0.018,152.79,97.04,,3.66,239.4,3.99,A,Normal,0
PCB_00832,LOT_20260302,SMD_Line_B,Mounter_01,FD_04,NZ_05,CHIP_0603,2.77,-3.06,-0.479,148.13,97.56,-71.64,3.54,241.8,4.44,A,Normal,0
PCB_00833,LOT_20260302,SMD_Line_A,Mounter_01,FD_05,NZ_05,CHIP_0603,13.13,-2.49,0.119,126.44,94.34,-71.42,3.06,247.8,4.03,A,Normal,0
PCB_00834,LOT_20260302,SMD_Line_A,Mounter_03,FD_22,NZ_06,IC_QFP_48,1.35,9.08,-0.526,112.35,95.83,-76.76,3.2,239.8,3.3,A,Normal,0
PCB_00835,LOT_20260302,SMD_Line_B,Mounter_01,FD_07,NZ_03,CHIP_0603,-0.22,-13.43,0.172,103.55,109.95,-73.2,2.48,241.4,3.18,A,Normal,0
PCB_00836,LOT_20260302,SMD_Line_B,Mounter_03,FD_23,NZ_05,CHIP_1005,-13.39,-6.89,0.978,114.29,,-68.49,3.25,252.5,4.15,A,Normal,0
PCB_00837,LOT_20260302,SMD_Line_C,Mounter_04,FD_04,NZ_05,CHIP_1005,-2.79,-2.17,-0.092,134.82,103.59,-80.93,4.18,252.3,3.19,A,Normal,0
PCB_00838,LOT_20260302,SMD_Line_A,Mounter_02,FD_20,NZ_03,CHIP_0603,-0.24,3.05,-0.043,127.78,79.73,-72.85,3.46,247.5,4.07,A,Normal,0
PCB_00839,LOT_20260302,SMD_Line_B,Mounter_01,FD_04,NZ_06,BGA_256,-25.68,10.22,0.637,115.95,79.02,-71.89,4.54,246.4,3.99,F,Tombstone,1
PCB_00840,LOT_20260302,SMD_Line_B,Mounter_04,FD_15,NZ_06,CHIP_0603,-11.13,3.67,0.567,124.12,88.67,-69.69,3.52,242.5,3.32,A,Normal,0
PCB_00841,LOT_20260302,SMD_Line_A,Mounter_02,FD_21,NZ_06,CHIP_1005,5.79,20.67,-0.278,155.75,119.67,-72.73,3.37,245.0,2.84,B,Normal,0
PCB_00842,LOT_20260302,SMD_Line_B,Mounter_02,FD_05,NZ_06,IC_QFP_48,2.24,-11.7,0.31,146.79,124.1,-73.36,3.12,241.8,3.83,B,Normal,0
PCB_00843,LOT_20260302,SMD_Line_A,Mounter_02,FD_24,NZ_01,CHIP_0603,-3.16,17.25,-1.329,156.29,111.8,-69.86,4.38,251.4,4.93,B,Normal,0
PCB_00844,LOT_20260302,SMD_Line_C,Mounter_04,FD_09,NZ_03,IC_QFP_48,-7.59,-11.26,-0.452,119.65,95.27,-72.18,2.92,245.6,4.32,A,Normal,0
PCB_00845,LOT_20260302,SMD_Line_A,Mounter_04,FD_02,NZ_07,BGA_256,-21.79,-4.66,0.481,142.1,105.12,-65.81,2.76,244.3,3.83,A,Normal,0
PCB_00846,LOT_20260302,SMD_Line_B,Mounter_03,FD_07,NZ_01,CAP_3216,-27.19,4.57,-0.23,140.55,115.15,-69.82,2.67,245.2,3.79,F,Tombstone,1
PCB_00847,LOT_20260302,SMD_Line_A,Mounter_02,FD_17,NZ_05,BGA_256,-3.83,13.9,-0.09,152.03,122.25,-69.15,4.56,242.3,4.37,B,Normal,0
PCB_00848,LOT_20260302,SMD_Line_C,Mounter_02,FD_16,NZ_01,CHIP_0603,18.61,-4.65,-0.416,130.17,86.2,-71.74,3.29,247.2,4.23,A,Normal,0
PCB_00849,LOT_20260302,SMD_Line_B,Mounter_02,FD_17,NZ_08,CHIP_1005,0.46,4.63,-0.488,118.26,102.45,-65.42,3.25,244.1,4.53,A,Normal,0
PCB_00850,LOT_20260302,SMD_Line_B,Mounter_03,FD_20,NZ_07,CHIP_0603,12.77,-3.72,-1.123,116.47,96.13,-73.96,3.51,257.2,5.07,B,Normal,0
PCB_00851,LOT_20260302,SMD_Line_A,Mounter_02,FD_23,NZ_07,CHIP_0603,-14.71,-27.09,-0.163,129.8,107.03,-76.02,3.05,243.2,4.74,B,Normal,0
PCB_00852,LOT_20260302,SMD_Line_B,Mounter_04,FD_02,NZ_07,CHIP_0603,3.54,-0.45,0.21,131.16,,-72.33,2.74,248.5,4.73,A,Normal,0
PCB_00853,LOT_20260302,SMD_Line_A,Mounter_02,FD_11,NZ_06,CHIP_0603,-8.8,-14.65,0.111,134.09,88.0,-72.92,2.71,252.8,4.13,A,Normal,0
PCB_00854,LOT_20260302,SMD_Line_C,Mounter_01,FD_02,NZ_05,BGA_256,-9.28,15.0,-0.374,109.06,104.74,,2.69,233.3,3.06,A,Normal,0
PCB_00855,LOT_20260302,SMD_Line_A,Mounter_04,FD_01,NZ_01,CHIP_0603,9.31,15.09,-0.643,149.41,91.64,-65.08,2.0,243.2,3.12,A,Normal,0
PCB_00856,LOT_20260302,SMD_Line_A,Mounter_03,FD_02,NZ_01,CHIP_1005,-1.51,-9.86,-0.168,109.71,99.58,-74.77,3.24,251.4,4.42,A,Normal,0
PCB_00857,LOT_20260302,SMD_Line_A,Mounter_02,FD_23,NZ_08,CHIP_1005,-17.32,-11.68,-0.598,149.36,100.15,-72.21,2.26,235.6,3.9,A,Normal,0
PCB_00858,LOT_20260302,SMD_Line_B,Mounter_01,FD_09,NZ_03,CHIP_1005,1.23,-7.42,-0.345,125.16,120.24,,3.53,250.0,5.0,A,Normal,0
PCB_00859,LOT_20260302,SMD_Line_B,Mounter_03,FD_22,NZ_01,CAP_3216,-8.95,6.28,0.058,157.68,103.85,-65.37,3.7,246.4,4.91,A,Normal,0
PCB_00860,LOT_20260302,SMD_Line_A,Mounter_03,FD_02,NZ_08,CHIP_0603,-18.05,6.33,-0.392,103.81,98.93,-80.13,2.84,251.5,4.24,A,Normal,0
PCB_00861,LOT_20260302,SMD_Line_C,Mounter_04,FD_15,NZ_05,CHIP_1005,-12.44,40.21,0.579,147.63,108.69,-71.49,3.4,243.7,3.94,F,Mount_Shift,1
PCB_00862,LOT_20260302,SMD_Line_B,Mounter_03,FD_10,NZ_06,CHIP_1005,25.57,-3.64,-0.471,114.54,89.39,-76.69,3.64,246.1,3.72,B,Normal,0
PCB_00863,LOT_20260302,SMD_Line_B,Mounter_03,FD_15,NZ_03,CHIP_0603,15.15,1.08,-0.272,113.46,101.21,-76.87,4.1,240.1,4.99,A,Normal,0
PCB_00864,LOT_20260302,SMD_Line_B,Mounter_03,FD_10,NZ_08,CHIP_1005,-25.18,22.79,0.382,154.84,107.61,-75.09,2.97,244.0,4.26,B,Normal,0
PCB_00865,LOT_20260302,SMD_Line_B,Mounter_03,FD_23,NZ_01,BGA_256,-2.35,3.38,0.311,141.29,,-75.86,2.35,241.7,3.83,A,Normal,0
PCB_00866,LOT_20260302,SMD_Line_B,Mounter_02,FD_17,NZ_03,CHIP_0603,-1.44,-12.84,0.232,107.83,93.65,-71.06,2.66,242.5,4.14,A,Normal,0
PCB_00867,LOT_20260302,SMD_Line_A,Mounter_02,FD_09,NZ_04,CHIP_0603,-3.33,4.04,-0.287,133.03,104.37,-76.46,2.2,245.6,4.06,A,Normal,0
PCB_00868,LOT_20260302,SMD_Line_A,Mounter_02,FD_18,NZ_03,CHIP_0603,-8.3,8.32,0.263,151.07,108.16,-68.36,3.49,241.7,5.08,A,Normal,0
PCB_00869,LOT_20260302,SMD_Line_C,Mounter_02,FD_04,NZ_07,IC_QFP_48,9.34,-4.03,0.356,138.38,,-67.34,1.27,235.6,4.29,A,Normal,0
PCB_00870,LOT_20260302,SMD_Line_C,Mounter_01,FD_09,NZ_06,IC_QFP_48,11.78,9.38,0.199,130.46,92.75,-66.21,2.6,246.0,4.21,A,Normal,0
PCB_00871,LOT_20260302,SMD_Line_A,Mounter_02,FD_16,NZ_07,CHIP_1005,13.11,8.33,-0.015,147.26,96.13,-77.36,3.21,245.9,3.52,A,Normal,0
PCB_00872,LOT_20260302,SMD_Line_A,Mounter_03,FD_04,NZ_04,CHIP_1005,4.13,-5.41,0.26,135.53,127.95,,2.55,248.1,4.43,B,Normal,0
PCB_00873,LOT_20260302,SMD_Line_B,Mounter_02,FD_16,NZ_07,BGA_256,7.61,18.31,-0.034,105.11,91.02,-73.69,2.68,245.0,4.22,A,Normal,0
PCB_00874,LOT_20260302,SMD_Line_B,Mounter_02,FD_19,NZ_04,IC_QFP_48,-4.31,-9.25,0.182,131.44,103.9,-73.98,3.7,240.5,4.46,A,Normal,0
PCB_00875,LOT_20260302,SMD_Line_A,Mounter_04,FD_01,NZ_03,BGA_256,-19.71,5.16,0.034,137.26,95.76,-69.19,2.53,251.4,4.23,A,Normal,0
PCB_00876,LOT_20260302,SMD_Line_A,Mounter_03,FD_23,NZ_05,BGA_256,-20.03,-7.1,-0.68,133.34,88.75,-70.89,2.93,243.6,4.03,B,Normal,0
PCB_00877,LOT_20260302,SMD_Line_B,Mounter_02,FD_06,NZ_06,CHIP_1005,-10.65,-19.98,-0.263,123.93,108.37,-75.25,3.76,240.9,4.22,A,Normal,0
PCB_00878,LOT_20260302,SMD_Line_B,Mounter_02,FD_10,NZ_05,CHIP_1005,-2.51,4.23,0.936,136.87,83.07,-72.99,2.98,251.1,3.81,B,Normal,0
PCB_00879,LOT_20260302,SMD_Line_A,Mounter_02,FD_16,NZ_06,BGA_256,-16.04,22.77,-0.872,132.75,,-72.12,4.64,252.1,4.28,B,Normal,0
PCB_00880,LOT_20260302,SMD_Line_A,Mounter_01,FD_04,NZ_08,CAP_3216,-14.12,-0.64,0.699,100.12,87.53,-72.6,3.86,233.4,4.85,A,Normal,0
PCB_00881,LOT_20260302,SMD_Line_A,Mounter_02,FD_22,NZ_06,CHIP_0603,-4.73,-17.62,0.281,110.11,92.01,-74.58,3.89,241.1,4.64,A,Normal,0
PCB_00882,LOT_20260302,SMD_Line_B,Mounter_04,FD_22,NZ_07,CHIP_0603,10.8,2.62,0.015,134.65,,-75.88,2.37,244.2,4.05,A,Normal,0
PCB_00883,LOT_20260302,SMD_Line_A,Mounter_03,FD_13,NZ_07,CAP_3216,4.18,-9.66,-0.756,141.19,109.03,-69.37,3.14,246.2,4.1,A,Normal,0
PCB_00884,LOT_20260302,SMD_Line_A,Mounter_03,FD_16,NZ_05,CHIP_0603,-10.79,12.43,-0.001,118.33,102.8,-76.14,3.03,247.7,4.49,A,Normal,0
PCB_00885,LOT_20260302,SMD_Line_C,Mounter_02,FD_20,NZ_02,BGA_256,0.58,-2.7,-0.336,141.06,93.61,-69.52,2.96,255.6,4.39,A,Normal,0
PCB_00886,LOT_20260302,SMD_Line_A,Mounter_02,FD_06,NZ_08,CHIP_1005,-16.61,-20.92,0.535,137.51,80.88,-71.17,2.88,240.4,4.2,B,Normal,0
PCB_00887,LOT_20260302,SMD_Line_B,Mounter_02,FD_11,NZ_04,CHIP_0603,-10.79,6.0,-0.3,127.16,98.92,-75.0,3.12,245.7,3.92,A,Normal,0
PCB_00888,LOT_20260302,SMD_Line_A,Mounter_03,FD_24,NZ_07,CHIP_0603,-20.71,2.46,-0.124,136.4,89.8,-70.21,1.76,238.8,3.76,A,Normal,0
PCB_00889,LOT_20260302,SMD_Line_A,Mounter_03,FD_03,NZ_08,CHIP_0603,5.36,-3.54,0.111,136.07,128.94,-74.51,2.64,246.0,3.75,B,Normal,0
PCB_00890,LOT_20260302,SMD_Line_A,Mounter_01,FD_20,NZ_07,CHIP_0603,-3.54,-12.26,-0.29,143.15,,-70.02,4.21,252.0,4.12,A,Normal,0
PCB_00891,LOT_20260302,SMD_Line_B,Mounter_04,FD_10,NZ_07,CHIP_1005,-1.97,21.11,0.431,143.86,84.53,-74.76,2.88,233.3,4.37,B,Normal,0
PCB_00892,LOT_20260302,SMD_Line_C,Mounter_01,FD_01,NZ_03,IC_QFP_48,10.07,-5.33,-0.133,114.37,96.01,-71.62,2.81,239.0,3.34,A,Normal,0
PCB_00893,LOT_20260302,SMD_Line_C,Mounter_04,FD_20,NZ_05,CAP_3216,-12.47,10.59,-0.846,119.01,109.1,-72.17,3.16,248.3,4.57,A,Normal,0
PCB_00894,LOT_20260302,SMD_Line_A,Mounter_01,FD_11,NZ_05,CHIP_1005,5.83,-5.47,0.068,152.15,113.95,-74.17,3.22,248.4,3.67,A,Normal,0
PCB_00895,LOT_20260302,SMD_Line_B,Mounter_03,FD_12,NZ_07,CHIP_1005,24.81,8.03,0.363,143.24,96.29,-73.1,1.85,241.5,3.86,A,Normal,0
PCB_00896,LOT_20260302,SMD_Line_A,Mounter_01,FD_14,NZ_03,CHIP_1005,-12.28,0.63,0.647,139.58,98.58,-74.25,3.28,248.4,4.07,A,Normal,0
PCB_00897,LOT_20260302,SMD_Line_A,Mounter_04,FD_08,NZ_07,CHIP_1005,-19.54,0.33,0.249,141.92,106.78,-67.9,3.53,250.5,4.39,F,Tombstone,1
PCB_00898,LOT_20260302,SMD_Line_C,Mounter_02,FD_11,NZ_04,CHIP_1005,-15.72,-9.75,0.519,147.07,,-74.45,3.55,247.3,4.95,A,Normal,0
PCB_00899,LOT_20260302,SMD_Line_A,Mounter_04,FD_04,NZ_03,CHIP_0603,4.86,6.23,0.221,132.01,104.17,-72.25,2.64,251.1,3.97,A,Normal,0
PCB_00900,LOT_20260302,SMD_Line_A,Mounter_02,FD_07,NZ_07,CHIP_0603,21.83,16.58,-0.432,124.31,103.43,-79.32,4.12,246.4,4.74,A,Normal,0
PCB_00901,LOT_20260302,SMD_Line_A,Mounter_03,FD_10,NZ_06,CHIP_0603,21.32,-12.21,-0.352,138.42,106.4,-74.41,4.06,243.9,4.0,A,Normal,0
PCB_00902,LOT_20260302,SMD_Line_A,Mounter_04,FD_19,NZ_02,CHIP_0603,10.56,-9.82,-1.034,129.6,99.53,-69.78,4.0,246.2,4.86,A,Normal,0
PCB_00903,LOT_20260302,SMD_Line_A,Mounter_01,FD_04,NZ_06,IC_QFP_48,10.99,34.75,-0.098,153.24,81.23,-70.34,3.67,248.5,4.16,C,Normal,0
PCB_00904,LOT_20260302,SMD_Line_B,Mounter_04,FD_02,NZ_02,CHIP_0603,5.81,-11.82,0.294,153.02,102.73,-70.47,2.99,238.2,3.46,A,Normal,0
PCB_00905,LOT_20260302,SMD_Line_B,Mounter_02,FD_21,NZ_03,BGA_256,9.06,-6.54,-0.71,143.36,89.49,,3.2,246.1,3.84,F,Tombstone,1
PCB_00906,LOT_20260302,SMD_Line_C,Mounter_03,FD_18,NZ_06,CAP_3216,3.8,16.33,0.582,110.85,120.71,-71.12,4.05,244.5,4.2,B,Normal,0
PCB_00907,LOT_20260302,SMD_Line_C,Mounter_01,FD_14,NZ_04,CAP_3216,-10.0,16.68,-0.046,113.57,121.05,-66.95,1.83,242.8,4.1,B,Normal,0
PCB_00908,LOT_20260302,SMD_Line_A,Mounter_04,FD_16,NZ_08,CAP_3216,21.42,-28.65,-0.403,110.27,86.26,-75.24,2.76,240.2,3.69,F,Tombstone,1
PCB_00909,LOT_20260302,SMD_Line_A,Mounter_02,FD_22,NZ_06,CHIP_0603,16.69,9.03,-0.712,132.8,89.74,-67.71,3.48,237.1,3.54,A,Normal,0
PCB_00910,LOT_20260302,SMD_Line_A,Mounter_01,FD_11,NZ_05,CHIP_1005,-9.71,-2.3,0.747,143.85,72.31,-75.09,3.06,242.8,4.6,B,Normal,0
PCB_00911,LOT_20260302,SMD_Line_B,Mounter_03,FD_10,NZ_08,CHIP_0603,8.11,-1.76,0.532,125.38,108.83,-70.94,2.96,242.5,3.05,A,Normal,0
PCB_00912,LOT_20260302,SMD_Line_A,Mounter_01,FD_17,NZ_08,BGA_256,18.27,13.75,-0.182,120.31,,,4.18,249.0,4.45,A,Normal,0
PCB_00913,LOT_20260302,SMD_Line_B,Mounter_03,FD_14,NZ_02,BGA_256,5.23,-4.11,0.418,131.56,103.25,-69.03,3.7,249.7,3.65,A,Normal,0
PCB_00914,LOT_20260302,SMD_Line_B,Mounter_01,FD_22,NZ_02,BGA_256,-2.57,-6.04,-0.094,118.24,93.53,-76.51,3.78,241.4,5.15,A,Normal,0
PCB_00915,LOT_20260302,SMD_Line_B,Mounter_04,FD_04,NZ_07,CHIP_1005,17.87,-3.79,-0.272,133.99,80.77,-75.52,2.74,241.4,3.19,B,Normal,0
PCB_00916,LOT_20260302,SMD_Line_B,Mounter_02,FD_19,NZ_04,IC_QFP_48,3.19,-4.12,-0.294,126.35,102.53,-72.39,2.87,242.6,3.15,F,Tombstone,1
PCB_00917,LOT_20260302,SMD_Line_A,Mounter_04,FD_02,NZ_02,CHIP_0603,-7.85,4.1,-0.104,120.14,115.47,-74.76,3.44,249.7,3.99,A,Normal,0
PCB_00918,LOT_20260302,SMD_Line_C,Mounter_04,FD_07,NZ_02,CHIP_0603,-14.38,15.62,-0.179,131.73,99.66,-74.49,3.46,242.2,4.71,F,Tombstone,1
PCB_00919,LOT_20260302,SMD_Line_C,Mounter_03,FD_09,NZ_07,IC_QFP_48,-36.64,5.05,0.028,143.31,87.68,-72.41,4.31,253.2,5.29,B,Normal,0
PCB_00920,LOT_20260302,SMD_Line_A,Mounter_03,FD_19,NZ_04,CHIP_1005,24.66,-0.15,0.724,107.21,,-76.38,3.42,245.5,4.69,B,Normal,0
PCB_00921,LOT_20260302,SMD_Line_C,Mounter_03,FD_16,NZ_06,CAP_3216,-10.46,6.45,1.025,132.52,106.16,-71.55,4.2,246.9,4.27,A,Normal,0
PCB_00922,LOT_20260302,SMD_Line_B,Mounter_04,FD_22,NZ_03,CHIP_0603,12.05,9.21,-0.541,98.52,97.58,-70.71,3.59,243.0,3.71,A,Normal,0
PCB_00923,LOT_20260302,SMD_Line_C,Mounter_01,FD_16,NZ_06,BGA_256,-11.5,6.82,0.207,126.18,86.82,-77.51,3.06,251.8,3.82,A,Normal,0
PCB_00924,LOT_20260302,SMD_Line_C,Mounter_01,FD_18,NZ_05,CHIP_1005,2.09,-7.87,0.094,140.43,,-71.15,2.73,246.8,3.87,A,Normal,0
PCB_00925,LOT_20260302,SMD_Line_B,Mounter_04,FD_23,NZ_05,BGA_256,5.62,5.01,0.239,145.33,81.85,-71.29,3.68,243.0,4.0,A,Normal,0
PCB_00926,LOT_20260302,SMD_Line_A,Mounter_04,FD_21,NZ_02,BGA_256,-15.49,-25.01,-0.203,122.13,127.3,-70.47,2.98,239.5,4.07,F,Tombstone,1
PCB_00927,LOT_20260302,SMD_Line_A,Mounter_02,FD_21,NZ_08,CAP_3216,11.96,18.1,0.245,121.97,98.89,-71.59,3.13,247.9,4.3,A,Normal,0
PCB_00928,LOT_20260302,SMD_Line_B,Mounter_03,FD_11,NZ_05,CHIP_0603,-2.48,18.07,-0.621,126.55,110.77,,2.7,242.3,3.91,A,Normal,0
PCB_00929,LOT_20260302,SMD_Line_B,Mounter_03,FD_07,NZ_03,CAP_3216,6.91,10.49,1.522,113.46,102.58,-70.78,3.2,244.3,4.28,B,Normal,0
PCB_00930,LOT_20260302,SMD_Line_A,Mounter_04,FD_09,NZ_02,CHIP_0603,18.18,14.7,0.131,132.44,89.47,-71.14,3.56,241.1,4.39,A,Normal,0
PCB_00931,LOT_20260302,SMD_Line_A,Mounter_04,FD_04,NZ_07,CHIP_0603,9.25,-0.88,0.329,114.96,115.95,-70.7,2.96,241.1,3.65,A,Normal,0
PCB_00932,LOT_20260302,SMD_Line_C,Mounter_01,FD_13,NZ_05,CHIP_1005,-1.19,-8.86,-0.503,138.35,107.39,-66.61,2.77,242.4,3.57,A,Normal,0
PCB_00933,LOT_20260302,SMD_Line_C,Mounter_04,FD_04,NZ_08,BGA_256,24.3,-14.8,-0.313,119.25,98.85,-67.42,3.24,244.7,4.75,A,Normal,0
PCB_00934,LOT_20260302,SMD_Line_B,Mounter_01,FD_19,NZ_07,CHIP_1005,-0.56,11.9,-0.661,125.21,,-72.4,3.48,240.0,4.26,A,Normal,0
PCB_00935,LOT_20260302,SMD_Line_A,Mounter_04,FD_02,NZ_01,BGA_256,1.16,-8.86,0.655,137.49,98.35,-74.18,3.19,243.9,4.12,A,Normal,0
PCB_00936,LOT_20260302,SMD_Line_A,Mounter_02,FD_09,NZ_01,IC_QFP_48,-2.05,-4.41,-0.499,139.53,73.59,-67.55,4.34,242.0,3.49,B,Normal,0
PCB_00937,LOT_20260302,SMD_Line_A,Mounter_02,FD_12,NZ_01,CHIP_0603,-15.32,2.64,-0.085,138.85,79.47,-63.99,3.26,244.5,4.58,B,Normal,0
PCB_00938,LOT_20260302,SMD_Line_C,Mounter_01,FD_02,NZ_07,CAP_3216,-16.7,-0.44,-0.065,133.95,99.74,-72.1,3.51,248.8,4.2,A,Normal,0
PCB_00939,LOT_20260302,SMD_Line_A,Mounter_03,FD_06,NZ_01,CHIP_0603,-6.93,3.12,0.213,113.7,96.19,-70.25,3.73,245.9,4.95,A,Normal,0
PCB_00940,LOT_20260302,SMD_Line_B,Mounter_02,FD_05,NZ_06,BGA_256,-12.67,-21.34,-0.582,129.53,98.93,,3.44,242.4,4.3,A,Normal,0
PCB_00941,LOT_20260302,SMD_Line_A,Mounter_01,FD_05,NZ_01,CHIP_0603,-3.47,-2.76,0.387,127.39,95.92,-70.14,2.62,244.8,4.07,A,Normal,0
PCB_00942,LOT_20260302,SMD_Line_B,Mounter_04,FD_20,NZ_02,CHIP_1005,10.33,9.73,0.56,123.69,86.54,-78.94,2.7,247.5,3.89,A,Normal,0
PCB_00943,LOT_20260302,SMD_Line_B,Mounter_04,FD_22,NZ_04,CHIP_1005,-5.11,-5.1,-0.297,131.11,83.41,-73.84,2.54,247.9,4.99,A,Normal,0
PCB_00944,LOT_20260302,SMD_Line_C,Mounter_01,FD_05,NZ_06,CHIP_0603,2.75,-10.17,-0.016,117.07,89.85,-69.47,2.41,245.9,4.7,A,Normal,0
PCB_00945,LOT_20260302,SMD_Line_A,Mounter_03,FD_04,NZ_08,CHIP_1005,-6.32,11.27,0.282,129.48,109.05,-75.06,3.36,252.5,4.31,A,Normal,0
PCB_00946,LOT_20260302,SMD_Line_A,Mounter_01,FD_09,NZ_04,CHIP_0603,31.81,-5.01,0.115,125.5,90.19,-70.06,3.94,241.3,4.67,B,Normal,0
PCB_00947,LOT_20260302,SMD_Line_A,Mounter_01,FD_22,NZ_02,CHIP_0603,18.85,2.18,-0.45,123.14,112.51,-70.18,3.63,247.2,4.37,A,Normal,0
PCB_00948,LOT_20260302,SMD_Line_C,Mounter_02,FD_10,NZ_08,CHIP_0603,-3.1,-2.48,0.316,113.25,87.56,-69.97,3.62,244.7,3.29,A,Normal,0
PCB_00949,LOT_20260302,SMD_Line_C,Mounter_01,FD_16,NZ_02,CHIP_1005,3.4,-0.01,0.681,112.86,114.22,-73.78,2.58,249.3,4.67,A,Normal,0
PCB_00950,LOT_20260302,SMD_Line_B,Mounter_01,FD_10,NZ_03,IC_QFP_48,-16.75,18.05,0.679,150.13,93.81,-69.32,3.5,245.0,4.55,B,Normal,0
PCB_00951,LOT_20260302,SMD_Line_B,Mounter_04,FD_10,NZ_08,CHIP_1005,-2.68,6.75,0.259,131.72,96.3,-65.53,3.52,253.8,3.65,A,Normal,0
PCB_00952,LOT_20260302,SMD_Line_B,Mounter_02,FD_19,NZ_06,BGA_256,-7.5,-14.42,0.345,157.18,,-73.72,4.21,245.4,4.49,A,Normal,0
PCB_00953,LOT_20260302,SMD_Line_A,Mounter_04,FD_10,NZ_04,CHIP_1005,9.29,-4.39,-0.175,157.93,106.99,-74.34,3.4,248.1,3.78,A,Normal,0
PCB_00954,LOT_20260302,SMD_Line_C,Mounter_04,FD_06,NZ_01,IC_QFP_48,-11.63,-4.87,-0.413,148.44,,-72.6,4.24,244.2,3.99,A,Normal,0
PCB_00955,LOT_20260302,SMD_Line_B,Mounter_03,FD_17,NZ_02,IC_QFP_48,20.72,2.55,-0.031,110.77,101.67,-71.04,3.27,246.4,4.28,A,Normal,0
PCB_00956,LOT_20260302,SMD_Line_A,Mounter_03,FD_05,NZ_01,CHIP_1005,-0.82,10.72,1.019,151.17,99.03,-75.61,3.47,242.4,4.25,A,Normal,0
PCB_00957,LOT_20260302,SMD_Line_B,Mounter_02,FD_06,NZ_08,IC_QFP_48,-10.87,0.38,-0.239,128.1,93.17,-73.59,3.9,246.8,4.16,A,Normal,0
PCB_00958,LOT_20260302,SMD_Line_A,Mounter_02,FD_24,NZ_04,CHIP_0603,0.4,0.03,0.195,125.84,113.16,-66.9,3.35,236.8,3.39,A,Normal,0
PCB_00959,LOT_20260302,SMD_Line_A,Mounter_03,FD_15,NZ_07,BGA_256,9.21,-26.33,0.17,123.69,101.03,-68.02,2.29,242.7,4.22,A,Normal,0
PCB_00960,LOT_20260302,SMD_Line_B,Mounter_03,FD_19,NZ_06,IC_QFP_48,6.51,15.62,-0.168,124.74,106.89,-75.47,2.6,242.1,5.04,A,Normal,0
PCB_00961,LOT_20260302,SMD_Line_A,Mounter_03,FD_18,NZ_05,CHIP_0603,1.96,-1.98,0.668,135.99,102.4,-65.47,4.8,253.0,4.34,A,Normal,0
PCB_00962,LOT_20260302,SMD_Line_B,Mounter_03,FD_04,NZ_07,IC_QFP_48,10.97,3.05,0.715,164.5,94.94,-73.5,3.26,242.0,4.11,A,Normal,0
PCB_00963,LOT_20260302,SMD_Line_A,Mounter_03,FD_08,NZ_08,CHIP_0603,10.21,3.02,1.2,105.41,128.74,-70.83,3.62,243.0,4.55,F,Mount_Shift,1
PCB_00964,LOT_20260302,SMD_Line_A,Mounter_04,FD_16,NZ_08,CHIP_0603,10.27,-9.08,-0.359,159.15,114.76,-71.85,2.56,241.8,4.27,A,Normal,0
PCB_00965,LOT_20260302,SMD_Line_A,Mounter_02,FD_24,NZ_07,CHIP_0603,-3.45,-2.88,0.183,152.64,93.52,-68.78,3.4,246.7,3.99,A,Normal,0
PCB_00966,LOT_20260302,SMD_Line_A,Mounter_04,FD_19,NZ_05,IC_QFP_48,-3.53,-9.17,0.04,127.33,124.63,-76.0,4.0,243.6,4.66,B,Normal,0
PCB_00967,LOT_20260302,SMD_Line_B,Mounter_04,FD_20,NZ_08,IC_QFP_48,-2.59,16.32,-0.309,122.54,111.13,-73.84,2.08,243.1,4.33,A,Normal,0
PCB_00968,LOT_20260302,SMD_Line_A,Mounter_01,FD_03,NZ_08,BGA_256,-6.18,-26.24,-0.3,109.79,86.88,-75.21,3.33,254.0,4.4,B,Normal,0
PCB_00969,LOT_20260302,SMD_Line_B,Mounter_04,FD_10,NZ_02,CHIP_0603,1.32,-11.25,0.075,116.38,110.58,-75.7,3.32,245.6,4.1,F,Tombstone,1
PCB_00970,LOT_20260302,SMD_Line_B,Mounter_03,FD_02,NZ_03,CHIP_1005,-0.07,-3.8,-0.21,120.89,104.99,-74.6,3.39,247.8,4.15,A,Normal,0
PCB_00971,LOT_20260302,SMD_Line_B,Mounter_03,FD_04,NZ_08,IC_QFP_48,20.69,17.67,-0.441,128.45,101.99,-74.93,4.47,246.7,4.6,A,Normal,0
PCB_00972,LOT_20260302,SMD_Line_C,Mounter_01,FD_06,NZ_01,CHIP_0603,-6.31,8.35,0.056,129.56,112.18,-69.76,3.04,241.5,3.95,A,Normal,0
PCB_00973,LOT_20260302,SMD_Line_B,Mounter_01,FD_11,NZ_02,CHIP_1005,-12.33,-19.33,-0.498,141.42,104.09,,2.92,242.6,5.36,A,Normal,0
PCB_00974,LOT_20260302,SMD_Line_A,Mounter_01,FD_14,NZ_03,CHIP_0603,8.07,-1.36,-0.21,139.77,75.88,-72.89,3.1,240.3,3.9,B,Normal,0
PCB_00975,LOT_20260302,SMD_Line_A,Mounter_01,FD_16,NZ_01,CHIP_0603,0.89,8.51,0.163,133.58,83.76,-78.42,4.62,239.8,3.9,A,Normal,0
PCB_00976,LOT_20260302,SMD_Line_A,Mounter_01,FD_21,NZ_04,CHIP_1005,-8.58,26.28,-0.061,129.35,89.73,-68.54,3.3,245.1,4.72,B,Normal,0
PCB_00977,LOT_20260302,SMD_Line_B,Mounter_04,FD_19,NZ_07,IC_QFP_48,9.78,-4.01,-0.116,147.15,123.95,-77.99,3.55,245.4,4.19,B,Normal,0
PCB_00978,LOT_20260302,SMD_Line_A,Mounter_01,FD_02,NZ_07,CHIP_0603,-3.49,-13.98,0.814,142.59,107.82,-71.67,1.82,244.5,4.5,A,Normal,0
PCB_00979,LOT_20260302,SMD_Line_B,Mounter_04,FD_17,NZ_05,CHIP_0603,19.05,3.8,0.631,136.67,106.49,-67.35,3.27,246.6,4.96,A,Normal,0
PCB_00980,LOT_20260302,SMD_Line_B,Mounter_02,FD_09,NZ_03,CHIP_0603,-11.88,-0.51,0.037,123.91,,-66.62,3.1,244.3,4.4,A,Normal,0
PCB_00981,LOT_20260302,SMD_Line_A,Mounter_01,FD_17,NZ_01,CHIP_0603,-7.26,5.47,-0.456,146.58,,-76.84,3.26,250.2,4.37,A,Normal,0
PCB_00982,LOT_20260302,SMD_Line_C,Mounter_01,FD_15,NZ_08,CHIP_0603,1.6,8.15,0.365,142.52,,-72.63,3.01,242.9,3.92,A,Normal,0
PCB_00983,LOT_20260302,SMD_Line_A,Mounter_04,FD_07,NZ_02,CHIP_1005,16.97,3.78,1.137,126.31,111.95,-69.3,2.42,249.1,3.77,B,Normal,0
PCB_00984,LOT_20260302,SMD_Line_A,Mounter_02,FD_22,NZ_01,IC_QFP_48,-8.92,6.23,0.614,101.24,119.96,-73.42,3.04,248.2,3.43,B,Normal,0
PCB_00985,LOT_20260302,SMD_Line_B,Mounter_04,FD_23,NZ_02,CHIP_1005,4.71,19.3,-0.585,131.43,108.13,-68.22,4.11,234.2,3.84,A,Normal,0
PCB_00986,LOT_20260302,SMD_Line_B,Mounter_04,FD_19,NZ_07,IC_QFP_48,-14.55,-3.43,-0.089,119.62,94.11,-79.13,3.27,238.7,3.96,A,Normal,0
PCB_00987,LOT_20260302,SMD_Line_B,Mounter_01,FD_03,NZ_05,IC_QFP_48,11.46,-14.45,-0.33,140.76,95.09,-71.47,2.12,237.8,3.83,A,Normal,0
PCB_00988,LOT_20260302,SMD_Line_B,Mounter_03,FD_01,NZ_08,CHIP_0603,-8.15,3.7,-0.417,133.24,,-70.43,2.5,246.3,4.07,A,Normal,0
PCB_00989,LOT_20260302,SMD_Line_A,Mounter_03,FD_04,NZ_05,CHIP_0603,7.73,-15.12,0.511,104.91,98.6,,3.37,240.4,3.96,A,Normal,0
PCB_00990,LOT_20260302,SMD_Line_C,Mounter_04,FD_18,NZ_01,BGA_256,8.38,-13.23,0.501,134.42,98.11,-69.2,2.56,249.4,4.62,A,Normal,0
PCB_00991,LOT_20260302,SMD_Line_C,Mounter_01,FD_08,NZ_01,CHIP_0603,-22.7,-9.7,0.799,155.73,,-75.59,3.34,240.4,3.54,B,Normal,0
PCB_00992,LOT_20260302,SMD_Line_B,Mounter_02,FD_19,NZ_02,CHIP_0603,2.62,-14.76,0.305,127.71,92.04,-66.32,3.95,245.7,4.69,A,Normal,0
PCB_00993,LOT_20260302,SMD_Line_A,Mounter_03,FD_23,NZ_02,CHIP_0603,-6.32,13.79,-0.02,129.87,98.56,-73.13,3.48,240.7,4.54,A,Normal,0
PCB_00994,LOT_20260302,SMD_Line_B,Mounter_02,FD_23,NZ_03,CHIP_1005,6.23,0.58,0.085,124.85,81.0,-72.56,2.61,247.4,3.74,A,Normal,0
PCB_00995,LOT_20260302,SMD_Line_A,Mounter_03,FD_06,NZ_07,CHIP_1005,-10.93,8.34,-0.408,131.08,107.43,-75.62,3.3,243.7,3.56,A,Normal,0
PCB_00996,LOT_20260302,SMD_Line_A,Mounter_01,FD_01,NZ_03,CAP_3216,-7.27,6.02,0.617,153.1,77.59,-73.23,3.65,243.1,4.48,B,Normal,0
PCB_00997,LOT_20260302,SMD_Line_C,Mounter_04,FD_08,NZ_03,BGA_256,14.98,-2.48,-0.334,145.83,112.78,-74.47,2.76,242.1,4.48,A,Normal,0
PCB_00998,LOT_20260302,SMD_Line_A,Mounter_02,FD_01,NZ_01,CHIP_1005,14.01,11.33,-0.184,121.36,93.67,-70.94,2.55,240.3,3.8,A,Normal,0
PCB_00999,LOT_20260302,SMD_Line_C,Mounter_02,FD_19,NZ_06,CHIP_1005,-12.43,-5.69,-0.137,128.91,,-71.09,3.15,246.5,3.54,A,Normal,0
PCB_01000,LOT_20260302,SMD_Line_B,Mounter_04,FD_11,NZ_06,CHIP_0603,22.45,-1.98,-1.382,129.88,106.7,-72.31,4.13,242.1,4.0,F,Mount_Shift,1
PCB_01001,LOT_20260303,SMD_Line_A,Mounter_02,FD_21,NZ_06,CHIP_0603,-32.28,-8.35,0.39,136.17,96.55,-71.41,2.61,255.1,2.59,B,Normal,0
PCB_01002,LOT_20260303,SMD_Line_B,Mounter_03,FD_24,NZ_06,CHIP_0603,2.68,16.52,-0.426,136.45,,,2.94,251.7,4.47,A,Normal,0
PCB_01003,LOT_20260303,SMD_Line_C,Mounter_04,FD_15,NZ_03,CHIP_0603,-16.06,-1.26,0.31,128.56,,,2.49,243.9,3.88,A,Normal,0
PCB_01004,LOT_20260303,SMD_Line_B,Mounter_03,FD_23,NZ_01,CHIP_0603,4.64,7.06,-0.202,111.33,126.38,-67.78,2.75,243.3,4.3,B,Normal,0
PCB_01005,LOT_20260303,SMD_Line_C,Mounter_03,FD_11,NZ_06,CHIP_0603,-3.27,-6.86,-0.206,128.28,109.45,-74.61,3.12,244.2,5.1,A,Normal,0
PCB_01006,LOT_20260303,SMD_Line_B,Mounter_01,FD_19,NZ_08,CHIP_0603,-12.72,9.99,-0.5,124.56,90.9,-70.96,3.11,251.3,4.0,A,Normal,0
PCB_01007,LOT_20260303,SMD_Line_B,Mounter_03,FD_21,NZ_05,CAP_3216,-9.22,9.12,0.625,116.54,95.78,-80.06,1.55,253.8,4.54,A,Normal,0
PCB_01008,LOT_20260303,SMD_Line_C,Mounter_01,FD_10,NZ_04,CHIP_1005,-9.83,-19.18,0.725,141.83,94.27,-70.51,3.06,236.7,4.07,A,Normal,0
PCB_01009,LOT_20260303,SMD_Line_A,Mounter_02,FD_24,NZ_05,CAP_3216,0.95,0.05,0.45,130.29,87.62,-67.93,4.26,250.6,3.98,A,Normal,0
PCB_01010,LOT_20260303,SMD_Line_B,Mounter_02,FD_12,NZ_01,CHIP_1005,12.18,1.38,0.119,114.51,107.2,,3.29,243.8,4.96,A,Normal,0
PCB_01011,LOT_20260303,SMD_Line_A,Mounter_01,FD_01,NZ_01,CHIP_1005,24.49,-3.54,0.061,159.7,96.09,-71.4,3.05,241.5,3.92,A,Normal,0
PCB_01012,LOT_20260303,SMD_Line_C,Mounter_03,FD_24,NZ_04,CHIP_0603,-2.14,16.34,0.489,136.25,103.81,-66.51,2.86,249.7,4.47,F,Tombstone,1
PCB_01013,LOT_20260303,SMD_Line_C,Mounter_04,FD_07,NZ_02,CHIP_0603,3.74,-14.36,-0.057,141.88,,-71.01,2.65,245.3,4.36,A,Normal,0
PCB_01014,LOT_20260303,SMD_Line_A,Mounter_04,FD_17,NZ_02,CHIP_0603,14.83,-5.29,0.593,145.72,108.28,-74.4,3.26,250.7,4.41,A,Normal,0
PCB_01015,LOT_20260303,SMD_Line_B,Mounter_01,FD_10,NZ_08,CAP_3216,-5.61,-10.02,-0.433,123.46,92.9,,3.47,249.0,4.51,A,Normal,0
PCB_01016,LOT_20260303,SMD_Line_C,Mounter_02,FD_06,NZ_02,CAP_3216,-9.79,12.15,0.442,138.15,87.94,-74.13,4.24,246.4,4.46,F,Tombstone,1
PCB_01017,LOT_20260303,SMD_Line_A,Mounter_02,FD_17,NZ_03,CHIP_0603,24.36,-12.14,0.578,101.05,83.95,-68.59,2.76,251.8,3.92,B,Normal,0
PCB_01018,LOT_20260303,SMD_Line_B,Mounter_04,FD_18,NZ_02,CHIP_0603,-2.25,-21.62,-0.494,144.44,88.96,-67.49,3.98,244.4,3.98,A,Normal,0
PCB_01019,LOT_20260303,SMD_Line_C,Mounter_01,FD_05,NZ_07,CHIP_1005,2.72,5.09,-0.378,128.98,94.87,-68.26,3.95,240.4,4.34,A,Normal,0
PCB_01020,LOT_20260303,SMD_Line_A,Mounter_04,FD_18,NZ_03,CHIP_0603,-20.05,-1.64,-0.02,137.9,110.66,-74.55,2.96,253.1,3.27,A,Normal,0
PCB_01021,LOT_20260303,SMD_Line_B,Mounter_03,FD_17,NZ_03,CHIP_1005,-6.55,12.28,0.19,128.95,94.68,-71.75,2.76,244.0,4.38,A,Normal,0
PCB_01022,LOT_20260303,SMD_Line_A,Mounter_03,FD_22,NZ_08,CHIP_0603,23.59,9.59,-0.278,157.27,111.79,-69.55,2.34,245.7,3.91,A,Normal,0
PCB_01023,LOT_20260303,SMD_Line_C,Mounter_01,FD_16,NZ_02,CHIP_1005,5.79,-0.5,0.041,148.36,103.51,-76.09,3.22,242.6,4.72,A,Normal,0
PCB_01024,LOT_20260303,SMD_Line_C,Mounter_01,FD_08,NZ_02,CHIP_0603,-0.36,-17.03,-0.93,90.84,121.83,-68.82,3.03,245.4,3.22,B,Normal,0
PCB_01025,LOT_20260303,SMD_Line_C,Mounter_03,FD_24,NZ_08,CHIP_1005,17.42,-14.14,0.344,138.29,93.99,-69.02,3.84,246.3,4.43,A,Normal,0
PCB_01026,LOT_20260303,SMD_Line_B,Mounter_02,FD_13,NZ_04,CHIP_0603,-20.56,-20.92,0.365,125.77,104.96,-69.9,3.41,240.3,4.34,B,Normal,0
PCB_01027,LOT_20260303,SMD_Line_C,Mounter_01,FD_24,NZ_06,CHIP_1005,-5.18,-1.63,0.684,138.88,114.99,-69.12,2.01,240.4,4.28,A,Normal,0
PCB_01028,LOT_20260303,SMD_Line_C,Mounter_03,FD_16,NZ_08,CAP_3216,28.44,-7.77,0.258,138.68,107.56,-72.29,3.16,241.3,4.86,B,Normal,0
PCB_01029,LOT_20260303,SMD_Line_A,Mounter_03,FD_11,NZ_04,CHIP_0603,-0.62,-2.13,-0.167,118.86,97.96,-74.92,3.38,244.5,4.21,A,Normal,0
PCB_01030,LOT_20260303,SMD_Line_C,Mounter_02,FD_06,NZ_03,BGA_256,-0.71,2.05,-0.456,128.26,94.15,-67.9,3.06,246.8,4.33,A,Normal,0
PCB_01031,LOT_20260303,SMD_Line_A,Mounter_02,FD_03,NZ_04,BGA_256,14.74,22.4,-0.366,114.71,76.68,-71.84,3.73,250.4,3.59,B,Normal,0
PCB_01032,LOT_20260303,SMD_Line_B,Mounter_02,FD_01,NZ_03,CAP_3216,15.61,6.85,-0.04,152.29,97.13,-73.83,2.86,255.3,4.26,A,Normal,0
PCB_01033,LOT_20260303,SMD_Line_A,Mounter_02,FD_18,NZ_01,IC_QFP_48,-16.27,0.84,-0.381,134.91,88.93,-71.55,3.82,245.8,4.07,A,Normal,0
PCB_01034,LOT_20260303,SMD_Line_A,Mounter_04,FD_05,NZ_03,IC_QFP_48,5.35,-18.46,-0.346,136.49,93.5,-71.58,2.87,243.1,4.06,A,Normal,0
PCB_01035,LOT_20260303,SMD_Line_A,Mounter_02,FD_13,NZ_03,BGA_256,21.95,0.31,-0.017,134.56,,,3.0,235.0,3.4,A,Normal,0
PCB_01036,LOT_20260303,SMD_Line_B,Mounter_04,FD_10,NZ_04,CHIP_0603,-8.04,10.41,-0.725,114.1,81.27,-70.1,4.37,246.1,5.06,B,Normal,0
PCB_01037,LOT_20260303,SMD_Line_A,Mounter_01,FD_05,NZ_06,CHIP_1005,-4.66,4.61,-0.446,139.49,88.09,,2.41,244.3,3.72,A,Normal,0
PCB_01038,LOT_20260303,SMD_Line_B,Mounter_03,FD_14,NZ_01,CAP_3216,0.36,-12.36,0.098,156.78,104.65,-76.35,3.26,243.5,4.05,A,Normal,0
PCB_01039,LOT_20260303,SMD_Line_A,Mounter_04,FD_17,NZ_05,IC_QFP_48,8.68,-4.44,0.12,106.66,84.82,-76.27,3.41,242.2,3.46,A,Normal,0
PCB_01040,LOT_20260303,SMD_Line_A,Mounter_01,FD_01,NZ_05,CAP_3216,-17.85,0.87,0.389,131.2,99.46,-67.68,2.83,242.4,3.48,A,Normal,0
PCB_01041,LOT_20260303,SMD_Line_B,Mounter_01,FD_02,NZ_06,IC_QFP_48,-38.91,-4.82,0.07,141.39,83.18,-69.24,3.48,246.4,3.48,F,Mount_Shift,1
PCB_01042,LOT_20260303,SMD_Line_C,Mounter_04,FD_07,NZ_05,BGA_256,2.69,-7.28,0.014,118.77,106.32,-66.15,3.64,247.7,4.97,A,Normal,0
PCB_01043,LOT_20260303,SMD_Line_A,Mounter_01,FD_10,NZ_01,IC_QFP_48,14.57,-25.34,0.287,140.98,107.89,-65.38,3.37,244.9,3.4,F,Tombstone,1
PCB_01044,LOT_20260303,SMD_Line_B,Mounter_01,FD_20,NZ_02,IC_QFP_48,-3.9,-9.06,0.086,130.67,114.82,-69.29,3.32,248.3,3.91,A,Normal,0
PCB_01045,LOT_20260303,SMD_Line_C,Mounter_04,FD_07,NZ_01,CHIP_1005,-7.63,2.96,-0.437,119.31,114.94,-76.01,3.51,250.4,4.0,A,Normal,0
PCB_01046,LOT_20260303,SMD_Line_B,Mounter_01,FD_24,NZ_04,CAP_3216,-2.09,10.33,-0.36,92.36,103.29,,2.75,244.6,3.83,A,Normal,0
PCB_01047,LOT_20260303,SMD_Line_A,Mounter_02,FD_16,NZ_08,BGA_256,19.97,0.9,0.754,128.51,78.86,-73.22,2.82,250.1,3.77,B,Normal,0
PCB_01048,LOT_20260303,SMD_Line_A,Mounter_02,FD_05,NZ_07,BGA_256,-8.31,12.5,1.448,128.9,100.03,-70.24,3.48,241.0,3.99,F,Mount_Shift,1
PCB_01049,LOT_20260303,SMD_Line_C,Mounter_03,FD_12,NZ_03,IC_QFP_48,7.13,-0.93,0.331,149.71,105.5,-74.56,2.98,246.2,3.58,A,Normal,0
PCB_01050,LOT_20260303,SMD_Line_A,Mounter_01,FD_17,NZ_03,CHIP_0603,-14.42,-10.36,-0.454,135.08,101.45,-70.07,3.17,243.4,4.67,A,Normal,0
PCB_01051,LOT_20260303,SMD_Line_C,Mounter_03,FD_16,NZ_08,CHIP_0603,-13.82,-5.59,0.855,122.05,119.95,-69.43,1.69,247.1,4.98,B,Normal,0
PCB_01052,LOT_20260303,SMD_Line_B,Mounter_02,FD_20,NZ_04,CAP_3216,10.56,5.89,-0.194,106.43,115.57,-70.95,3.6,235.9,4.83,A,Normal,0
PCB_01053,LOT_20260303,SMD_Line_C,Mounter_02,FD_16,NZ_04,CHIP_1005,20.43,-3.16,0.191,143.12,100.31,-70.47,4.0,249.9,3.24,A,Normal,0
PCB_01054,LOT_20260303,SMD_Line_C,Mounter_02,FD_19,NZ_07,CHIP_0603,11.11,-7.58,-0.009,131.76,108.95,-69.37,3.57,244.8,3.2,A,Normal,0
PCB_01055,LOT_20260303,SMD_Line_C,Mounter_01,FD_15,NZ_07,CHIP_0603,-25.67,-18.38,0.084,124.09,82.4,-74.58,3.66,246.8,3.42,B,Normal,0
PCB_01056,LOT_20260303,SMD_Line_A,Mounter_01,FD_12,NZ_03,BGA_256,-5.25,-10.54,-0.198,121.88,,-70.86,3.76,241.7,4.47,A,Normal,0
PCB_01057,LOT_20260303,SMD_Line_C,Mounter_02,FD_21,NZ_07,BGA_256,2.99,-4.69,0.584,148.65,84.83,-72.21,3.09,252.0,3.94,A,Normal,0
PCB_01058,LOT_20260303,SMD_Line_B,Mounter_03,FD_10,NZ_07,BGA_256,0.74,-6.86,-0.083,150.87,97.85,-68.01,2.67,246.4,5.4,A,Normal,0
PCB_01059,LOT_20260303,SMD_Line_B,Mounter_03,FD_22,NZ_07,CHIP_1005,-24.0,-11.5,0.276,120.6,91.86,-69.17,3.51,243.4,4.21,A,Normal,0
PCB_01060,LOT_20260303,SMD_Line_B,Mounter_04,FD_02,NZ_08,CHIP_1005,-16.21,18.38,0.266,95.53,92.19,-73.93,3.84,236.2,4.73,F,Tombstone,1
PCB_01061,LOT_20260303,SMD_Line_C,Mounter_02,FD_07,NZ_06,CHIP_0603,-10.02,7.08,-0.05,126.8,90.25,-69.47,2.55,243.5,4.74,A,Normal,0
PCB_01062,LOT_20260303,SMD_Line_C,Mounter_03,FD_13,NZ_02,CHIP_0603,-0.85,25.87,-0.677,133.39,95.2,-67.09,3.63,235.3,3.7,B,Normal,0
PCB_01063,LOT_20260303,SMD_Line_C,Mounter_02,FD_03,NZ_07,BGA_256,-24.18,-18.94,-0.372,131.09,,-70.52,3.37,245.5,3.78,B,Normal,0
PCB_01064,LOT_20260303,SMD_Line_B,Mounter_03,FD_15,NZ_02,CHIP_0603,7.5,3.7,0.32,106.38,107.6,-73.07,3.13,247.5,4.97,A,Normal,0
PCB_01065,LOT_20260303,SMD_Line_B,Mounter_04,FD_01,NZ_02,CHIP_1005,-1.16,-5.13,0.138,153.0,96.83,-75.73,3.04,248.0,3.34,A,Normal,0
PCB_01066,LOT_20260303,SMD_Line_B,Mounter_04,FD_03,NZ_04,CHIP_1005,-13.04,0.23,-0.367,102.09,99.45,-78.88,3.36,241.4,4.12,A,Normal,0
PCB_01067,LOT_20260303,SMD_Line_A,Mounter_02,FD_10,NZ_07,CHIP_1005,2.42,21.84,0.02,118.77,103.49,-68.08,2.81,242.3,4.55,A,Normal,0
PCB_01068,LOT_20260303,SMD_Line_A,Mounter_03,FD_15,NZ_03,CAP_3216,-18.0,-20.53,0.094,114.67,103.45,-76.73,5.02,244.6,4.44,A,Normal,0
PCB_01069,LOT_20260303,SMD_Line_A,Mounter_01,FD_22,NZ_06,CHIP_0603,-0.65,-6.76,0.262,113.88,87.17,-75.55,2.4,242.7,4.0,A,Normal,0
PCB_01070,LOT_20260303,SMD_Line_A,Mounter_04,FD_06,NZ_03,IC_QFP_48,-22.51,-8.83,0.819,97.26,96.83,-71.64,1.67,238.0,3.98,F,Tombstone,1
PCB_01071,LOT_20260303,SMD_Line_A,Mounter_02,FD_20,NZ_07,CHIP_0603,-20.68,-6.73,-1.027,130.91,102.85,-70.9,3.37,242.4,3.57,B,Normal,0
PCB_01072,LOT_20260303,SMD_Line_A,Mounter_02,FD_15,NZ_03,CHIP_0603,-5.68,-24.91,0.545,151.22,89.43,-66.85,3.25,246.7,3.74,F,Tombstone,1
PCB_01073,LOT_20260303,SMD_Line_A,Mounter_03,FD_24,NZ_07,CHIP_1005,-8.95,15.17,0.098,127.53,88.07,-70.71,3.52,243.1,5.02,A,Normal,0
PCB_01074,LOT_20260303,SMD_Line_A,Mounter_02,FD_21,NZ_06,CHIP_0603,4.8,15.64,-0.464,114.89,,-72.94,1.49,244.0,4.3,A,Normal,0
PCB_01075,LOT_20260303,SMD_Line_C,Mounter_04,FD_07,NZ_01,IC_QFP_48,-0.23,6.87,0.074,151.14,102.42,-72.93,2.1,242.8,3.89,A,Normal,0
PCB_01076,LOT_20260303,SMD_Line_B,Mounter_02,FD_21,NZ_06,CHIP_1005,26.25,-15.79,0.651,142.59,96.47,-77.31,2.93,254.8,4.51,F,Tombstone,1
PCB_01077,LOT_20260303,SMD_Line_A,Mounter_02,FD_05,NZ_08,CHIP_0603,-3.31,3.28,0.786,117.33,98.18,-66.96,3.73,245.5,3.97,A,Normal,0
PCB_01078,LOT_20260303,SMD_Line_B,Mounter_01,FD_04,NZ_01,CHIP_0603,-41.24,10.22,-0.46,134.84,78.64,-68.9,2.11,245.9,3.65,C,Normal,0
PCB_01079,LOT_20260303,SMD_Line_A,Mounter_01,FD_22,NZ_05,CHIP_1005,-25.43,4.58,-0.382,146.19,100.85,-71.03,3.47,242.6,3.91,A,Normal,0
PCB_01080,LOT_20260303,SMD_Line_C,Mounter_04,FD_18,NZ_01,BGA_256,-14.95,-0.58,-0.582,116.44,101.45,-66.99,3.05,247.0,3.49,A,Normal,0
PCB_01081,LOT_20260303,SMD_Line_C,Mounter_03,FD_03,NZ_02,CHIP_1005,42.31,16.64,0.105,131.83,103.16,-68.24,3.3,245.4,5.0,F,Mount_Shift,1
PCB_01082,LOT_20260303,SMD_Line_A,Mounter_01,FD_17,NZ_08,CHIP_1005,-0.46,-8.37,0.127,124.17,117.31,-70.11,3.18,237.7,4.51,A,Normal,0
PCB_01083,LOT_20260303,SMD_Line_B,Mounter_03,FD_18,NZ_02,IC_QFP_48,13.86,-1.99,0.444,112.11,90.88,-72.12,3.19,251.3,4.51,A,Normal,0
PCB_01084,LOT_20260303,SMD_Line_C,Mounter_04,FD_18,NZ_08,CHIP_1005,12.59,7.38,0.199,132.49,105.85,-71.87,3.19,244.5,3.93,A,Normal,0
PCB_01085,LOT_20260303,SMD_Line_C,Mounter_01,FD_24,NZ_06,CHIP_0603,-15.84,3.75,0.402,136.49,104.01,-77.17,3.86,247.3,4.17,A,Normal,0
PCB_01086,LOT_20260303,SMD_Line_B,Mounter_03,FD_24,NZ_02,CHIP_1005,-22.41,6.61,-0.624,130.66,105.46,-68.24,3.22,242.3,3.95,A,Normal,0
PCB_01087,LOT_20260303,SMD_Line_B,Mounter_01,FD_02,NZ_02,CHIP_1005,8.03,6.3,0.789,117.76,96.27,-72.69,3.81,246.9,3.49,A,Normal,0
PCB_01088,LOT_20260303,SMD_Line_A,Mounter_04,FD_13,NZ_05,IC_QFP_48,-27.76,6.19,0.584,161.51,,-68.27,2.94,247.8,4.65,B,Normal,0
PCB_01089,LOT_20260303,SMD_Line_C,Mounter_04,FD_22,NZ_02,CHIP_1005,12.22,-4.3,-0.238,122.66,91.25,,3.87,238.8,4.6,A,Normal,0
PCB_01090,LOT_20260303,SMD_Line_A,Mounter_01,FD_15,NZ_04,CAP_3216,-1.46,-8.23,-0.354,138.38,94.36,-71.64,3.06,247.2,4.4,A,Normal,0
PCB_01091,LOT_20260303,SMD_Line_C,Mounter_03,FD_05,NZ_04,CHIP_0603,7.7,1.62,0.336,142.11,97.78,-69.06,3.07,244.5,4.21,A,Normal,0
PCB_01092,LOT_20260303,SMD_Line_B,Mounter_02,FD_03,NZ_04,CAP_3216,3.79,17.83,-0.703,92.64,97.25,-74.73,2.13,240.7,3.76,A,Normal,0
PCB_01093,LOT_20260303,SMD_Line_B,Mounter_02,FD_05,NZ_01,CHIP_1005,4.46,-0.29,-0.331,142.44,104.48,-77.16,2.66,252.0,4.37,F,Tombstone,1
PCB_01094,LOT_20260303,SMD_Line_B,Mounter_01,FD_05,NZ_06,IC_QFP_48,1.31,7.07,-0.462,130.13,103.12,-72.53,2.78,241.1,3.71,A,Normal,0
PCB_01095,LOT_20260303,SMD_Line_A,Mounter_03,FD_05,NZ_06,CHIP_0603,3.52,1.33,-0.044,126.05,103.23,-70.47,2.11,246.0,3.78,A,Normal,0
PCB_01096,LOT_20260303,SMD_Line_A,Mounter_02,FD_03,NZ_03,CHIP_1005,0.58,24.0,-0.2,128.16,115.86,-68.99,2.68,239.8,3.72,B,Normal,0
PCB_01097,LOT_20260303,SMD_Line_A,Mounter_04,FD_03,NZ_05,IC_QFP_48,-17.21,-1.63,-0.353,138.74,97.5,-71.67,3.61,240.4,3.87,A,Normal,0
PCB_01098,LOT_20260303,SMD_Line_A,Mounter_03,FD_20,NZ_04,IC_QFP_48,-4.92,7.11,-0.398,95.76,112.67,-75.15,3.68,249.4,3.82,A,Normal,0
PCB_01099,LOT_20260303,SMD_Line_C,Mounter_02,FD_23,NZ_04,CHIP_0603,27.12,-8.48,-0.288,130.48,87.23,-67.43,2.19,243.5,4.56,B,Normal,0
PCB_01100,LOT_20260303,SMD_Line_A,Mounter_03,FD_18,NZ_02,CHIP_1005,3.93,-13.22,-0.536,136.47,98.46,-73.25,4.2,251.1,3.69,A,Normal,0
PCB_01101,LOT_20260303,SMD_Line_A,Mounter_01,FD_20,NZ_04,CHIP_0603,14.28,-0.08,0.244,162.42,99.2,-70.64,3.7,243.3,4.19,A,Normal,0
PCB_01102,LOT_20260303,SMD_Line_C,Mounter_03,FD_04,NZ_02,CAP_3216,-12.29,13.94,0.507,109.75,84.3,-70.24,4.45,243.1,4.5,A,Normal,0
PCB_01103,LOT_20260303,SMD_Line_C,Mounter_02,FD_01,NZ_02,BGA_256,-12.51,7.48,0.181,136.65,100.54,-71.76,3.86,241.8,4.81,A,Normal,0
PCB_01104,LOT_20260303,SMD_Line_C,Mounter_01,FD_16,NZ_03,CHIP_0603,-15.04,-24.62,0.622,122.74,101.39,-78.8,4.34,242.9,4.39,B,Normal,0
PCB_01105,LOT_20260303,SMD_Line_C,Mounter_03,FD_08,NZ_01,BGA_256,-16.65,8.65,-0.378,137.27,107.17,-74.35,3.45,247.6,3.25,A,Normal,0
PCB_01106,LOT_20260303,SMD_Line_A,Mounter_04,FD_17,NZ_02,CAP_3216,-20.28,-18.07,-0.337,143.0,105.79,-70.37,2.73,245.4,4.09,A,Normal,0
PCB_01107,LOT_20260303,SMD_Line_A,Mounter_02,FD_08,NZ_02,CHIP_1005,2.92,9.91,0.199,118.97,84.67,-66.49,3.36,243.7,4.56,A,Normal,0
PCB_01108,LOT_20260303,SMD_Line_C,Mounter_01,FD_07,NZ_06,IC_QFP_48,-4.45,6.42,0.258,159.33,114.35,-69.63,1.86,247.9,3.71,F,Tombstone,1
PCB_01109,LOT_20260303,SMD_Line_B,Mounter_03,FD_08,NZ_03,CHIP_1005,10.94,-1.77,0.007,149.82,94.45,-70.3,3.1,247.3,4.86,A,Normal,0
PCB_01110,LOT_20260303,SMD_Line_A,Mounter_04,FD_21,NZ_02,IC_QFP_48,-3.88,8.58,-0.011,141.82,92.74,-78.96,3.17,243.8,4.85,A,Normal,0
PCB_01111,LOT_20260303,SMD_Line_C,Mounter_02,FD_24,NZ_05,CHIP_0603,-30.04,-3.12,-0.48,124.65,105.88,-68.3,3.78,251.4,4.45,B,Normal,0
PCB_01112,LOT_20260303,SMD_Line_A,Mounter_04,FD_12,NZ_01,CHIP_0603,5.55,1.76,-1.197,121.68,110.21,-68.77,3.32,238.5,4.68,B,Normal,0
PCB_01113,LOT_20260303,SMD_Line_A,Mounter_03,FD_16,NZ_08,CHIP_1005,-25.38,-16.97,0.251,136.59,94.33,-70.01,2.94,246.7,4.8,B,Normal,0
PCB_01114,LOT_20260303,SMD_Line_B,Mounter_03,FD_12,NZ_05,CHIP_0603,2.68,-3.02,0.442,124.09,99.47,-71.06,2.36,244.5,4.23,A,Normal,0
PCB_01115,LOT_20260303,SMD_Line_B,Mounter_01,FD_19,NZ_04,BGA_256,-9.64,10.9,-0.196,122.14,110.93,-70.23,2.75,247.1,4.64,A,Normal,0
PCB_01116,LOT_20260303,SMD_Line_B,Mounter_04,FD_10,NZ_01,CHIP_0603,2.91,-15.71,-0.248,158.73,88.83,-67.7,3.07,245.4,3.62,A,Normal,0
PCB_01117,LOT_20260303,SMD_Line_A,Mounter_01,FD_07,NZ_04,CHIP_1005,-18.05,9.66,-0.296,138.21,66.42,-72.18,2.78,246.1,4.56,C,Normal,0
PCB_01118,LOT_20260303,SMD_Line_C,Mounter_02,FD_12,NZ_06,BGA_256,9.73,-23.82,-0.169,142.35,106.45,-70.68,1.63,237.5,4.4,F,Tombstone,1
PCB_01119,LOT_20260303,SMD_Line_A,Mounter_01,FD_20,NZ_07,CHIP_1005,0.47,-14.04,0.453,158.15,110.98,-73.07,3.19,245.9,5.45,A,Normal,0
PCB_01120,LOT_20260303,SMD_Line_A,Mounter_02,FD_05,NZ_07,CHIP_1005,-4.3,-3.71,-0.421,131.25,80.87,-71.94,2.92,249.4,4.01,A,Normal,0
PCB_01121,LOT_20260303,SMD_Line_C,Mounter_03,FD_16,NZ_07,CAP_3216,-21.18,1.81,0.29,120.51,99.76,-71.6,2.91,242.5,4.84,A,Normal,0
PCB_01122,LOT_20260303,SMD_Line_C,Mounter_03,FD_09,NZ_02,BGA_256,22.63,-6.76,-0.224,113.95,94.02,-69.85,3.3,249.2,4.68,A,Normal,0
PCB_01123,LOT_20260303,SMD_Line_C,Mounter_04,FD_07,NZ_03,CHIP_0603,-11.33,-7.08,-0.897,150.32,101.54,-73.74,2.93,243.5,4.15,F,Tombstone,1
PCB_01124,LOT_20260303,SMD_Line_C,Mounter_02,FD_20,NZ_05,CHIP_1005,3.29,13.06,-0.154,124.41,75.18,-72.42,3.85,242.5,3.29,B,Normal,0
PCB_01125,LOT_20260303,SMD_Line_B,Mounter_03,FD_22,NZ_04,CAP_3216,-11.86,14.03,0.738,85.69,84.79,-70.84,2.76,242.6,4.0,B,Normal,0
PCB_01126,LOT_20260303,SMD_Line_B,Mounter_04,FD_14,NZ_02,CHIP_1005,47.22,-5.01,-0.308,90.07,,-72.45,2.71,240.7,4.14,F,Mount_Shift,1
PCB_01127,LOT_20260303,SMD_Line_A,Mounter_04,FD_11,NZ_07,CHIP_1005,1.87,-4.65,-0.107,107.87,98.4,-71.45,2.75,245.3,4.68,A,Normal,0
PCB_01128,LOT_20260303,SMD_Line_B,Mounter_01,FD_07,NZ_05,CHIP_0603,-7.68,-3.39,0.004,124.36,118.05,-76.17,3.31,242.4,4.34,A,Normal,0
PCB_01129,LOT_20260303,SMD_Line_A,Mounter_04,FD_10,NZ_05,CHIP_0603,7.57,26.17,0.089,126.6,,-70.07,3.3,242.7,4.22,A,Normal,0
PCB_01130,LOT_20260303,SMD_Line_A,Mounter_03,FD_09,NZ_06,IC_QFP_48,9.38,0.2,0.694,137.89,88.44,-74.13,2.86,242.1,4.61,A,Normal,0
PCB_01131,LOT_20260303,SMD_Line_B,Mounter_01,FD_04,NZ_06,IC_QFP_48,4.93,18.54,-0.357,112.95,108.63,-76.83,3.19,246.4,4.59,A,Normal,0
PCB_01132,LOT_20260303,SMD_Line_B,Mounter_02,FD_16,NZ_07,CAP_3216,-4.04,8.64,0.005,133.28,,-70.99,3.43,239.7,4.68,A,Normal,0
PCB_01133,LOT_20260303,SMD_Line_A,Mounter_02,FD_10,NZ_04,IC_QFP_48,5.51,-1.24,0.341,143.26,99.13,-70.82,3.56,247.5,3.77,A,Normal,0
PCB_01134,LOT_20260303,SMD_Line_A,Mounter_03,FD_19,NZ_07,CHIP_0603,-1.94,-7.64,-0.321,127.84,104.83,-70.48,3.13,247.1,4.69,A,Normal,0
PCB_01135,LOT_20260303,SMD_Line_B,Mounter_03,FD_24,NZ_07,CHIP_0603,-0.32,9.19,0.033,123.03,109.9,-70.42,2.73,247.1,4.85,A,Normal,0
PCB_01136,LOT_20260303,SMD_Line_A,Mounter_01,FD_17,NZ_02,CAP_3216,-9.82,-9.28,0.442,117.0,98.0,-70.52,2.73,240.9,5.54,A,Normal,0
PCB_01137,LOT_20260303,SMD_Line_C,Mounter_01,FD_09,NZ_03,CHIP_0603,-18.29,-4.56,-0.234,147.19,74.62,-66.86,3.36,246.0,4.45,F,Tombstone,1
PCB_01138,LOT_20260303,SMD_Line_B,Mounter_03,FD_13,NZ_07,CHIP_0603,7.04,7.77,-0.078,109.45,,-69.08,3.63,250.5,4.75,A,Normal,0
PCB_01139,LOT_20260303,SMD_Line_B,Mounter_03,FD_01,NZ_04,CAP_3216,7.58,-2.84,-0.518,153.65,109.6,-68.72,3.29,239.9,4.43,A,Normal,0
PCB_01140,LOT_20260303,SMD_Line_B,Mounter_02,FD_02,NZ_05,CHIP_1005,16.21,-4.66,0.426,129.66,117.56,-69.99,2.97,245.8,4.52,A,Normal,0
PCB_01141,LOT_20260303,SMD_Line_C,Mounter_02,FD_13,NZ_05,CHIP_0603,0.61,-3.63,0.071,114.42,86.8,-68.97,2.86,240.3,4.75,A,Normal,0
PCB_01142,LOT_20260303,SMD_Line_A,Mounter_02,FD_24,NZ_08,BGA_256,-2.7,-8.1,-0.191,142.61,87.35,-73.5,3.68,243.9,3.39,A,Normal,0
PCB_01143,LOT_20260303,SMD_Line_B,Mounter_03,FD_09,NZ_01,CAP_3216,-17.62,5.3,-0.139,137.62,91.73,-69.73,2.46,244.9,4.35,A,Normal,0
PCB_01144,LOT_20260303,SMD_Line_B,Mounter_04,FD_07,NZ_07,CHIP_0603,-0.49,0.43,-0.004,136.24,97.99,-67.93,2.91,242.3,4.36,A,Normal,0
PCB_01145,LOT_20260303,SMD_Line_A,Mounter_03,FD_16,NZ_08,BGA_256,4.5,-16.0,0.15,140.56,106.46,-72.74,4.06,241.8,3.9,A,Normal,0
PCB_01146,LOT_20260303,SMD_Line_C,Mounter_03,FD_19,NZ_08,CHIP_1005,-22.75,-5.75,-0.294,132.43,86.55,-67.19,3.9,246.1,3.43,A,Normal,0
PCB_01147,LOT_20260303,SMD_Line_C,Mounter_02,FD_07,NZ_02,CHIP_1005,13.36,-4.33,-0.258,136.88,111.39,-73.18,3.32,240.8,3.97,A,Normal,0
PCB_01148,LOT_20260303,SMD_Line_B,Mounter_03,FD_06,NZ_01,CAP_3216,-8.9,-4.41,-0.118,150.41,110.79,-70.34,2.91,247.2,4.36,A,Normal,0
PCB_01149,LOT_20260303,SMD_Line_C,Mounter_01,FD_18,NZ_06,CAP_3216,-2.45,7.07,0.068,133.04,111.13,-75.54,3.05,252.3,4.09,A,Normal,0
PCB_01150,LOT_20260303,SMD_Line_C,Mounter_03,FD_19,NZ_03,CHIP_0603,7.47,-8.29,0.723,142.29,96.28,-69.19,3.25,239.6,4.34,A,Normal,0
PCB_01151,LOT_20260303,SMD_Line_B,Mounter_03,FD_11,NZ_04,CHIP_0603,-0.09,31.91,-0.361,97.01,73.18,-67.71,4.46,239.4,3.73,C,Normal,0
PCB_01152,LOT_20260303,SMD_Line_C,Mounter_03,FD_12,NZ_07,CHIP_0603,17.54,16.35,-0.744,134.86,119.22,-72.09,3.81,238.6,4.28,B,Normal,0
PCB_01153,LOT_20260303,SMD_Line_B,Mounter_03,FD_10,NZ_05,CHIP_1005,7.86,16.29,0.63,167.84,92.89,-76.66,3.74,243.0,4.37,A,Normal,0
PCB_01154,LOT_20260303,SMD_Line_B,Mounter_04,FD_13,NZ_02,CHIP_0603,-1.85,-12.2,-0.395,103.2,108.61,-71.87,3.11,248.6,3.57,A,Normal,0
PCB_01155,LOT_20260303,SMD_Line_B,Mounter_03,FD_12,NZ_05,CHIP_1005,-39.0,-23.96,0.66,160.01,101.46,-75.1,2.9,249.0,3.52,C,Normal,0
PCB_01156,LOT_20260303,SMD_Line_C,Mounter_01,FD_21,NZ_07,CHIP_0603,12.45,-4.0,0.56,140.82,113.54,-71.68,3.08,246.8,4.6,A,Normal,0
PCB_01157,LOT_20260303,SMD_Line_A,Mounter_01,FD_10,NZ_06,CHIP_1005,-14.74,3.46,0.245,104.54,99.38,-69.08,3.8,245.8,4.27,A,Normal,0
PCB_01158,LOT_20260303,SMD_Line_C,Mounter_03,FD_20,NZ_01,CHIP_0603,10.65,-1.91,0.547,130.61,100.83,-70.35,4.18,250.4,3.69,A,Normal,0
PCB_01159,LOT_20260303,SMD_Line_C,Mounter_02,FD_18,NZ_07,BGA_256,6.13,-6.25,-0.824,136.03,102.16,-77.43,2.69,242.9,3.99,A,Normal,0
PCB_01160,LOT_20260303,SMD_Line_A,Mounter_04,FD_04,NZ_01,CHIP_0603,-2.48,-20.54,-0.609,143.67,,-73.14,1.82,247.3,4.44,A,Normal,0
PCB_01161,LOT_20260303,SMD_Line_C,Mounter_03,FD_24,NZ_04,CHIP_0603,11.92,-7.93,0.128,123.47,85.18,-71.28,3.05,253.3,3.74,A,Normal,0
PCB_01162,LOT_20260303,SMD_Line_A,Mounter_03,FD_05,NZ_02,BGA_256,6.51,-2.87,-0.174,140.44,122.51,-67.15,3.84,250.2,4.97,A,Normal,0
PCB_01163,LOT_20260303,SMD_Line_A,Mounter_03,FD_05,NZ_06,IC_QFP_48,4.1,-5.85,-0.353,150.78,,-72.52,2.86,240.3,4.48,A,Normal,0
PCB_01164,LOT_20260303,SMD_Line_B,Mounter_02,FD_12,NZ_02,CHIP_0603,-21.45,-5.91,0.364,143.3,106.9,-70.26,3.47,242.6,4.61,A,Normal,0
PCB_01165,LOT_20260303,SMD_Line_A,Mounter_02,FD_03,NZ_04,CHIP_0603,0.5,-9.42,0.116,147.9,118.19,,2.53,253.5,4.29,A,Normal,0
PCB_01166,LOT_20260303,SMD_Line_C,Mounter_02,FD_08,NZ_06,IC_QFP_48,-15.54,19.53,0.472,123.32,99.91,-74.05,3.02,242.6,4.5,A,Normal,0
PCB_01167,LOT_20260303,SMD_Line_C,Mounter_04,FD_22,NZ_08,CHIP_1005,-13.7,8.36,-0.167,140.28,88.05,-73.59,2.73,251.7,5.26,A,Normal,0
PCB_01168,LOT_20260303,SMD_Line_B,Mounter_01,FD_02,NZ_06,IC_QFP_48,-4.51,11.28,-0.007,164.5,87.67,-72.67,3.11,243.2,3.98,A,Normal,0
PCB_01169,LOT_20260303,SMD_Line_A,Mounter_04,FD_18,NZ_01,CHIP_1005,18.29,3.22,0.693,113.8,94.6,-67.55,3.32,244.2,4.01,A,Normal,0
PCB_01170,LOT_20260303,SMD_Line_A,Mounter_02,FD_09,NZ_01,CHIP_0603,4.57,-15.75,-0.578,136.33,104.0,-74.72,3.61,241.1,5.25,A,Normal,0
PCB_01171,LOT_20260303,SMD_Line_B,Mounter_01,FD_13,NZ_01,CHIP_1005,5.39,8.71,-0.039,113.27,105.25,-72.63,2.95,241.9,4.85,A,Normal,0
PCB_01172,LOT_20260303,SMD_Line_C,Mounter_01,FD_07,NZ_05,IC_QFP_48,9.63,15.91,-0.393,148.82,113.56,-74.1,2.52,244.2,4.11,A,Normal,0
PCB_01173,LOT_20260303,SMD_Line_B,Mounter_02,FD_10,NZ_08,CAP_3216,-10.93,17.63,0.763,100.35,81.56,-67.43,2.29,245.8,3.81,B,Normal,0
PCB_01174,LOT_20260303,SMD_Line_A,Mounter_02,FD_09,NZ_03,CHIP_0603,-19.71,7.36,1.083,121.48,102.66,-70.66,3.85,243.3,3.99,B,Normal,0
PCB_01175,LOT_20260303,SMD_Line_B,Mounter_04,FD_22,NZ_07,CHIP_1005,-21.92,0.01,0.094,164.6,107.39,-67.2,2.71,247.9,5.22,A,Normal,0
PCB_01176,LOT_20260303,SMD_Line_B,Mounter_02,FD_15,NZ_01,CHIP_0603,2.89,-0.02,0.222,122.58,106.94,-81.33,3.51,243.3,4.25,F,Tombstone,1
PCB_01177,LOT_20260303,SMD_Line_C,Mounter_01,FD_05,NZ_03,CHIP_1005,12.33,6.12,-0.047,129.08,71.0,-68.75,2.24,236.3,4.73,B,Normal,0
PCB_01178,LOT_20260303,SMD_Line_A,Mounter_03,FD_12,NZ_03,BGA_256,11.41,-19.36,-0.064,148.7,95.54,-75.15,4.14,244.1,4.32,A,Normal,0
PCB_01179,LOT_20260303,SMD_Line_C,Mounter_02,FD_01,NZ_02,CHIP_1005,-10.39,7.54,0.038,127.92,109.76,-74.06,4.87,243.0,4.36,A,Normal,0
PCB_01180,LOT_20260303,SMD_Line_B,Mounter_02,FD_12,NZ_04,CAP_3216,16.94,-5.73,-0.607,99.51,90.25,-72.66,3.4,251.2,4.5,A,Normal,0
PCB_01181,LOT_20260303,SMD_Line_C,Mounter_04,FD_22,NZ_05,CHIP_1005,25.54,26.07,0.297,113.95,85.76,-72.07,3.03,248.8,4.14,B,Normal,0
PCB_01182,LOT_20260303,SMD_Line_A,Mounter_04,FD_06,NZ_03,CAP_3216,7.6,-3.55,-0.443,149.77,106.77,-72.06,4.06,249.2,4.07,A,Normal,0
PCB_01183,LOT_20260303,SMD_Line_B,Mounter_02,FD_19,NZ_07,IC_QFP_48,18.59,2.3,-0.159,152.07,103.59,-74.49,2.9,248.0,4.99,A,Normal,0
PCB_01184,LOT_20260303,SMD_Line_C,Mounter_01,FD_19,NZ_05,CHIP_0603,10.91,1.71,0.015,99.89,102.77,,3.23,246.8,4.09,A,Normal,0
PCB_01185,LOT_20260303,SMD_Line_A,Mounter_01,FD_16,NZ_02,CHIP_0603,-2.87,-8.17,-0.343,115.76,92.24,-72.33,1.54,246.8,4.46,A,Normal,0
PCB_01186,LOT_20260303,SMD_Line_C,Mounter_03,FD_19,NZ_01,CHIP_1005,-8.31,5.4,0.269,119.92,84.22,-77.78,3.15,248.9,4.74,A,Normal,0
PCB_01187,LOT_20260303,SMD_Line_B,Mounter_02,FD_03,NZ_06,CHIP_0603,-20.16,4.04,-0.214,124.29,111.39,-70.79,3.89,247.4,4.49,F,Tombstone,1
PCB_01188,LOT_20260303,SMD_Line_A,Mounter_04,FD_23,NZ_03,CHIP_1005,-5.56,12.07,0.48,116.07,140.05,-71.95,2.92,242.8,4.58,F,Solder_Bridge,1
PCB_01189,LOT_20260303,SMD_Line_A,Mounter_01,FD_10,NZ_04,CHIP_1005,-2.96,8.5,-0.392,131.59,80.56,-71.33,2.93,239.1,3.38,A,Normal,0
PCB_01190,LOT_20260303,SMD_Line_B,Mounter_03,FD_18,NZ_06,CAP_3216,-2.68,2.21,-0.075,121.4,112.24,-73.74,2.94,237.1,4.32,A,Normal,0
PCB_01191,LOT_20260303,SMD_Line_A,Mounter_02,FD_13,NZ_02,CHIP_1005,-1.41,-9.66,-0.482,123.57,97.95,-71.91,4.38,241.4,4.84,A,Normal,0
PCB_01192,LOT_20260303,SMD_Line_B,Mounter_01,FD_18,NZ_05,IC_QFP_48,-28.67,-9.32,0.442,113.01,103.81,-79.59,3.34,241.9,5.33,B,Normal,0
PCB_01193,LOT_20260303,SMD_Line_A,Mounter_02,FD_03,NZ_07,CAP_3216,9.74,19.55,-0.14,141.76,,-73.89,3.22,244.6,4.78,A,Normal,0
PCB_01194,LOT_20260303,SMD_Line_B,Mounter_02,FD_23,NZ_08,BGA_256,11.19,1.03,-0.251,109.19,,-73.57,2.96,244.5,4.33,A,Normal,0
PCB_01195,LOT_20260303,SMD_Line_A,Mounter_01,FD_03,NZ_01,CHIP_0603,4.64,24.5,-0.085,135.73,,-72.18,3.82,252.3,4.49,A,Normal,0
PCB_01196,LOT_20260303,SMD_Line_C,Mounter_01,FD_23,NZ_05,CHIP_1005,-14.62,-9.66,-0.049,145.05,92.78,-72.1,2.72,247.4,4.56,A,Normal,0
PCB_01197,LOT_20260303,SMD_Line_C,Mounter_01,FD_12,NZ_04,CHIP_0603,4.59,25.89,0.182,159.86,100.91,-68.66,3.95,241.9,3.18,A,Normal,0
PCB_01198,LOT_20260303,SMD_Line_C,Mounter_02,FD_20,NZ_03,CHIP_1005,0.28,-11.13,0.243,137.51,106.81,-75.89,3.13,250.8,3.62,A,Normal,0
PCB_01199,LOT_20260303,SMD_Line_B,Mounter_02,FD_07,NZ_04,CHIP_1005,5.93,-5.17,-0.068,133.39,,-69.48,3.9,244.0,4.27,A,Normal,0
PCB_01200,LOT_20260303,SMD_Line_A,Mounter_03,FD_24,NZ_05,BGA_256,19.39,5.22,-0.018,104.64,105.9,-64.99,2.98,247.4,4.16,A,Normal,0
PCB_01201,LOT_20260303,SMD_Line_C,Mounter_04,FD_08,NZ_05,CHIP_1005,-2.23,11.77,-1.398,152.09,102.71,-73.71,3.69,247.0,4.01,B,Normal,0
PCB_01202,LOT_20260303,SMD_Line_A,Mounter_02,FD_09,NZ_06,CHIP_1005,2.27,8.0,-0.203,132.14,94.7,-69.43,3.52,245.2,4.39,A,Normal,0
PCB_01203,LOT_20260303,SMD_Line_A,Mounter_04,FD_14,NZ_04,CAP_3216,-10.8,-22.57,0.644,134.64,106.15,-66.98,3.16,250.9,4.45,B,Normal,0
PCB_01204,LOT_20260303,SMD_Line_A,Mounter_01,FD_05,NZ_04,CHIP_0603,11.52,-6.75,0.202,135.93,91.44,-67.08,4.02,242.5,3.43,A,Normal,0
PCB_01205,LOT_20260303,SMD_Line_B,Mounter_02,FD_21,NZ_04,CHIP_1005,8.78,-13.52,-0.483,131.71,102.42,,3.98,245.5,3.51,A,Normal,0
PCB_01206,LOT_20260303,SMD_Line_C,Mounter_03,FD_19,NZ_01,IC_QFP_48,2.71,-16.3,-0.174,130.12,97.38,-68.21,2.81,241.2,3.99,F,Tombstone,1
PCB_01207,LOT_20260303,SMD_Line_B,Mounter_03,FD_21,NZ_07,CHIP_0603,-13.16,-0.19,-0.269,124.53,88.21,-68.99,2.77,246.5,4.48,A,Normal,0
PCB_01208,LOT_20260303,SMD_Line_B,Mounter_04,FD_16,NZ_05,CHIP_1005,-8.54,-24.92,0.482,140.9,118.7,-67.78,3.05,246.7,4.1,B,Normal,0
PCB_01209,LOT_20260303,SMD_Line_A,Mounter_01,FD_24,NZ_02,CHIP_0603,-22.89,11.8,0.436,107.5,88.24,-69.58,3.02,245.4,3.93,B,Normal,0
PCB_01210,LOT_20260303,SMD_Line_C,Mounter_04,FD_12,NZ_01,BGA_256,-8.69,8.79,-0.351,107.18,95.27,-67.91,3.82,245.3,4.91,A,Normal,0
PCB_01211,LOT_20260303,SMD_Line_B,Mounter_01,FD_21,NZ_01,CHIP_0603,8.87,19.11,0.004,117.29,80.98,-72.79,3.42,244.3,4.53,B,Normal,0
PCB_01212,LOT_20260303,SMD_Line_B,Mounter_03,FD_04,NZ_01,CHIP_0603,4.95,-12.59,-0.51,148.73,,-73.61,2.66,246.6,4.11,A,Normal,0
PCB_01213,LOT_20260303,SMD_Line_A,Mounter_04,FD_08,NZ_06,CHIP_1005,2.0,-11.43,-0.282,136.68,105.2,-79.63,2.69,247.6,5.1,A,Normal,0
PCB_01214,LOT_20260303,SMD_Line_C,Mounter_03,FD_07,NZ_08,CHIP_0603,18.55,12.42,-0.265,120.48,89.12,-73.48,3.27,239.9,4.25,A,Normal,0
PCB_01215,LOT_20260303,SMD_Line_B,Mounter_03,FD_15,NZ_07,CHIP_0603,3.81,13.31,-0.316,117.99,,-73.09,3.72,243.8,4.68,A,Normal,0
PCB_01216,LOT_20260303,SMD_Line_A,Mounter_01,FD_06,NZ_07,CHIP_1005,-7.21,15.91,0.165,128.81,95.5,-78.31,4.14,243.5,3.72,A,Normal,0
PCB_01217,LOT_20260303,SMD_Line_A,Mounter_04,FD_05,NZ_02,CHIP_1005,-8.75,13.62,0.607,136.0,98.12,-71.84,3.3,247.8,3.5,A,Normal,0
PCB_01218,LOT_20260303,SMD_Line_B,Mounter_04,FD_14,NZ_08,CHIP_1005,-2.9,2.59,-0.027,150.41,97.18,-68.25,3.13,250.1,3.8,F,Tombstone,1
PCB_01219,LOT_20260303,SMD_Line_B,Mounter_03,FD_21,NZ_04,CHIP_1005,-5.63,-5.43,-0.475,160.79,119.02,-75.19,3.07,246.8,4.47,A,Normal,0
PCB_01220,LOT_20260303,SMD_Line_A,Mounter_03,FD_13,NZ_06,CHIP_1005,11.91,8.67,0.094,128.11,104.02,-65.45,2.76,245.6,4.14,A,Normal,0
PCB_01221,LOT_20260303,SMD_Line_C,Mounter_01,FD_10,NZ_05,IC_QFP_48,5.27,-5.21,0.094,163.03,103.08,-70.7,3.15,241.8,4.11,A,Normal,0
PCB_01222,LOT_20260303,SMD_Line_A,Mounter_02,FD_18,NZ_08,CHIP_0603,-4.0,1.24,-0.085,131.19,103.96,-69.04,2.91,252.8,4.32,A,Normal,0
PCB_01223,LOT_20260303,SMD_Line_B,Mounter_02,FD_04,NZ_03,CHIP_0603,-3.52,-4.51,0.837,134.54,103.88,-72.17,2.95,241.1,4.28,A,Normal,0
PCB_01224,LOT_20260303,SMD_Line_C,Mounter_03,FD_08,NZ_06,IC_QFP_48,8.79,3.15,0.11,144.68,94.68,-75.11,3.56,239.7,4.81,A,Normal,0
PCB_01225,LOT_20260303,SMD_Line_B,Mounter_02,FD_24,NZ_03,BGA_256,12.64,14.66,0.258,146.86,,-70.1,2.34,248.0,3.92,A,Normal,0
PCB_01226,LOT_20260303,SMD_Line_B,Mounter_02,FD_11,NZ_05,CHIP_0603,-23.04,-4.12,-1.009,153.63,129.66,-69.34,2.05,242.9,3.49,F,Tombstone,1
PCB_01227,LOT_20260303,SMD_Line_A,Mounter_02,FD_17,NZ_02,CHIP_1005,-2.14,-5.92,-0.433,110.71,98.25,-72.6,2.63,248.2,5.02,A,Normal,0
PCB_01228,LOT_20260303,SMD_Line_A,Mounter_02,FD_18,NZ_07,CHIP_1005,1.14,-1.25,0.231,131.83,100.26,-71.11,3.67,251.0,3.97,A,Normal,0
PCB_01229,LOT_20260303,SMD_Line_C,Mounter_03,FD_21,NZ_03,CHIP_1005,6.85,-13.91,0.128,148.83,100.54,-72.02,3.41,243.9,4.8,A,Normal,0
PCB_01230,LOT_20260303,SMD_Line_B,Mounter_02,FD_11,NZ_01,IC_QFP_48,1.41,7.84,-0.17,113.98,90.92,-74.28,3.76,246.9,4.4,A,Normal,0
PCB_01231,LOT_20260303,SMD_Line_C,Mounter_02,FD_16,NZ_06,CHIP_0603,5.09,1.37,0.204,101.92,102.14,-70.85,2.21,243.1,4.93,A,Normal,0
PCB_01232,LOT_20260303,SMD_Line_A,Mounter_01,FD_12,NZ_08,IC_QFP_48,-2.96,-0.42,0.417,107.71,84.65,-74.47,3.51,245.3,3.89,A,Normal,0
PCB_01233,LOT_20260303,SMD_Line_A,Mounter_03,FD_13,NZ_08,CHIP_0603,-10.07,3.88,-0.213,128.17,108.59,-69.33,2.34,244.5,4.64,A,Normal,0
PCB_01234,LOT_20260303,SMD_Line_A,Mounter_04,FD_16,NZ_03,CHIP_1005,9.8,-17.39,-0.28,160.32,96.93,-63.88,2.55,249.0,4.06,A,Normal,0
PCB_01235,LOT_20260303,SMD_Line_B,Mounter_04,FD_23,NZ_05,BGA_256,10.2,16.53,-0.115,107.37,113.54,-68.15,2.42,242.7,3.87,A,Normal,0
PCB_01236,LOT_20260303,SMD_Line_A,Mounter_01,FD_21,NZ_07,CHIP_1005,8.15,-6.13,0.224,112.51,106.21,-72.65,2.52,242.2,5.04,F,Tombstone,1
PCB_01237,LOT_20260303,SMD_Line_C,Mounter_01,FD_01,NZ_01,CHIP_0603,10.37,-4.42,-0.258,122.45,104.73,-70.78,4.79,244.2,3.83,A,Normal,0
PCB_01238,LOT_20260303,SMD_Line_B,Mounter_03,FD_16,NZ_08,CAP_3216,-12.15,10.21,0.384,115.1,90.47,-68.03,3.52,247.8,3.8,A,Normal,0
PCB_01239,LOT_20260303,SMD_Line_C,Mounter_04,FD_15,NZ_03,BGA_256,-6.34,7.21,-0.217,112.38,100.84,-72.34,2.09,241.6,3.64,A,Normal,0
PCB_01240,LOT_20260303,SMD_Line_A,Mounter_02,FD_06,NZ_07,IC_QFP_48,14.0,23.59,-0.252,99.42,109.07,-70.05,2.26,240.0,3.98,B,Normal,0
PCB_01241,LOT_20260303,SMD_Line_C,Mounter_01,FD_12,NZ_05,CHIP_1005,4.45,-11.39,1.056,122.08,101.4,-69.49,3.25,249.9,4.28,A,Normal,0
PCB_01242,LOT_20260303,SMD_Line_C,Mounter_04,FD_08,NZ_02,CHIP_0603,0.7,-11.06,-0.556,159.4,83.71,-71.08,3.3,235.7,4.12,A,Normal,0
PCB_01243,LOT_20260303,SMD_Line_C,Mounter_03,FD_07,NZ_05,CAP_3216,-3.15,-14.11,0.352,138.32,111.83,-71.33,2.82,239.5,4.39,A,Normal,0
PCB_01244,LOT_20260303,SMD_Line_C,Mounter_02,FD_02,NZ_02,CHIP_1005,15.85,1.58,-0.813,147.64,109.07,-68.32,4.21,254.1,3.41,A,Normal,0
PCB_01245,LOT_20260303,SMD_Line_C,Mounter_03,FD_12,NZ_08,BGA_256,-22.13,-3.19,0.296,120.93,81.99,,2.67,237.6,4.18,B,Normal,0
PCB_01246,LOT_20260303,SMD_Line_B,Mounter_01,FD_21,NZ_07,CHIP_0603,3.68,-8.2,1.211,117.36,101.51,-72.31,3.76,243.2,3.49,B,Normal,0
PCB_01247,LOT_20260303,SMD_Line_A,Mounter_04,FD_14,NZ_07,CHIP_0603,-0.83,-0.77,0.476,137.82,,-67.66,3.69,242.3,3.98,A,Normal,0
PCB_01248,LOT_20260303,SMD_Line_A,Mounter_04,FD_16,NZ_01,CAP_3216,-15.66,-12.18,0.602,131.26,92.81,-77.21,4.64,235.4,4.08,A,Normal,0
PCB_01249,LOT_20260303,SMD_Line_C,Mounter_04,FD_11,NZ_05,CHIP_1005,20.21,18.24,-0.043,129.17,84.1,-70.31,4.67,240.8,4.18,B,Normal,0
PCB_01250,LOT_20260303,SMD_Line_B,Mounter_04,FD_20,NZ_04,CHIP_0603,-33.63,-8.25,0.424,155.16,87.1,-79.63,3.62,246.1,4.38,B,Normal,0
PCB_01251,LOT_20260303,SMD_Line_C,Mounter_02,FD_09,NZ_08,CHIP_0603,1.52,-6.74,0.112,117.92,98.69,-74.71,3.22,248.2,3.57,A,Normal,0
PCB_01252,LOT_20260303,SMD_Line_B,Mounter_02,FD_10,NZ_06,CHIP_1005,6.61,-28.17,0.912,115.85,111.17,-75.63,3.41,249.6,3.98,F,Tombstone,1
PCB_01253,LOT_20260303,SMD_Line_A,Mounter_03,FD_17,NZ_04,CHIP_0603,-12.19,-19.42,-0.498,142.77,86.95,-66.27,3.57,243.4,5.34,B,Normal,0
PCB_01254,LOT_20260303,SMD_Line_A,Mounter_02,FD_12,NZ_08,CHIP_1005,3.47,-6.94,0.534,140.76,87.04,-72.99,2.08,237.2,4.16,A,Normal,0
PCB_01255,LOT_20260303,SMD_Line_B,Mounter_01,FD_06,NZ_04,CHIP_1005,-2.81,-3.6,0.192,114.34,96.36,-72.17,2.3,245.2,4.1,A,Normal,0
PCB_01256,LOT_20260303,SMD_Line_B,Mounter_01,FD_19,NZ_04,IC_QFP_48,12.35,8.49,-0.411,131.19,108.25,-72.77,3.78,250.8,3.24,A,Normal,0
PCB_01257,LOT_20260303,SMD_Line_A,Mounter_04,FD_11,NZ_06,CHIP_1005,43.92,-17.65,-0.124,103.1,121.05,-77.06,4.02,251.4,4.28,F,Mount_Shift,1
PCB_01258,LOT_20260303,SMD_Line_B,Mounter_01,FD_09,NZ_04,CAP_3216,4.23,5.34,-0.72,134.47,101.05,,4.09,249.1,3.41,F,Tombstone,1
PCB_01259,LOT_20260303,SMD_Line_A,Mounter_03,FD_21,NZ_02,CHIP_0603,7.55,7.37,-1.469,122.98,91.9,-71.73,3.07,239.3,2.96,B,Normal,0
PCB_01260,LOT_20260303,SMD_Line_B,Mounter_02,FD_06,NZ_05,CHIP_1005,-12.19,7.99,-0.54,126.31,90.44,-74.84,3.4,244.2,4.42,A,Normal,0
PCB_01261,LOT_20260303,SMD_Line_A,Mounter_02,FD_24,NZ_07,CHIP_0603,2.68,12.22,-0.175,112.9,116.47,-67.17,2.93,246.0,4.42,F,Tombstone,1
PCB_01262,LOT_20260303,SMD_Line_C,Mounter_02,FD_16,NZ_01,IC_QFP_48,-4.66,-13.71,0.037,147.92,84.85,-67.28,4.3,246.6,3.39,A,Normal,0
PCB_01263,LOT_20260303,SMD_Line_A,Mounter_01,FD_20,NZ_04,CAP_3216,9.74,6.39,-0.589,133.94,102.33,-76.4,2.97,237.5,3.5,A,Normal,0
PCB_01264,LOT_20260303,SMD_Line_B,Mounter_02,FD_16,NZ_07,BGA_256,-17.83,20.83,-0.142,144.9,115.81,-74.4,2.73,253.6,3.81,B,Normal,0
PCB_01265,LOT_20260303,SMD_Line_A,Mounter_04,FD_06,NZ_04,CHIP_1005,-13.42,16.52,0.106,128.43,98.1,-70.36,3.1,250.5,5.17,A,Normal,0
PCB_01266,LOT_20260303,SMD_Line_A,Mounter_04,FD_05,NZ_08,CHIP_1005,14.75,22.33,-0.259,147.85,87.03,-73.63,2.97,245.0,4.34,B,Normal,0
PCB_01267,LOT_20260303,SMD_Line_A,Mounter_04,FD_21,NZ_01,BGA_256,2.62,2.84,-0.486,101.98,106.35,,3.16,245.5,4.49,A,Normal,0
PCB_01268,LOT_20260303,SMD_Line_B,Mounter_01,FD_04,NZ_08,CAP_3216,16.55,-6.98,-0.329,130.09,101.25,-75.56,3.74,242.9,4.81,A,Normal,0
PCB_01269,LOT_20260303,SMD_Line_B,Mounter_02,FD_02,NZ_01,CAP_3216,4.55,-29.86,0.601,147.93,105.64,-75.53,3.28,250.2,4.96,B,Normal,0
PCB_01270,LOT_20260303,SMD_Line_A,Mounter_01,FD_06,NZ_04,CHIP_1005,6.37,-14.66,-0.777,100.28,106.94,-73.82,2.84,240.1,4.27,F,Tombstone,1
PCB_01271,LOT_20260303,SMD_Line_B,Mounter_02,FD_09,NZ_02,CAP_3216,-3.87,-6.2,0.519,131.94,106.21,-71.54,2.81,245.5,4.43,A,Normal,0
PCB_01272,LOT_20260303,SMD_Line_C,Mounter_03,FD_17,NZ_07,CHIP_0603,-2.42,-4.07,0.614,138.66,103.55,-71.31,2.88,241.5,4.21,A,Normal,0
PCB_01273,LOT_20260303,SMD_Line_C,Mounter_03,FD_14,NZ_01,CHIP_0603,12.06,-9.34,-0.16,124.23,108.12,-74.86,2.03,244.9,3.21,A,Normal,0
PCB_01274,LOT_20260303,SMD_Line_A,Mounter_01,FD_07,NZ_05,CHIP_0603,-1.79,4.01,0.207,144.92,116.19,-76.02,3.74,249.9,4.34,A,Normal,0
PCB_01275,LOT_20260303,SMD_Line_B,Mounter_04,FD_22,NZ_07,CHIP_0603,14.79,2.3,-0.351,145.07,90.6,-76.35,3.57,242.3,3.93,A,Normal,0
PCB_01276,LOT_20260303,SMD_Line_A,Mounter_01,FD_19,NZ_05,IC_QFP_48,-1.37,0.48,0.12,120.73,96.81,-68.54,4.13,245.8,2.74,A,Normal,0
PCB_01277,LOT_20260303,SMD_Line_A,Mounter_04,FD_01,NZ_07,BGA_256,-14.75,9.27,1.002,124.2,109.53,,3.43,244.5,3.81,B,Normal,0
PCB_01278,LOT_20260303,SMD_Line_C,Mounter_02,FD_20,NZ_02,IC_QFP_48,-15.88,-5.54,0.572,112.58,,-70.49,2.3,241.9,3.95,A,Normal,0
PCB_01279,LOT_20260303,SMD_Line_A,Mounter_04,FD_15,NZ_08,CHIP_1005,-2.15,12.93,-0.227,134.76,84.84,-80.98,3.29,242.4,4.66,A,Normal,0
PCB_01280,LOT_20260303,SMD_Line_B,Mounter_04,FD_18,NZ_06,CHIP_1005,11.45,-14.2,-0.594,133.04,103.99,-70.01,3.31,242.5,4.12,A,Normal,0
PCB_01281,LOT_20260303,SMD_Line_B,Mounter_02,FD_03,NZ_08,IC_QFP_48,-8.31,-3.58,-0.132,130.04,94.1,-67.85,3.65,237.4,3.83,A,Normal,0
PCB_01282,LOT_20260303,SMD_Line_B,Mounter_03,FD_18,NZ_03,CHIP_1005,9.15,3.76,0.123,131.51,,-74.27,4.28,244.3,3.54,A,Normal,0
PCB_01283,LOT_20260303,SMD_Line_B,Mounter_02,FD_02,NZ_02,BGA_256,1.26,-22.64,0.325,117.14,111.92,-68.92,2.46,245.3,4.08,A,Normal,0
PCB_01284,LOT_20260303,SMD_Line_A,Mounter_01,FD_10,NZ_04,IC_QFP_48,7.58,-5.95,-0.049,108.57,113.92,-68.25,3.54,238.6,4.27,A,Normal,0
PCB_01285,LOT_20260303,SMD_Line_A,Mounter_01,FD_11,NZ_03,IC_QFP_48,-3.62,8.4,0.804,136.66,,-67.49,3.1,243.1,4.48,A,Normal,0
PCB_01286,LOT_20260303,SMD_Line_B,Mounter_01,FD_24,NZ_04,CHIP_1005,2.29,-5.04,0.015,127.03,103.73,-74.05,4.74,244.1,4.61,A,Normal,0
PCB_01287,LOT_20260303,SMD_Line_A,Mounter_01,FD_03,NZ_05,BGA_256,11.73,-21.51,-0.214,114.53,,-71.74,3.73,248.4,3.48,A,Normal,0
PCB_01288,LOT_20260303,SMD_Line_A,Mounter_01,FD_07,NZ_01,CHIP_0603,-0.21,-10.47,0.236,119.12,89.94,-71.36,3.04,252.2,4.32,A,Normal,0
PCB_01289,LOT_20260303,SMD_Line_A,Mounter_03,FD_08,NZ_07,CHIP_1005,-6.56,-15.87,0.315,143.78,89.06,-67.39,4.02,246.7,4.11,A,Normal,0
PCB_01290,LOT_20260303,SMD_Line_A,Mounter_03,FD_19,NZ_04,IC_QFP_48,-22.72,5.86,-0.343,142.92,125.64,-73.43,3.05,239.2,4.07,F,Tombstone,1
PCB_01291,LOT_20260303,SMD_Line_A,Mounter_04,FD_18,NZ_05,CHIP_1005,6.77,1.38,-0.422,139.94,104.76,-68.7,3.61,241.1,4.3,A,Normal,0
PCB_01292,LOT_20260303,SMD_Line_A,Mounter_01,FD_13,NZ_02,BGA_256,-9.65,-18.43,-0.739,129.38,84.13,-71.05,2.97,245.3,5.05,B,Normal,0
PCB_01293,LOT_20260303,SMD_Line_B,Mounter_02,FD_13,NZ_04,CHIP_0603,-6.51,-19.33,-0.13,119.77,111.54,-68.64,3.24,243.1,4.05,A,Normal,0
PCB_01294,LOT_20260303,SMD_Line_B,Mounter_01,FD_24,NZ_08,CHIP_1005,-13.39,-8.55,0.548,149.83,131.48,-69.35,3.96,244.8,4.25,C,Normal,0
PCB_01295,LOT_20260303,SMD_Line_C,Mounter_03,FD_19,NZ_05,BGA_256,-2.88,0.37,0.3,125.15,81.57,-74.29,2.98,248.5,3.7,A,Normal,0
PCB_01296,LOT_20260303,SMD_Line_A,Mounter_01,FD_23,NZ_01,CHIP_1005,26.22,-7.93,0.506,134.06,,-71.06,1.38,244.3,3.65,B,Normal,0
PCB_01297,LOT_20260303,SMD_Line_A,Mounter_03,FD_12,NZ_07,CHIP_1005,4.4,4.13,-0.294,117.24,86.53,-74.42,2.75,255.3,3.62,A,Normal,0
PCB_01298,LOT_20260303,SMD_Line_A,Mounter_04,FD_17,NZ_04,CHIP_0603,-8.05,3.72,-0.074,126.43,113.87,-72.08,4.09,238.4,3.4,A,Normal,0
PCB_01299,LOT_20260303,SMD_Line_B,Mounter_04,FD_22,NZ_06,CHIP_0603,-5.7,6.28,-0.858,90.0,74.33,-65.88,4.15,247.3,3.86,B,Normal,0
PCB_01300,LOT_20260303,SMD_Line_B,Mounter_04,FD_12,NZ_05,IC_QFP_48,-17.98,-16.68,0.454,120.57,100.95,-73.48,2.77,238.0,5.08,A,Normal,0
PCB_01301,LOT_20260303,SMD_Line_A,Mounter_03,FD_13,NZ_04,CHIP_0603,-14.13,-3.25,0.604,107.15,105.32,-74.14,2.24,241.4,3.8,A,Normal,0
PCB_01302,LOT_20260303,SMD_Line_C,Mounter_01,FD_12,NZ_01,BGA_256,-16.12,12.69,-0.48,133.26,83.38,-72.65,2.92,248.5,4.03,F,Tombstone,1
PCB_01303,LOT_20260303,SMD_Line_A,Mounter_01,FD_19,NZ_07,IC_QFP_48,3.38,-7.93,0.732,121.06,105.33,-69.64,3.78,236.3,3.49,A,Normal,0
PCB_01304,LOT_20260303,SMD_Line_B,Mounter_02,FD_14,NZ_04,CHIP_0603,5.58,-9.6,-0.106,125.48,94.42,-69.66,3.07,246.2,4.09,A,Normal,0
PCB_01305,LOT_20260303,SMD_Line_B,Mounter_03,FD_07,NZ_04,IC_QFP_48,0.97,-5.76,-0.487,161.96,120.68,-70.74,2.01,239.8,3.65,A,Normal,0
PCB_01306,LOT_20260303,SMD_Line_C,Mounter_02,FD_13,NZ_07,CHIP_1005,4.62,-6.06,-0.142,114.68,82.91,-74.79,3.54,244.7,4.03,F,Tombstone,1
PCB_01307,LOT_20260303,SMD_Line_B,Mounter_04,FD_06,NZ_06,CHIP_0603,-9.58,1.43,0.283,131.83,110.9,-72.87,3.82,242.4,4.02,A,Normal,0
PCB_01308,LOT_20260303,SMD_Line_C,Mounter_01,FD_24,NZ_05,CHIP_0603,-14.35,-6.86,-0.024,133.29,98.8,-67.07,4.15,245.1,4.14,A,Normal,0
PCB_01309,LOT_20260303,SMD_Line_A,Mounter_03,FD_19,NZ_03,CHIP_1005,-14.43,-23.83,-0.26,115.75,115.52,-77.31,1.96,246.7,4.75,F,Tombstone,1
PCB_01310,LOT_20260303,SMD_Line_C,Mounter_02,FD_19,NZ_08,IC_QFP_48,-14.99,13.99,0.267,146.55,115.8,-71.09,3.89,249.4,5.09,A,Normal,0
PCB_01311,LOT_20260303,SMD_Line_A,Mounter_02,FD_04,NZ_07,CHIP_1005,4.48,5.98,0.308,154.69,96.98,,3.31,245.6,5.09,A,Normal,0
PCB_01312,LOT_20260303,SMD_Line_C,Mounter_02,FD_19,NZ_04,CHIP_1005,25.17,1.76,-0.078,147.99,99.46,-70.36,2.8,247.6,4.25,A,Normal,0
PCB_01313,LOT_20260303,SMD_Line_B,Mounter_01,FD_09,NZ_03,IC_QFP_48,-13.09,-1.11,-0.161,115.69,110.9,-71.53,2.21,244.7,4.29,A,Normal,0
PCB_01314,LOT_20260303,SMD_Line_C,Mounter_01,FD_16,NZ_02,IC_QFP_48,-4.27,-3.81,-0.246,119.46,106.26,,2.09,239.4,4.25,A,Normal,0
PCB_01315,LOT_20260303,SMD_Line_B,Mounter_01,FD_04,NZ_04,CHIP_1005,2.54,-9.44,0.215,99.6,98.59,-69.94,2.74,240.2,4.58,A,Normal,0
PCB_01316,LOT_20260303,SMD_Line_B,Mounter_03,FD_06,NZ_03,IC_QFP_48,-3.49,-22.16,-0.722,127.27,,-75.41,2.71,251.3,3.86,A,Normal,0
PCB_01317,LOT_20260303,SMD_Line_B,Mounter_01,FD_08,NZ_02,CHIP_0603,4.16,19.2,-0.343,128.35,104.38,-76.13,3.14,239.9,3.69,A,Normal,0
PCB_01318,LOT_20260303,SMD_Line_B,Mounter_03,FD_24,NZ_06,BGA_256,-7.19,0.25,-0.073,141.69,86.67,-71.82,4.09,245.8,3.2,A,Normal,0
PCB_01319,LOT_20260303,SMD_Line_A,Mounter_02,FD_16,NZ_05,CHIP_1005,-8.5,-19.01,-0.355,156.45,107.78,-73.44,3.16,245.7,4.65,F,Tombstone,1
PCB_01320,LOT_20260303,SMD_Line_A,Mounter_02,FD_05,NZ_04,BGA_256,-2.28,-12.11,0.114,111.12,113.33,-74.79,2.27,245.5,4.31,A,Normal,0
PCB_01321,LOT_20260303,SMD_Line_A,Mounter_04,FD_21,NZ_05,CHIP_1005,4.08,3.59,0.074,132.08,,-73.36,2.59,249.3,3.79,A,Normal,0
PCB_01322,LOT_20260303,SMD_Line_A,Mounter_01,FD_22,NZ_02,CHIP_0603,16.03,3.36,1.116,126.61,,-74.57,3.4,242.3,5.0,B,Normal,0
PCB_01323,LOT_20260303,SMD_Line_C,Mounter_02,FD_10,NZ_05,CHIP_1005,4.71,-8.82,-0.343,127.73,92.43,-66.59,2.75,244.1,3.87,A,Normal,0
PCB_01324,LOT_20260303,SMD_Line_A,Mounter_01,FD_23,NZ_05,CHIP_1005,-3.15,-12.72,-0.005,153.46,112.65,-70.9,3.13,243.6,4.95,A,Normal,0
PCB_01325,LOT_20260303,SMD_Line_C,Mounter_03,FD_13,NZ_07,IC_QFP_48,10.38,-6.75,-0.431,131.44,100.66,-72.55,3.89,235.5,3.76,A,Normal,0
PCB_01326,LOT_20260303,SMD_Line_A,Mounter_02,FD_14,NZ_01,CHIP_1005,12.5,-22.77,0.873,138.25,95.61,-69.34,3.59,241.8,4.29,B,Normal,0
PCB_01327,LOT_20260303,SMD_Line_A,Mounter_01,FD_07,NZ_02,BGA_256,-3.79,-5.61,0.766,137.11,107.77,-72.66,2.87,249.5,4.42,A,Normal,0
PCB_01328,LOT_20260303,SMD_Line_C,Mounter_02,FD_20,NZ_05,IC_QFP_48,-1.82,-5.49,-0.706,133.27,94.23,-72.91,2.61,253.5,3.93,A,Normal,0
PCB_01329,LOT_20260303,SMD_Line_B,Mounter_02,FD_06,NZ_08,IC_QFP_48,-5.34,18.01,-0.074,118.49,97.55,-68.73,4.38,249.0,3.55,A,Normal,0
PCB_01330,LOT_20260303,SMD_Line_B,Mounter_01,FD_07,NZ_03,CHIP_0603,10.26,-5.32,0.016,158.08,86.62,-74.43,2.78,246.6,4.22,A,Normal,0
PCB_01331,LOT_20260303,SMD_Line_B,Mounter_02,FD_05,NZ_02,CAP_3216,0.93,2.98,-0.153,129.49,,-75.58,4.63,239.2,3.81,A,Normal,0
PCB_01332,LOT_20260303,SMD_Line_B,Mounter_02,FD_21,NZ_01,BGA_256,-17.57,18.86,-0.218,137.97,86.9,-69.7,4.17,245.8,3.41,B,Normal,0
PCB_01333,LOT_20260303,SMD_Line_A,Mounter_02,FD_18,NZ_04,IC_QFP_48,5.08,-12.59,0.347,133.81,117.2,-71.43,3.15,245.4,3.29,A,Normal,0
PCB_01334,LOT_20260303,SMD_Line_C,Mounter_02,FD_23,NZ_06,CHIP_0603,18.62,-7.37,0.805,98.33,102.87,-71.46,2.47,254.8,4.29,F,Tombstone,1
PCB_01335,LOT_20260303,SMD_Line_C,Mounter_03,FD_12,NZ_05,CHIP_1005,19.61,-6.36,0.363,114.37,98.12,-73.23,3.22,237.7,3.05,A,Normal,0
PCB_01336,LOT_20260303,SMD_Line_B,Mounter_02,FD_06,NZ_03,CHIP_0603,-5.99,-19.76,0.389,131.71,99.84,-69.91,3.99,239.7,4.05,A,Normal,0
PCB_01337,LOT_20260303,SMD_Line_A,Mounter_04,FD_01,NZ_01,CHIP_1005,-8.71,-3.09,-0.16,117.26,120.52,-76.8,2.97,250.1,4.58,A,Normal,0
PCB_01338,LOT_20260303,SMD_Line_B,Mounter_02,FD_04,NZ_02,CHIP_0603,23.72,13.73,0.458,136.05,83.85,-78.78,2.41,251.5,3.44,B,Normal,0
PCB_01339,LOT_20260303,SMD_Line_A,Mounter_01,FD_19,NZ_06,CHIP_1005,19.58,9.98,0.456,116.35,84.74,-73.39,2.86,246.4,3.52,B,Normal,0
PCB_01340,LOT_20260303,SMD_Line_A,Mounter_04,FD_12,NZ_06,CHIP_1005,5.84,13.95,-0.214,130.25,111.51,-69.8,3.43,243.5,4.36,A,Normal,0
PCB_01341,LOT_20260303,SMD_Line_A,Mounter_03,FD_15,NZ_08,CHIP_1005,-21.4,-7.48,-0.105,104.39,88.94,-67.64,3.48,247.4,2.87,A,Normal,0
PCB_01342,LOT_20260303,SMD_Line_B,Mounter_04,FD_03,NZ_05,CHIP_1005,-7.58,-13.32,-0.709,142.54,,-70.08,3.25,254.1,4.16,A,Normal,0
PCB_01343,LOT_20260303,SMD_Line_C,Mounter_04,FD_23,NZ_01,BGA_256,-13.67,26.62,-0.609,136.76,94.68,-75.23,2.92,242.3,3.95,B,Normal,0
PCB_01344,LOT_20260303,SMD_Line_B,Mounter_04,FD_20,NZ_01,CHIP_0603,22.65,2.53,-0.195,137.47,113.51,-75.2,3.13,247.0,4.92,A,Normal,0
PCB_01345,LOT_20260303,SMD_Line_B,Mounter_01,FD_08,NZ_03,IC_QFP_48,-19.07,-19.03,-0.481,128.64,109.71,-67.76,2.92,244.2,5.0,B,Normal,0
PCB_01346,LOT_20260303,SMD_Line_B,Mounter_01,FD_11,NZ_04,CHIP_0603,22.55,30.21,0.362,119.54,,-68.83,3.28,246.6,4.36,B,Normal,0
PCB_01347,LOT_20260303,SMD_Line_A,Mounter_01,FD_16,NZ_04,CHIP_0603,-1.32,-1.06,-0.072,153.67,104.81,-70.08,3.36,248.3,3.85,A,Normal,0
PCB_01348,LOT_20260303,SMD_Line_A,Mounter_03,FD_09,NZ_07,CHIP_0603,-14.97,-34.78,0.24,155.0,104.52,-68.78,3.05,242.5,4.24,F,Tombstone,1
PCB_01349,LOT_20260303,SMD_Line_C,Mounter_01,FD_03,NZ_04,IC_QFP_48,12.33,17.16,-0.549,128.93,87.97,-71.41,2.69,249.1,4.64,A,Normal,0
PCB_01350,LOT_20260303,SMD_Line_A,Mounter_01,FD_05,NZ_07,CHIP_1005,7.87,-27.26,0.584,121.43,88.79,-72.73,3.95,242.9,4.55,B,Normal,0
PCB_01351,LOT_20260303,SMD_Line_C,Mounter_04,FD_20,NZ_06,BGA_256,-15.83,3.4,0.22,104.07,75.56,-72.56,3.38,247.4,3.02,B,Normal,0
PCB_01352,LOT_20260303,SMD_Line_B,Mounter_01,FD_14,NZ_06,CHIP_1005,-0.32,9.94,0.182,133.38,117.89,-69.77,3.63,236.8,3.46,A,Normal,0
PCB_01353,LOT_20260303,SMD_Line_B,Mounter_02,FD_15,NZ_08,CHIP_0603,17.19,8.04,0.426,119.97,91.96,-71.17,2.75,248.2,4.57,A,Normal,0
PCB_01354,LOT_20260303,SMD_Line_B,Mounter_01,FD_06,NZ_02,IC_QFP_48,-5.12,18.36,0.143,122.81,100.16,-78.88,3.15,241.3,3.56,A,Normal,0
PCB_01355,LOT_20260303,SMD_Line_B,Mounter_03,FD_04,NZ_06,CHIP_0603,21.0,12.0,-0.456,144.46,106.47,-68.91,2.74,242.9,4.37,A,Normal,0
PCB_01356,LOT_20260303,SMD_Line_C,Mounter_03,FD_08,NZ_06,IC_QFP_48,-9.31,21.91,0.282,115.56,88.34,-69.95,4.05,235.5,4.61,A,Normal,0
PCB_01357,LOT_20260303,SMD_Line_C,Mounter_02,FD_19,NZ_01,CHIP_0603,-20.28,-1.1,-0.354,158.78,89.83,-70.86,2.55,244.1,4.5,A,Normal,0
PCB_01358,LOT_20260303,SMD_Line_B,Mounter_03,FD_05,NZ_02,CHIP_0603,0.57,-4.88,0.095,114.74,88.95,-67.07,2.6,250.6,4.44,A,Normal,0
PCB_01359,LOT_20260303,SMD_Line_A,Mounter_03,FD_13,NZ_01,IC_QFP_48,-18.26,-4.09,-0.348,99.3,65.24,-74.83,3.24,238.4,3.95,C,Normal,0
PCB_01360,LOT_20260303,SMD_Line_B,Mounter_04,FD_16,NZ_03,CAP_3216,1.56,16.21,0.748,120.13,99.22,-75.73,2.5,245.8,3.51,A,Normal,0
PCB_01361,LOT_20260303,SMD_Line_C,Mounter_02,FD_01,NZ_07,CHIP_1005,0.06,-7.54,0.301,135.35,128.05,-70.25,4.05,236.4,5.1,B,Normal,0
PCB_01362,LOT_20260303,SMD_Line_A,Mounter_04,FD_13,NZ_07,BGA_256,-9.49,10.0,0.453,132.05,93.65,-74.65,2.35,244.4,3.23,A,Normal,0
PCB_01363,LOT_20260303,SMD_Line_B,Mounter_04,FD_22,NZ_03,CHIP_0603,23.48,-10.15,-0.342,132.75,93.97,-66.17,3.06,248.6,4.26,A,Normal,0
PCB_01364,LOT_20260303,SMD_Line_B,Mounter_01,FD_11,NZ_07,BGA_256,-0.05,-9.93,0.135,125.84,,-74.43,2.95,244.5,3.91,A,Normal,0
PCB_01365,LOT_20260303,SMD_Line_B,Mounter_02,FD_21,NZ_02,IC_QFP_48,10.8,13.97,0.086,122.48,103.74,,3.38,248.3,4.86,A,Normal,0
PCB_01366,LOT_20260303,SMD_Line_A,Mounter_01,FD_08,NZ_02,CHIP_0603,11.61,5.15,0.05,111.41,110.58,-73.41,2.72,242.9,4.21,A,Normal,0
PCB_01367,LOT_20260303,SMD_Line_B,Mounter_01,FD_08,NZ_06,CHIP_0603,22.01,-25.48,-0.872,131.94,89.99,-73.04,3.35,255.9,3.76,B,Normal,0
PCB_01368,LOT_20260303,SMD_Line_C,Mounter_04,FD_24,NZ_07,CHIP_0603,-15.12,-10.08,0.884,145.85,105.55,-73.29,2.68,249.6,3.96,A,Normal,0
PCB_01369,LOT_20260303,SMD_Line_A,Mounter_03,FD_14,NZ_03,CHIP_1005,-21.97,-30.34,-0.017,130.21,98.97,-72.92,2.59,245.9,4.64,F,Tombstone,1
PCB_01370,LOT_20260303,SMD_Line_A,Mounter_02,FD_13,NZ_05,CHIP_0603,21.55,-4.43,0.226,118.59,103.59,-73.27,3.06,252.2,4.73,A,Normal,0
PCB_01371,LOT_20260303,SMD_Line_C,Mounter_03,FD_03,NZ_04,CHIP_1005,7.26,-3.23,-0.592,132.19,105.42,-77.45,3.14,250.9,4.52,F,Tombstone,1
PCB_01372,LOT_20260303,SMD_Line_A,Mounter_04,FD_04,NZ_06,CAP_3216,1.58,-5.59,0.659,151.96,88.3,-70.23,3.03,242.7,4.25,A,Normal,0
PCB_01373,LOT_20260303,SMD_Line_C,Mounter_04,FD_20,NZ_04,CHIP_0603,-1.67,14.24,0.621,126.94,93.69,-73.53,2.97,247.1,3.71,A,Normal,0
PCB_01374,LOT_20260303,SMD_Line_B,Mounter_04,FD_15,NZ_03,CHIP_1005,-3.88,4.87,0.384,111.45,105.55,-72.54,4.02,243.8,3.83,A,Normal,0
PCB_01375,LOT_20260303,SMD_Line_A,Mounter_04,FD_15,NZ_07,CHIP_1005,10.76,29.1,0.123,133.3,98.32,-76.25,3.38,248.9,4.43,B,Normal,0
PCB_01376,LOT_20260303,SMD_Line_C,Mounter_04,FD_21,NZ_07,CAP_3216,-18.05,6.3,1.051,138.84,109.51,-77.34,3.35,251.6,4.7,B,Normal,0
PCB_01377,LOT_20260303,SMD_Line_B,Mounter_04,FD_13,NZ_04,CHIP_1005,5.97,6.52,0.442,143.01,97.33,-72.33,3.84,238.8,3.46,A,Normal,0
PCB_01378,LOT_20260303,SMD_Line_B,Mounter_03,FD_09,NZ_05,CHIP_1005,12.89,3.21,-0.615,140.46,112.13,-66.56,2.38,245.5,3.34,F,Tombstone,1
PCB_01379,LOT_20260303,SMD_Line_A,Mounter_01,FD_10,NZ_07,CHIP_1005,9.29,-3.17,0.101,132.49,76.45,-66.68,4.45,251.1,4.09,B,Normal,0
PCB_01380,LOT_20260303,SMD_Line_B,Mounter_03,FD_12,NZ_05,CHIP_0603,-0.89,-7.67,0.263,117.49,103.88,-75.18,2.19,248.2,4.31,A,Normal,0
PCB_01381,LOT_20260303,SMD_Line_A,Mounter_02,FD_14,NZ_01,CHIP_0603,-0.03,-2.77,0.047,115.25,84.52,-74.59,3.94,246.8,4.28,A,Normal,0
PCB_01382,LOT_20260303,SMD_Line_A,Mounter_03,FD_01,NZ_02,CHIP_1005,16.07,-2.23,0.258,124.93,113.46,-71.4,2.19,249.5,4.46,A,Normal,0
PCB_01383,LOT_20260303,SMD_Line_C,Mounter_04,FD_14,NZ_04,CHIP_0603,7.27,-1.11,0.649,139.23,98.21,-81.33,3.16,239.4,3.93,A,Normal,0
PCB_01384,LOT_20260303,SMD_Line_A,Mounter_03,FD_14,NZ_07,CHIP_1005,21.94,7.5,-0.085,120.24,95.91,-74.05,2.83,247.4,4.81,A,Normal,0
PCB_01385,LOT_20260303,SMD_Line_B,Mounter_01,FD_08,NZ_05,CHIP_0603,-21.78,3.54,-0.171,122.64,90.09,-71.22,4.12,250.2,4.95,A,Normal,0
PCB_01386,LOT_20260303,SMD_Line_A,Mounter_02,FD_16,NZ_08,CHIP_1005,11.33,-6.1,-0.488,116.72,,-72.8,3.66,247.4,4.46,A,Normal,0
PCB_01387,LOT_20260303,SMD_Line_C,Mounter_03,FD_14,NZ_08,CHIP_0603,-10.14,-8.71,-0.84,153.41,106.82,-78.65,3.03,239.9,3.94,A,Normal,0
PCB_01388,LOT_20260303,SMD_Line_A,Mounter_01,FD_01,NZ_07,CAP_3216,-0.91,2.65,-0.141,126.67,96.62,-78.4,3.52,243.4,2.8,A,Normal,0
PCB_01389,LOT_20260303,SMD_Line_C,Mounter_03,FD_16,NZ_02,BGA_256,17.2,-10.94,-0.305,140.07,107.99,-77.01,3.37,245.0,3.86,A,Normal,0
PCB_01390,LOT_20260303,SMD_Line_B,Mounter_02,FD_18,NZ_02,CHIP_0603,-12.53,-5.04,-0.093,153.7,102.65,-72.27,3.62,241.6,4.26,A,Normal,0
PCB_01391,LOT_20260303,SMD_Line_A,Mounter_03,FD_07,NZ_01,CHIP_0603,26.45,-6.27,-0.263,115.72,101.03,-74.93,3.08,241.2,4.51,A,Normal,0
PCB_01392,LOT_20260303,SMD_Line_A,Mounter_04,FD_15,NZ_02,CHIP_1005,13.82,28.63,-0.483,141.38,109.39,-66.55,2.78,247.1,4.02,B,Normal,0
PCB_01393,LOT_20260303,SMD_Line_A,Mounter_03,FD_24,NZ_02,CHIP_0603,7.24,-15.04,-0.248,128.6,121.74,-76.68,1.9,251.9,4.14,B,Normal,0
PCB_01394,LOT_20260303,SMD_Line_B,Mounter_01,FD_17,NZ_06,CHIP_1005,-11.65,-9.35,0.231,151.09,103.38,-67.7,2.99,237.1,5.04,A,Normal,0
PCB_01395,LOT_20260303,SMD_Line_A,Mounter_03,FD_19,NZ_08,CHIP_0603,-2.25,-6.56,-0.241,118.12,103.4,-76.21,3.28,243.0,3.65,F,Tombstone,1
PCB_01396,LOT_20260303,SMD_Line_C,Mounter_01,FD_23,NZ_03,CAP_3216,-4.48,-5.33,-0.085,133.21,111.02,-63.19,2.6,242.0,3.36,F,Missing_Component,1
PCB_01397,LOT_20260303,SMD_Line_B,Mounter_02,FD_13,NZ_08,BGA_256,-15.4,11.8,0.943,139.52,88.57,-69.68,3.15,251.3,3.0,F,Tombstone,1
PCB_01398,LOT_20260303,SMD_Line_A,Mounter_03,FD_09,NZ_08,CHIP_1005,13.67,-3.0,0.484,119.73,97.8,-79.76,3.87,248.0,4.67,A,Normal,0
PCB_01399,LOT_20260303,SMD_Line_B,Mounter_02,FD_24,NZ_07,CHIP_1005,-5.05,-15.63,0.103,126.89,95.37,-67.74,3.25,250.8,3.53,A,Normal,0
PCB_01400,LOT_20260303,SMD_Line_B,Mounter_02,FD_24,NZ_08,CAP_3216,-2.19,16.88,0.117,127.89,103.6,-73.62,2.76,248.7,4.02,A,Normal,0
PCB_01401,LOT_20260303,SMD_Line_A,Mounter_03,FD_15,NZ_01,CAP_3216,-1.56,3.11,-0.32,146.41,102.6,-68.75,3.75,250.0,4.61,A,Normal,0
PCB_01402,LOT_20260303,SMD_Line_A,Mounter_01,FD_03,NZ_01,CAP_3216,-2.68,4.96,-0.189,163.27,121.1,-72.04,3.33,246.2,4.97,A,Normal,0
PCB_01403,LOT_20260303,SMD_Line_A,Mounter_02,FD_24,NZ_04,CHIP_0603,6.63,7.68,-0.125,153.65,117.99,-73.24,3.31,247.0,4.22,A,Normal,0
PCB_01404,LOT_20260303,SMD_Line_B,Mounter_02,FD_01,NZ_02,CHIP_0603,-7.78,-14.54,0.047,151.57,81.82,-72.89,2.94,247.2,3.69,A,Normal,0
PCB_01405,LOT_20260303,SMD_Line_B,Mounter_03,FD_16,NZ_04,IC_QFP_48,12.73,-0.08,-0.02,67.21,104.29,-76.1,2.44,245.1,4.37,A,Normal,0
PCB_01406,LOT_20260303,SMD_Line_B,Mounter_03,FD_08,NZ_06,CHIP_1005,-7.45,9.69,-0.508,131.99,108.5,-73.54,3.35,245.0,3.67,A,Normal,0
PCB_01407,LOT_20260303,SMD_Line_C,Mounter_03,FD_23,NZ_08,CHIP_0603,-0.36,-7.56,0.268,130.96,101.01,,3.42,247.0,4.16,A,Normal,0
PCB_01408,LOT_20260303,SMD_Line_C,Mounter_03,FD_13,NZ_05,CHIP_0603,-16.33,3.62,-0.258,142.01,93.81,-73.65,2.77,246.9,3.5,A,Normal,0
PCB_01409,LOT_20260303,SMD_Line_B,Mounter_03,FD_08,NZ_02,BGA_256,13.4,6.41,0.865,108.39,116.54,-71.32,3.29,245.9,3.78,B,Normal,0
PCB_01410,LOT_20260303,SMD_Line_C,Mounter_04,FD_17,NZ_05,BGA_256,16.57,-17.23,0.562,140.88,103.96,-68.3,3.76,245.8,5.32,A,Normal,0
PCB_01411,LOT_20260303,SMD_Line_A,Mounter_03,FD_22,NZ_08,CHIP_1005,8.95,-12.18,-0.748,98.72,,-66.8,2.59,248.0,4.73,A,Normal,0
PCB_01412,LOT_20260303,SMD_Line_A,Mounter_01,FD_23,NZ_03,BGA_256,2.13,-26.96,-0.114,145.41,111.71,-72.04,3.45,244.5,3.86,B,Normal,0
PCB_01413,LOT_20260303,SMD_Line_A,Mounter_02,FD_14,NZ_06,CHIP_1005,-0.45,2.68,0.724,105.27,105.61,-75.94,3.14,239.9,3.98,A,Normal,0
PCB_01414,LOT_20260303,SMD_Line_A,Mounter_01,FD_21,NZ_02,BGA_256,-19.53,22.24,0.298,148.37,92.28,-72.18,3.78,245.9,4.56,B,Normal,0
PCB_01415,LOT_20260303,SMD_Line_B,Mounter_01,FD_21,NZ_04,CHIP_1005,-16.93,-8.17,0.04,147.62,90.84,-72.57,3.85,241.2,3.99,A,Normal,0
PCB_01416,LOT_20260303,SMD_Line_C,Mounter_04,FD_07,NZ_04,CHIP_0603,9.38,-2.27,-1.046,124.99,90.45,-67.39,3.24,249.4,4.81,B,Normal,0
PCB_01417,LOT_20260303,SMD_Line_A,Mounter_03,FD_15,NZ_02,CHIP_1005,-2.26,11.96,-0.098,136.58,114.21,-68.94,3.2,242.5,3.41,A,Normal,0
PCB_01418,LOT_20260303,SMD_Line_A,Mounter_02,FD_16,NZ_07,CHIP_1005,-16.99,3.14,0.095,129.95,107.07,-71.19,3.07,242.9,4.16,A,Normal,0
PCB_01419,LOT_20260303,SMD_Line_B,Mounter_01,FD_19,NZ_04,CHIP_1005,-17.57,-11.49,-0.925,107.82,111.47,-66.68,2.56,246.7,3.8,B,Normal,0
PCB_01420,LOT_20260303,SMD_Line_C,Mounter_03,FD_06,NZ_08,CHIP_0603,7.94,18.01,0.276,138.44,102.45,-73.77,3.44,245.0,4.33,A,Normal,0
PCB_01421,LOT_20260303,SMD_Line_A,Mounter_03,FD_23,NZ_08,CAP_3216,10.92,2.33,-0.316,147.81,91.82,-69.81,3.24,250.0,4.26,A,Normal,0
PCB_01422,LOT_20260303,SMD_Line_B,Mounter_04,FD_01,NZ_07,CHIP_0603,-19.17,-2.74,0.136,125.16,90.47,-73.77,2.75,244.1,4.21,A,Normal,0
PCB_01423,LOT_20260303,SMD_Line_A,Mounter_04,FD_12,NZ_02,CHIP_0603,1.9,-1.76,0.059,139.58,112.88,-73.65,2.02,243.8,4.41,F,Tombstone,1
PCB_01424,LOT_20260303,SMD_Line_A,Mounter_04,FD_18,NZ_01,CHIP_1005,4.85,6.97,-0.115,116.84,105.35,-79.24,3.53,241.8,4.34,A,Normal,0
PCB_01425,LOT_20260303,SMD_Line_C,Mounter_02,FD_16,NZ_04,CHIP_1005,-7.3,-7.24,0.356,143.77,96.81,-71.65,2.99,240.0,3.63,A,Normal,0
PCB_01426,LOT_20260303,SMD_Line_C,Mounter_01,FD_12,NZ_07,CHIP_1005,15.5,18.55,0.127,130.15,100.26,-71.55,3.61,242.8,4.14,F,Tombstone,1
PCB_01427,LOT_20260303,SMD_Line_A,Mounter_04,FD_20,NZ_02,IC_QFP_48,-4.31,14.85,1.222,129.78,111.98,-72.48,2.38,246.7,4.14,B,Normal,0
PCB_01428,LOT_20260303,SMD_Line_C,Mounter_04,FD_13,NZ_02,CHIP_1005,-21.46,0.1,0.8,137.04,106.76,-70.41,3.24,250.4,4.17,B,Normal,0
PCB_01429,LOT_20260303,SMD_Line_B,Mounter_04,FD_08,NZ_07,CHIP_1005,-2.43,0.73,-0.456,152.94,98.89,-68.5,3.18,248.6,5.3,A,Normal,0
PCB_01430,LOT_20260303,SMD_Line_C,Mounter_01,FD_22,NZ_04,IC_QFP_48,17.1,-9.98,0.534,137.9,99.45,-72.06,3.07,242.6,4.21,A,Normal,0
PCB_01431,LOT_20260303,SMD_Line_B,Mounter_01,FD_01,NZ_01,CHIP_0603,-4.32,-7.52,-0.331,113.77,92.91,-69.89,4.15,245.7,5.02,A,Normal,0
PCB_01432,LOT_20260303,SMD_Line_B,Mounter_04,FD_21,NZ_04,CHIP_1005,-13.09,-13.4,-0.528,119.23,100.28,-70.69,3.3,245.1,3.22,F,Tombstone,1
PCB_01433,LOT_20260303,SMD_Line_B,Mounter_04,FD_07,NZ_02,BGA_256,7.85,-2.41,-0.664,128.92,96.55,-68.23,2.16,249.9,3.91,A,Normal,0
PCB_01434,LOT_20260303,SMD_Line_B,Mounter_03,FD_15,NZ_01,CHIP_0603,3.23,0.74,-0.161,137.44,99.4,-70.13,2.96,250.5,4.07,A,Normal,0
PCB_01435,LOT_20260303,SMD_Line_A,Mounter_04,FD_22,NZ_08,CHIP_1005,-0.04,-18.76,0.453,112.57,93.5,-65.62,2.23,236.8,4.97,A,Normal,0
PCB_01436,LOT_20260303,SMD_Line_A,Mounter_02,FD_13,NZ_05,CAP_3216,5.96,8.13,0.071,135.24,83.92,-71.07,4.05,250.9,3.1,A,Normal,0
PCB_01437,LOT_20260303,SMD_Line_A,Mounter_02,FD_13,NZ_03,CHIP_1005,-8.65,-10.28,0.229,143.34,111.45,-75.28,3.35,238.4,4.68,A,Normal,0
PCB_01438,LOT_20260303,SMD_Line_B,Mounter_04,FD_09,NZ_04,CHIP_1005,-7.5,4.86,-1.452,122.5,106.88,-67.58,3.1,246.1,4.47,B,Normal,0
PCB_01439,LOT_20260303,SMD_Line_A,Mounter_01,FD_24,NZ_06,CAP_3216,9.09,9.53,-0.103,159.56,,-69.75,2.35,236.2,4.47,A,Normal,0
PCB_01440,LOT_20260303,SMD_Line_B,Mounter_03,FD_15,NZ_02,CHIP_0603,-12.08,15.42,-0.474,118.86,96.14,-70.34,3.3,249.3,4.1,A,Normal,0
PCB_01441,LOT_20260303,SMD_Line_C,Mounter_01,FD_04,NZ_01,CHIP_0603,20.19,12.95,-0.711,133.02,83.34,-77.4,3.83,243.6,4.28,B,Normal,0
PCB_01442,LOT_20260303,SMD_Line_A,Mounter_04,FD_13,NZ_07,BGA_256,15.37,19.55,-0.542,98.67,112.79,-66.79,3.55,247.8,4.17,B,Normal,0
PCB_01443,LOT_20260303,SMD_Line_B,Mounter_02,FD_12,NZ_08,BGA_256,-14.3,9.62,0.032,125.25,115.05,-68.49,3.53,243.8,3.86,F,Tombstone,1
PCB_01444,LOT_20260303,SMD_Line_B,Mounter_03,FD_05,NZ_07,CHIP_1005,18.45,1.98,0.296,127.77,98.94,-70.9,4.06,249.1,4.65,A,Normal,0
PCB_01445,LOT_20260303,SMD_Line_C,Mounter_01,FD_07,NZ_07,CHIP_1005,1.9,-5.58,-0.41,123.58,103.92,-81.96,4.12,238.0,4.24,A,Normal,0
PCB_01446,LOT_20260303,SMD_Line_A,Mounter_01,FD_08,NZ_01,BGA_256,17.31,-1.41,0.265,118.94,88.14,-73.18,3.26,247.6,3.81,A,Normal,0
PCB_01447,LOT_20260303,SMD_Line_B,Mounter_04,FD_05,NZ_05,IC_QFP_48,1.67,19.23,0.367,122.24,101.03,-65.31,3.55,246.8,4.4,A,Normal,0
PCB_01448,LOT_20260303,SMD_Line_C,Mounter_03,FD_09,NZ_04,CHIP_0603,-2.21,-2.33,0.148,139.5,91.74,-70.33,4.23,246.6,4.09,A,Normal,0
PCB_01449,LOT_20260303,SMD_Line_C,Mounter_02,FD_14,NZ_06,CHIP_0603,-3.52,-0.06,-0.386,101.23,91.79,-76.23,2.6,247.2,3.98,A,Normal,0
PCB_01450,LOT_20260303,SMD_Line_B,Mounter_04,FD_12,NZ_08,CHIP_1005,-30.62,17.42,-0.224,102.09,96.54,-73.95,3.49,249.8,3.35,F,Tombstone,1
PCB_01451,LOT_20260303,SMD_Line_B,Mounter_03,FD_04,NZ_07,BGA_256,11.59,-2.75,0.147,122.63,94.91,-73.39,2.59,249.1,3.94,A,Normal,0
PCB_01452,LOT_20260303,SMD_Line_B,Mounter_01,FD_20,NZ_01,BGA_256,-8.84,-9.38,-0.322,128.17,98.46,-68.05,2.98,239.1,3.91,A,Normal,0
PCB_01453,LOT_20260303,SMD_Line_C,Mounter_04,FD_08,NZ_07,CAP_3216,12.0,13.37,0.291,118.26,112.68,-77.28,4.0,245.5,4.35,A,Normal,0
PCB_01454,LOT_20260303,SMD_Line_B,Mounter_01,FD_17,NZ_05,BGA_256,20.92,-9.76,-0.499,130.95,74.66,-68.3,2.69,246.5,4.01,F,Tombstone,1
PCB_01455,LOT_20260303,SMD_Line_A,Mounter_01,FD_08,NZ_02,CHIP_1005,-7.22,4.77,0.171,139.3,,-69.24,3.85,244.7,5.54,A,Normal,0
PCB_01456,LOT_20260303,SMD_Line_C,Mounter_04,FD_21,NZ_07,CHIP_1005,-7.96,2.7,0.408,144.68,107.58,-64.15,2.84,245.6,3.43,A,Normal,0
PCB_01457,LOT_20260303,SMD_Line_B,Mounter_04,FD_01,NZ_05,IC_QFP_48,12.6,3.73,0.086,149.85,102.34,-70.13,3.86,247.0,3.58,A,Normal,0
PCB_01458,LOT_20260303,SMD_Line_B,Mounter_04,FD_20,NZ_04,IC_QFP_48,-5.84,-28.55,-0.446,110.13,,-76.34,4.08,248.2,3.93,B,Normal,0
PCB_01459,LOT_20260303,SMD_Line_A,Mounter_04,FD_02,NZ_08,CHIP_1005,16.47,9.21,-0.734,118.43,125.26,-72.17,2.66,247.4,4.38,B,Normal,0
PCB_01460,LOT_20260303,SMD_Line_B,Mounter_04,FD_04,NZ_08,CHIP_0603,-8.64,-0.7,-0.498,116.84,132.36,-75.47,3.58,248.6,4.04,B,Normal,0
PCB_01461,LOT_20260303,SMD_Line_A,Mounter_01,FD_24,NZ_07,CAP_3216,17.98,7.27,0.219,145.17,99.81,-70.64,3.87,253.3,3.89,A,Normal,0
PCB_01462,LOT_20260303,SMD_Line_B,Mounter_02,FD_21,NZ_05,CHIP_1005,-3.82,5.91,-0.093,120.51,88.1,-65.9,2.94,244.1,3.6,A,Normal,0
PCB_01463,LOT_20260303,SMD_Line_A,Mounter_02,FD_01,NZ_01,CHIP_1005,4.13,3.73,-0.27,134.61,96.99,-75.0,3.54,244.4,4.41,A,Normal,0
PCB_01464,LOT_20260303,SMD_Line_B,Mounter_04,FD_07,NZ_01,CHIP_1005,12.28,-4.69,0.179,108.78,86.47,-68.74,2.48,248.0,5.57,A,Normal,0
PCB_01465,LOT_20260303,SMD_Line_C,Mounter_01,FD_01,NZ_03,IC_QFP_48,6.39,-4.56,-0.894,120.35,104.81,,4.51,245.0,3.67,A,Normal,0
PCB_01466,LOT_20260303,SMD_Line_A,Mounter_02,FD_09,NZ_05,CHIP_0603,13.38,-0.64,-0.118,116.55,106.91,-77.43,2.75,243.6,4.49,A,Normal,0
PCB_01467,LOT_20260303,SMD_Line_C,Mounter_02,FD_03,NZ_02,BGA_256,-18.2,2.02,-0.498,140.25,111.82,-66.4,3.03,243.1,4.98,F,Tombstone,1
PCB_01468,LOT_20260303,SMD_Line_B,Mounter_02,FD_12,NZ_07,CHIP_0603,-5.09,-5.0,-0.608,111.3,104.79,-71.19,3.12,247.6,4.27,A,Normal,0
PCB_01469,LOT_20260303,SMD_Line_C,Mounter_01,FD_19,NZ_06,CHIP_0603,0.79,11.13,-0.232,156.77,102.75,-70.28,3.25,246.9,4.37,A,Normal,0
PCB_01470,LOT_20260303,SMD_Line_C,Mounter_04,FD_15,NZ_06,CHIP_1005,-9.57,-3.87,1.112,133.23,87.91,-68.98,3.47,252.8,4.16,B,Normal,0
PCB_01471,LOT_20260303,SMD_Line_B,Mounter_04,FD_22,NZ_04,IC_QFP_48,12.13,-11.56,0.284,119.08,85.33,-77.95,3.46,240.7,5.09,A,Normal,0
PCB_01472,LOT_20260303,SMD_Line_B,Mounter_04,FD_16,NZ_03,CAP_3216,-6.4,7.02,-0.509,135.12,75.75,-72.93,2.53,240.8,4.6,F,Tombstone,1
PCB_01473,LOT_20260303,SMD_Line_C,Mounter_03,FD_10,NZ_05,BGA_256,-9.54,22.2,0.545,117.79,100.97,-77.75,2.45,245.3,4.77,A,Normal,0
PCB_01474,LOT_20260303,SMD_Line_B,Mounter_03,FD_22,NZ_02,CAP_3216,11.76,-13.78,-0.588,114.06,110.36,-73.83,4.22,241.7,4.13,F,Tombstone,1
PCB_01475,LOT_20260303,SMD_Line_A,Mounter_03,FD_06,NZ_03,CHIP_0603,-13.07,-1.48,0.683,140.47,113.82,-67.98,3.89,237.5,4.54,A,Normal,0
PCB_01476,LOT_20260303,SMD_Line_B,Mounter_01,FD_17,NZ_01,CHIP_0603,-12.46,12.55,-0.397,150.53,110.05,-70.43,2.42,243.2,4.16,A,Normal,0
PCB_01477,LOT_20260303,SMD_Line_C,Mounter_02,FD_21,NZ_04,CHIP_1005,6.35,6.72,0.049,135.71,95.59,-74.16,3.44,254.1,4.59,F,Tombstone,1
PCB_01478,LOT_20260303,SMD_Line_C,Mounter_02,FD_22,NZ_07,CHIP_0603,16.8,7.33,0.939,111.57,122.31,-71.91,3.69,255.4,4.0,F,Tombstone,1
PCB_01479,LOT_20260303,SMD_Line_C,Mounter_01,FD_24,NZ_07,BGA_256,2.02,0.36,-0.158,117.76,88.61,-72.51,4.44,247.3,4.78,A,Normal,0
PCB_01480,LOT_20260303,SMD_Line_B,Mounter_01,FD_17,NZ_07,IC_QFP_48,-20.2,-31.36,0.827,152.94,88.05,-70.91,2.92,240.3,4.47,F,Tombstone,1
PCB_01481,LOT_20260303,SMD_Line_C,Mounter_04,FD_21,NZ_05,CAP_3216,8.56,3.04,-0.032,141.92,109.2,-74.19,3.81,241.7,3.97,F,Tombstone,1
PCB_01482,LOT_20260303,SMD_Line_A,Mounter_04,FD_19,NZ_06,CHIP_0603,-7.41,4.41,-0.039,113.09,116.87,-72.43,3.64,245.4,4.64,A,Normal,0
PCB_01483,LOT_20260303,SMD_Line_B,Mounter_03,FD_18,NZ_02,CHIP_1005,14.01,13.28,-0.399,119.3,121.51,-71.47,2.79,242.9,4.04,F,Tombstone,1
PCB_01484,LOT_20260303,SMD_Line_A,Mounter_03,FD_11,NZ_07,CHIP_1005,-4.75,-8.86,0.636,132.81,111.97,-70.51,2.99,245.7,3.58,A,Normal,0
PCB_01485,LOT_20260303,SMD_Line_A,Mounter_01,FD_24,NZ_07,CHIP_0603,14.3,19.86,-0.223,127.84,108.82,-71.23,2.75,245.2,4.06,F,Tombstone,1
PCB_01486,LOT_20260303,SMD_Line_A,Mounter_03,FD_07,NZ_01,CHIP_1005,-5.22,-3.66,0.857,161.34,109.75,-77.73,3.42,239.9,4.06,A,Normal,0
PCB_01487,LOT_20260303,SMD_Line_A,Mounter_02,FD_10,NZ_08,CHIP_1005,-8.61,-5.7,-0.282,119.03,96.66,-76.41,2.27,244.8,3.62,A,Normal,0
PCB_01488,LOT_20260303,SMD_Line_B,Mounter_01,FD_07,NZ_03,CHIP_1005,-23.97,-8.51,-0.205,138.99,,-69.82,3.07,246.9,4.45,A,Normal,0
PCB_01489,LOT_20260303,SMD_Line_A,Mounter_01,FD_05,NZ_07,CHIP_1005,-8.24,12.35,0.452,134.46,103.3,-72.89,2.99,243.4,4.41,A,Normal,0
PCB_01490,LOT_20260303,SMD_Line_B,Mounter_02,FD_12,NZ_04,CHIP_0603,2.22,-12.93,-0.049,105.1,79.65,-73.56,1.97,249.0,4.19,A,Normal,0
PCB_01491,LOT_20260303,SMD_Line_A,Mounter_04,FD_16,NZ_03,CHIP_1005,1.26,7.46,0.13,94.1,96.3,-72.88,3.39,245.2,4.61,A,Normal,0
PCB_01492,LOT_20260303,SMD_Line_A,Mounter_04,FD_21,NZ_06,CHIP_0603,7.65,-9.53,-0.589,124.23,93.63,-72.88,3.61,244.5,4.02,A,Normal,0
PCB_01493,LOT_20260303,SMD_Line_A,Mounter_02,FD_18,NZ_03,CHIP_0603,15.55,-0.52,0.05,136.28,107.0,-78.19,2.33,245.3,3.46,A,Normal,0
PCB_01494,LOT_20260303,SMD_Line_A,Mounter_02,FD_03,NZ_02,CHIP_0603,0.36,-17.99,0.167,153.85,102.64,-65.95,3.2,242.7,3.88,F,Tombstone,1
PCB_01495,LOT_20260303,SMD_Line_B,Mounter_03,FD_20,NZ_01,CHIP_0603,0.85,9.27,0.776,118.26,117.84,-72.39,2.37,246.7,3.78,B,Normal,0
PCB_01496,LOT_20260303,SMD_Line_B,Mounter_01,FD_15,NZ_05,CHIP_1005,13.91,-1.77,-0.215,137.12,109.87,-71.95,3.27,241.4,4.02,A,Normal,0
PCB_01497,LOT_20260303,SMD_Line_B,Mounter_03,FD_05,NZ_02,CHIP_0603,2.89,6.58,0.152,125.65,92.33,-71.72,3.9,255.0,4.25,A,Normal,0
PCB_01498,LOT_20260303,SMD_Line_B,Mounter_02,FD_13,NZ_06,CHIP_1005,-11.54,-2.11,0.545,155.91,,-68.63,2.9,253.5,5.21,A,Normal,0
PCB_01499,LOT_20260303,SMD_Line_A,Mounter_03,FD_19,NZ_04,IC_QFP_48,-6.53,6.23,0.019,129.4,79.27,-69.61,3.02,244.7,3.43,A,Normal,0
PCB_01500,LOT_20260303,SMD_Line_C,Mounter_02,FD_12,NZ_06,CHIP_1005,-26.62,-0.54,0.489,123.4,108.79,-72.26,4.47,247.4,4.64,B,Normal,0
PCB_01501,LOT_20260304,SMD_Line_B,Mounter_03,FD_23,NZ_06,BGA_256,-11.71,8.74,1.124,132.56,91.05,-75.05,2.75,247.5,3.7,B,Normal,0
PCB_01502,LOT_20260304,SMD_Line_B,Mounter_03,FD_21,NZ_03,CHIP_1005,-21.13,6.3,0.013,132.89,92.71,-67.67,2.64,247.5,4.43,A,Normal,0
PCB_01503,LOT_20260304,SMD_Line_A,Mounter_04,FD_05,NZ_04,CHIP_1005,4.39,2.32,0.596,150.95,116.12,-71.8,3.2,247.9,3.88,A,Normal,0
PCB_01504,LOT_20260304,SMD_Line_A,Mounter_02,FD_06,NZ_02,BGA_256,15.14,-10.62,0.232,130.08,,-69.92,4.65,248.2,4.32,A,Normal,0
PCB_01505,LOT_20260304,SMD_Line_A,Mounter_03,FD_07,NZ_06,CHIP_1005,-11.76,-5.16,0.386,136.45,97.68,-75.8,3.35,247.9,5.02,A,Normal,0
PCB_01506,LOT_20260304,SMD_Line_A,Mounter_01,FD_10,NZ_02,IC_QFP_48,-11.3,-9.11,0.317,105.19,112.2,-69.73,2.81,241.7,3.46,A,Normal,0
PCB_01507,LOT_20260304,SMD_Line_B,Mounter_03,FD_16,NZ_07,CHIP_1005,11.79,16.86,0.48,112.67,117.68,-76.99,3.56,246.9,4.36,B,Normal,0
PCB_01508,LOT_20260304,SMD_Line_B,Mounter_03,FD_08,NZ_07,CHIP_1005,-5.64,9.21,0.45,124.35,88.0,-73.39,3.65,241.9,4.38,A,Normal,0
PCB_01509,LOT_20260304,SMD_Line_B,Mounter_01,FD_09,NZ_07,IC_QFP_48,3.21,0.45,-0.032,131.56,91.44,-71.53,3.56,247.2,4.71,A,Normal,0
PCB_01510,LOT_20260304,SMD_Line_C,Mounter_02,FD_04,NZ_05,CHIP_0603,9.29,-6.63,-0.25,118.57,109.73,-65.92,3.67,248.9,4.24,A,Normal,0
PCB_01511,LOT_20260304,SMD_Line_C,Mounter_04,FD_21,NZ_03,CHIP_0603,-8.85,-9.32,0.191,134.25,103.68,-69.7,3.76,246.6,5.92,A,Normal,0
PCB_01512,LOT_20260304,SMD_Line_B,Mounter_04,FD_21,NZ_02,CHIP_0603,-8.61,1.45,-0.654,122.15,77.67,-66.97,3.12,248.1,4.79,B,Normal,0
PCB_01513,LOT_20260304,SMD_Line_C,Mounter_04,FD_08,NZ_07,CHIP_1005,-6.33,21.75,0.278,155.47,121.39,-70.39,3.12,245.9,4.52,B,Normal,0
PCB_01514,LOT_20260304,SMD_Line_A,Mounter_01,FD_07,NZ_07,CHIP_0603,-19.42,0.07,0.336,126.9,94.22,-75.88,3.7,252.8,4.38,A,Normal,0
PCB_01515,LOT_20260304,SMD_Line_A,Mounter_03,FD_15,NZ_04,CHIP_1005,6.08,14.18,-0.08,136.46,87.94,-75.86,1.73,246.7,4.5,A,Normal,0
PCB_01516,LOT_20260304,SMD_Line_A,Mounter_02,FD_21,NZ_06,IC_QFP_48,7.51,3.25,0.02,126.73,,-69.34,1.64,241.1,4.27,A,Normal,0
PCB_01517,LOT_20260304,SMD_Line_B,Mounter_03,FD_03,NZ_07,IC_QFP_48,1.0,6.64,0.41,128.6,110.82,-75.51,2.84,243.0,4.27,A,Normal,0
PCB_01518,LOT_20260304,SMD_Line_C,Mounter_04,FD_17,NZ_05,CHIP_1005,17.0,-5.62,0.336,138.2,113.62,-77.4,2.99,246.8,3.44,A,Normal,0
PCB_01519,LOT_20260304,SMD_Line_A,Mounter_03,FD_11,NZ_04,CAP_3216,-3.26,-2.33,0.417,132.07,100.69,-75.42,3.62,250.5,4.49,A,Normal,0
PCB_01520,LOT_20260304,SMD_Line_C,Mounter_01,FD_09,NZ_03,CHIP_1005,7.72,-9.8,0.35,122.17,130.43,-71.06,2.91,246.7,4.49,B,Normal,0
PCB_01521,LOT_20260304,SMD_Line_A,Mounter_01,FD_05,NZ_08,CHIP_1005,6.07,3.59,0.048,135.03,133.88,-74.78,3.9,245.9,4.38,B,Normal,0
PCB_01522,LOT_20260304,SMD_Line_C,Mounter_02,FD_10,NZ_08,BGA_256,-9.99,-2.87,-0.007,127.62,105.38,-67.61,3.29,240.3,4.39,A,Normal,0
PCB_01523,LOT_20260304,SMD_Line_A,Mounter_02,FD_15,NZ_05,IC_QFP_48,14.44,4.25,0.19,138.74,99.26,-70.51,2.73,253.0,4.58,A,Normal,0
PCB_01524,LOT_20260304,SMD_Line_A,Mounter_04,FD_14,NZ_05,IC_QFP_48,1.6,-11.63,0.654,147.21,95.96,-71.34,3.96,239.4,4.43,A,Normal,0
PCB_01525,LOT_20260304,SMD_Line_B,Mounter_02,FD_04,NZ_05,CHIP_0603,12.18,5.38,0.119,144.88,98.17,-70.64,3.37,238.5,4.24,A,Normal,0
PCB_01526,LOT_20260304,SMD_Line_A,Mounter_03,FD_21,NZ_06,CHIP_1005,-16.26,1.99,0.587,114.07,117.94,,2.42,243.0,4.37,B,Normal,0
PCB_01527,LOT_20260304,SMD_Line_A,Mounter_01,FD_20,NZ_08,BGA_256,1.37,1.62,-0.915,84.57,104.03,-69.84,3.66,247.5,4.82,F,Tombstone,1
PCB_01528,LOT_20260304,SMD_Line_A,Mounter_01,FD_02,NZ_07,CHIP_1005,-5.76,4.59,0.145,163.86,110.44,-74.86,3.66,243.3,4.93,A,Normal,0
PCB_01529,LOT_20260304,SMD_Line_C,Mounter_01,FD_12,NZ_01,IC_QFP_48,-10.64,-2.8,0.037,137.87,108.33,-67.59,2.43,242.4,3.71,A,Normal,0
PCB_01530,LOT_20260304,SMD_Line_B,Mounter_02,FD_01,NZ_05,CHIP_1005,17.62,44.92,-0.75,135.66,107.28,-69.8,3.26,241.5,4.0,F,Mount_Shift,1
PCB_01531,LOT_20260304,SMD_Line_A,Mounter_01,FD_24,NZ_04,BGA_256,2.44,5.53,-0.682,119.32,113.07,-73.38,3.56,252.4,4.68,A,Normal,0
PCB_01532,LOT_20260304,SMD_Line_B,Mounter_01,FD_20,NZ_08,CHIP_0603,-18.46,1.24,0.208,99.25,109.93,-69.3,2.2,246.4,4.48,A,Normal,0
PCB_01533,LOT_20260304,SMD_Line_B,Mounter_01,FD_05,NZ_04,CHIP_1005,-6.22,8.76,0.048,99.96,105.72,-76.66,3.83,248.8,3.88,A,Normal,0
PCB_01534,LOT_20260304,SMD_Line_A,Mounter_04,FD_06,NZ_03,CHIP_0603,11.74,-6.15,0.356,124.94,,-69.01,2.79,253.6,4.23,A,Normal,0
PCB_01535,LOT_20260304,SMD_Line_B,Mounter_04,FD_24,NZ_02,IC_QFP_48,-10.66,-6.54,-1.169,132.3,84.17,-70.99,2.68,253.5,4.59,B,Normal,0
PCB_01536,LOT_20260304,SMD_Line_A,Mounter_02,FD_11,NZ_02,IC_QFP_48,-11.94,9.44,0.481,155.28,103.4,-79.51,3.03,241.2,5.16,F,Tombstone,1
PCB_01537,LOT_20260304,SMD_Line_A,Mounter_01,FD_08,NZ_01,CHIP_0603,-1.84,10.49,0.485,133.65,,-65.01,3.62,246.0,5.38,A,Normal,0
PCB_01538,LOT_20260304,SMD_Line_B,Mounter_02,FD_07,NZ_06,IC_QFP_48,5.87,14.06,-0.622,140.05,,-76.57,3.8,248.3,3.29,A,Normal,0
PCB_01539,LOT_20260304,SMD_Line_A,Mounter_01,FD_04,NZ_07,CHIP_1005,-9.1,-16.82,0.634,122.01,80.39,-69.99,4.2,245.5,4.63,B,Normal,0
PCB_01540,LOT_20260304,SMD_Line_B,Mounter_01,FD_06,NZ_06,CHIP_0603,4.88,-1.49,0.806,123.13,102.8,-67.05,2.66,242.2,3.89,A,Normal,0
PCB_01541,LOT_20260304,SMD_Line_B,Mounter_01,FD_16,NZ_07,CHIP_1005,0.44,3.89,-0.6,107.9,105.79,-81.15,3.42,233.8,4.78,A,Normal,0
PCB_01542,LOT_20260304,SMD_Line_A,Mounter_02,FD_20,NZ_05,CHIP_0603,1.96,8.5,0.048,111.58,114.68,-71.19,3.61,250.7,3.51,A,Normal,0
PCB_01543,LOT_20260304,SMD_Line_B,Mounter_02,FD_15,NZ_08,CHIP_1005,-30.06,6.21,0.089,111.43,94.93,,3.49,252.8,3.86,B,Normal,0
PCB_01544,LOT_20260304,SMD_Line_A,Mounter_01,FD_14,NZ_07,CHIP_1005,0.2,-10.04,-0.809,124.55,133.48,-68.09,2.61,248.1,4.11,F,Solder_Bridge,1
PCB_01545,LOT_20260304,SMD_Line_C,Mounter_03,FD_23,NZ_08,IC_QFP_48,-3.13,6.07,-0.149,105.04,92.96,-67.74,3.35,244.9,4.54,A,Normal,0
PCB_01546,LOT_20260304,SMD_Line_B,Mounter_02,FD_12,NZ_01,IC_QFP_48,4.88,3.79,0.632,117.83,86.34,-68.76,3.39,242.7,4.01,A,Normal,0
PCB_01547,LOT_20260304,SMD_Line_C,Mounter_04,FD_12,NZ_03,CHIP_1005,-8.17,3.76,-0.387,129.41,107.27,-73.18,2.82,245.5,3.84,A,Normal,0
PCB_01548,LOT_20260304,SMD_Line_B,Mounter_02,FD_16,NZ_03,CHIP_0603,-4.64,-12.94,0.823,93.95,98.47,-70.39,3.49,250.6,3.35,A,Normal,0
PCB_01549,LOT_20260304,SMD_Line_A,Mounter_01,FD_15,NZ_02,CAP_3216,6.66,-11.03,0.166,152.23,122.1,-64.96,3.33,247.3,3.87,A,Normal,0
PCB_01550,LOT_20260304,SMD_Line_B,Mounter_03,FD_13,NZ_03,IC_QFP_48,18.07,21.38,-0.356,156.72,80.92,,2.39,235.9,4.54,B,Normal,0
PCB_01551,LOT_20260304,SMD_Line_C,Mounter_01,FD_11,NZ_05,CHIP_0603,-16.56,11.64,0.02,145.49,100.43,-74.33,3.58,251.7,4.94,A,Normal,0
PCB_01552,LOT_20260304,SMD_Line_B,Mounter_04,FD_17,NZ_04,BGA_256,6.41,-0.74,-0.659,135.88,109.82,-68.27,3.27,247.8,3.68,A,Normal,0
PCB_01553,LOT_20260304,SMD_Line_C,Mounter_02,FD_21,NZ_03,CHIP_0603,15.25,-0.54,0.193,134.89,92.0,-67.25,2.07,240.5,3.73,A,Normal,0
PCB_01554,LOT_20260304,SMD_Line_C,Mounter_02,FD_15,NZ_01,CHIP_1005,8.68,26.23,-0.087,137.97,83.29,-75.08,3.02,247.5,3.83,B,Normal,0
PCB_01555,LOT_20260304,SMD_Line_A,Mounter_01,FD_14,NZ_05,CHIP_1005,14.41,0.53,-0.192,131.29,,-72.07,3.27,245.9,4.14,A,Normal,0
PCB_01556,LOT_20260304,SMD_Line_A,Mounter_01,FD_10,NZ_03,CHIP_1005,-6.79,-1.38,-0.651,132.73,89.93,-73.0,2.77,245.9,4.3,A,Normal,0
PCB_01557,LOT_20260304,SMD_Line_B,Mounter_04,FD_12,NZ_06,BGA_256,15.46,-9.36,-0.036,105.08,112.53,-68.76,3.39,240.8,4.05,A,Normal,0
PCB_01558,LOT_20260304,SMD_Line_B,Mounter_03,FD_16,NZ_07,CHIP_1005,-9.06,-2.76,0.092,131.74,88.91,-73.43,3.03,243.9,3.41,A,Normal,0
PCB_01559,LOT_20260304,SMD_Line_C,Mounter_04,FD_15,NZ_03,CHIP_0603,0.69,-19.86,-0.617,137.48,96.17,-74.2,3.82,238.2,3.18,A,Normal,0
PCB_01560,LOT_20260304,SMD_Line_C,Mounter_03,FD_10,NZ_06,CAP_3216,-6.28,6.15,0.487,135.07,109.09,-68.18,3.36,250.1,3.95,A,Normal,0
PCB_01561,LOT_20260304,SMD_Line_A,Mounter_02,FD_04,NZ_05,CAP_3216,-5.78,14.86,0.125,147.22,,-76.22,4.34,241.4,4.47,A,Normal,0
PCB_01562,LOT_20260304,SMD_Line_A,Mounter_03,FD_23,NZ_03,IC_QFP_48,-21.52,14.99,-0.382,152.04,,-71.35,2.33,249.7,4.2,A,Normal,0
PCB_01563,LOT_20260304,SMD_Line_C,Mounter_03,FD_09,NZ_06,CHIP_1005,-24.65,-8.29,-0.043,122.12,106.37,-74.55,3.39,247.6,5.04,A,Normal,0
PCB_01564,LOT_20260304,SMD_Line_A,Mounter_02,FD_21,NZ_04,CHIP_0603,14.71,-27.08,0.377,112.99,73.93,-68.18,3.21,243.3,3.44,C,Normal,0
PCB_01565,LOT_20260304,SMD_Line_C,Mounter_02,FD_20,NZ_08,IC_QFP_48,-22.49,4.0,0.616,148.84,85.6,-74.14,3.45,241.9,4.25,B,Normal,0
PCB_01566,LOT_20260304,SMD_Line_B,Mounter_02,FD_09,NZ_02,CHIP_0603,3.13,15.56,0.714,139.98,120.95,-71.87,3.99,245.9,4.9,F,Tombstone,1
PCB_01567,LOT_20260304,SMD_Line_B,Mounter_04,FD_21,NZ_05,CHIP_0603,-16.24,-18.93,0.81,121.41,97.96,-80.37,2.34,249.6,4.05,F,Tombstone,1
PCB_01568,LOT_20260304,SMD_Line_A,Mounter_02,FD_24,NZ_06,CHIP_1005,-10.61,-4.41,-0.599,126.65,108.62,-71.99,3.56,248.4,3.56,A,Normal,0
PCB_01569,LOT_20260304,SMD_Line_B,Mounter_01,FD_20,NZ_01,CHIP_0603,8.55,4.22,-0.32,125.44,108.27,-72.62,3.4,247.4,2.85,A,Normal,0
PCB_01570,LOT_20260304,SMD_Line_B,Mounter_02,FD_11,NZ_08,CHIP_0603,2.03,-9.92,-0.631,134.06,95.87,-71.75,2.65,244.3,4.04,A,Normal,0
PCB_01571,LOT_20260304,SMD_Line_B,Mounter_02,FD_11,NZ_03,CHIP_1005,-1.59,-20.39,0.491,151.55,101.41,-67.44,3.91,248.4,3.94,A,Normal,0
PCB_01572,LOT_20260304,SMD_Line_A,Mounter_02,FD_07,NZ_06,CHIP_0603,14.31,-8.78,-0.078,116.57,85.93,-69.91,3.24,238.5,3.88,A,Normal,0
PCB_01573,LOT_20260304,SMD_Line_B,Mounter_03,FD_21,NZ_08,CHIP_0603,-3.62,-6.72,0.568,134.39,101.56,-70.62,2.75,246.0,4.35,A,Normal,0
PCB_01574,LOT_20260304,SMD_Line_C,Mounter_04,FD_10,NZ_07,CHIP_0603,15.37,-22.26,-0.638,133.84,,-74.59,3.46,245.0,5.11,B,Normal,0
PCB_01575,LOT_20260304,SMD_Line_A,Mounter_02,FD_04,NZ_08,CHIP_0603,-13.37,12.64,-0.31,100.2,125.1,-64.52,3.77,239.9,3.51,B,Normal,0
PCB_01576,LOT_20260304,SMD_Line_A,Mounter_04,FD_05,NZ_06,IC_QFP_48,-14.87,18.34,-0.359,167.57,91.59,-78.43,3.39,243.5,3.72,A,Normal,0
PCB_01577,LOT_20260304,SMD_Line_A,Mounter_01,FD_05,NZ_06,BGA_256,-1.73,0.35,0.557,133.14,106.16,-76.19,2.94,252.1,4.13,A,Normal,0
PCB_01578,LOT_20260304,SMD_Line_B,Mounter_01,FD_11,NZ_07,CHIP_1005,0.04,8.61,0.315,147.35,96.72,-74.68,2.72,247.4,4.56,A,Normal,0
PCB_01579,LOT_20260304,SMD_Line_B,Mounter_02,FD_09,NZ_02,CHIP_1005,-10.73,-17.45,-0.913,105.73,,-71.33,2.71,248.9,4.01,B,Normal,0
PCB_01580,LOT_20260304,SMD_Line_B,Mounter_01,FD_16,NZ_08,CHIP_0603,-3.45,-1.67,-0.21,158.91,83.72,-71.85,3.68,243.1,4.49,A,Normal,0
PCB_01581,LOT_20260304,SMD_Line_A,Mounter_04,FD_09,NZ_07,CHIP_0603,17.06,-6.83,0.432,124.71,,,3.77,237.9,3.48,A,Normal,0
PCB_01582,LOT_20260304,SMD_Line_A,Mounter_03,FD_22,NZ_07,CHIP_0603,-4.93,4.86,0.501,95.45,107.11,-71.38,3.05,251.3,4.22,A,Normal,0
PCB_01583,LOT_20260304,SMD_Line_B,Mounter_02,FD_04,NZ_08,CHIP_1005,-24.2,-31.84,0.186,108.67,102.82,-67.95,4.6,241.9,4.19,B,Normal,0
PCB_01584,LOT_20260304,SMD_Line_B,Mounter_01,FD_02,NZ_01,IC_QFP_48,-21.79,-3.59,0.081,111.57,105.95,-71.81,3.06,243.6,4.98,A,Normal,0
PCB_01585,LOT_20260304,SMD_Line_C,Mounter_04,FD_14,NZ_07,CHIP_1005,26.08,7.42,-0.419,118.4,90.05,-76.41,3.16,239.3,4.77,B,Normal,0
PCB_01586,LOT_20260304,SMD_Line_A,Mounter_04,FD_03,NZ_01,CHIP_1005,18.13,2.81,0.482,110.65,95.84,-72.36,2.96,250.8,4.26,A,Normal,0
PCB_01587,LOT_20260304,SMD_Line_B,Mounter_01,FD_18,NZ_04,CHIP_0603,-5.45,9.24,-0.539,142.16,99.77,-74.86,3.13,246.4,3.72,A,Normal,0
PCB_01588,LOT_20260304,SMD_Line_B,Mounter_04,FD_21,NZ_08,IC_QFP_48,10.13,-7.06,-0.725,132.69,109.36,-76.89,3.18,244.4,3.03,A,Normal,0
PCB_01589,LOT_20260304,SMD_Line_B,Mounter_04,FD_06,NZ_07,CHIP_1005,3.26,-33.32,0.093,137.67,116.76,,3.55,247.6,3.76,B,Normal,0
PCB_01590,LOT_20260304,SMD_Line_B,Mounter_02,FD_11,NZ_02,IC_QFP_48,15.88,12.97,-0.199,136.45,77.7,-75.17,3.08,243.4,5.29,B,Normal,0
PCB_01591,LOT_20260304,SMD_Line_B,Mounter_04,FD_21,NZ_07,CHIP_1005,-13.39,8.96,0.326,126.32,,-73.16,3.56,242.5,3.29,A,Normal,0
PCB_01592,LOT_20260304,SMD_Line_C,Mounter_01,FD_18,NZ_06,IC_QFP_48,-13.04,18.51,0.218,106.61,92.09,-70.52,2.24,240.0,3.74,A,Normal,0
PCB_01593,LOT_20260304,SMD_Line_A,Mounter_02,FD_12,NZ_05,CAP_3216,16.49,0.88,0.768,107.33,90.72,-70.88,2.83,239.5,4.26,F,Tombstone,1
PCB_01594,LOT_20260304,SMD_Line_A,Mounter_01,FD_05,NZ_02,CAP_3216,-18.67,4.91,0.182,107.97,103.2,-67.78,3.01,249.5,4.83,A,Normal,0
PCB_01595,LOT_20260304,SMD_Line_B,Mounter_03,FD_09,NZ_07,CHIP_1005,0.87,27.49,0.477,113.62,100.39,-78.02,3.05,250.3,3.56,A,Normal,0
PCB_01596,LOT_20260304,SMD_Line_B,Mounter_01,FD_20,NZ_02,CHIP_1005,-0.56,-21.84,-0.383,155.4,86.54,-72.72,2.1,237.9,4.43,A,Normal,0
PCB_01597,LOT_20260304,SMD_Line_A,Mounter_01,FD_18,NZ_08,CHIP_0603,9.8,5.25,0.32,107.56,85.95,-68.46,3.74,244.8,3.81,A,Normal,0
PCB_01598,LOT_20260304,SMD_Line_A,Mounter_02,FD_19,NZ_01,CAP_3216,1.75,14.37,-0.124,152.17,105.54,-77.88,2.32,245.4,3.59,A,Normal,0
PCB_01599,LOT_20260304,SMD_Line_A,Mounter_04,FD_03,NZ_04,CHIP_1005,-1.65,2.51,-0.222,114.19,86.9,-72.6,2.82,242.3,3.9,A,Normal,0
PCB_01600,LOT_20260304,SMD_Line_C,Mounter_01,FD_09,NZ_04,CHIP_0603,-4.76,0.78,-0.406,109.67,91.66,,3.18,241.6,4.18,A,Normal,0
PCB_01601,LOT_20260304,SMD_Line_A,Mounter_02,FD_04,NZ_08,CHIP_1005,-12.44,-17.51,0.694,136.32,111.08,-75.84,4.43,245.4,3.57,B,Normal,0
PCB_01602,LOT_20260304,SMD_Line_A,Mounter_03,FD_17,NZ_08,CHIP_0603,-2.08,17.31,-0.003,149.01,102.07,-74.37,3.17,242.1,4.76,A,Normal,0
PCB_01603,LOT_20260304,SMD_Line_A,Mounter_02,FD_17,NZ_02,CHIP_1005,14.56,12.61,-0.355,105.64,118.57,-76.16,3.47,245.1,4.92,B,Normal,0
PCB_01604,LOT_20260304,SMD_Line_A,Mounter_02,FD_23,NZ_08,CHIP_1005,-3.57,15.13,0.305,128.66,98.72,-71.02,2.31,240.5,3.84,A,Normal,0
PCB_01605,LOT_20260304,SMD_Line_A,Mounter_04,FD_23,NZ_02,CHIP_0603,17.58,-0.25,-0.198,147.81,126.79,-80.75,2.7,242.5,4.59,B,Normal,0
PCB_01606,LOT_20260304,SMD_Line_B,Mounter_01,FD_02,NZ_08,CHIP_0603,9.14,-3.78,-0.359,143.66,97.8,-74.68,2.78,243.8,3.44,A,Normal,0
PCB_01607,LOT_20260304,SMD_Line_A,Mounter_03,FD_09,NZ_07,CAP_3216,5.96,-0.08,1.306,106.83,114.37,-74.52,2.88,243.6,4.11,B,Normal,0
PCB_01608,LOT_20260304,SMD_Line_C,Mounter_02,FD_09,NZ_08,IC_QFP_48,-2.02,20.05,-0.544,126.93,89.92,-68.82,3.81,249.8,4.62,A,Normal,0
PCB_01609,LOT_20260304,SMD_Line_A,Mounter_01,FD_05,NZ_03,BGA_256,-7.86,-3.07,0.839,105.86,92.2,-77.47,2.87,242.7,4.56,A,Normal,0
PCB_01610,LOT_20260304,SMD_Line_B,Mounter_01,FD_15,NZ_06,CHIP_1005,21.02,17.49,-0.365,135.61,120.3,-67.46,3.57,249.0,4.27,F,Tombstone,1
PCB_01611,LOT_20260304,SMD_Line_C,Mounter_02,FD_15,NZ_01,IC_QFP_48,9.92,-1.74,0.282,132.48,91.66,-69.38,2.74,232.5,4.8,A,Normal,0
PCB_01612,LOT_20260304,SMD_Line_B,Mounter_01,FD_03,NZ_06,CHIP_1005,-1.74,-10.12,-0.046,138.48,97.39,-68.34,3.03,245.0,3.83,A,Normal,0
PCB_01613,LOT_20260304,SMD_Line_B,Mounter_02,FD_19,NZ_05,CHIP_0603,21.24,-24.51,0.331,115.67,92.06,-73.49,1.76,236.2,4.24,F,Tombstone,1
PCB_01614,LOT_20260304,SMD_Line_A,Mounter_02,FD_03,NZ_05,CHIP_0603,7.86,6.77,-0.622,119.51,113.49,-73.47,3.16,250.2,4.23,A,Normal,0
PCB_01615,LOT_20260304,SMD_Line_A,Mounter_02,FD_06,NZ_04,CHIP_0603,-17.76,9.06,-0.677,144.83,85.49,-74.75,3.19,253.5,4.41,B,Normal,0
PCB_01616,LOT_20260304,SMD_Line_B,Mounter_03,FD_04,NZ_01,CHIP_0603,-5.33,-13.58,0.345,145.46,115.69,-69.97,3.08,244.8,4.5,A,Normal,0
PCB_01617,LOT_20260304,SMD_Line_C,Mounter_02,FD_24,NZ_06,CAP_3216,9.09,17.43,-0.801,155.08,102.94,-73.23,4.38,252.2,3.55,A,Normal,0
PCB_01618,LOT_20260304,SMD_Line_B,Mounter_04,FD_13,NZ_04,CHIP_0603,18.84,-16.3,-0.526,151.32,102.24,-74.83,3.16,241.7,4.54,A,Normal,0
PCB_01619,LOT_20260304,SMD_Line_B,Mounter_01,FD_13,NZ_05,CHIP_1005,29.52,8.36,-0.04,105.27,99.31,-73.24,1.57,249.1,3.6,B,Normal,0
PCB_01620,LOT_20260304,SMD_Line_B,Mounter_03,FD_11,NZ_02,CHIP_1005,0.32,8.94,-0.582,148.36,115.01,-70.7,2.47,248.6,4.66,A,Normal,0
PCB_01621,LOT_20260304,SMD_Line_B,Mounter_01,FD_05,NZ_01,CHIP_0603,7.7,12.66,-0.525,129.48,97.37,-76.42,3.17,244.4,5.08,A,Normal,0
PCB_01622,LOT_20260304,SMD_Line_A,Mounter_03,FD_01,NZ_01,CHIP_1005,-7.64,-23.26,-0.185,140.91,91.47,-75.33,3.15,245.0,3.95,A,Normal,0
PCB_01623,LOT_20260304,SMD_Line_B,Mounter_04,FD_09,NZ_08,CHIP_0603,-11.09,12.59,-0.983,124.93,106.25,-67.28,2.71,246.4,3.73,B,Normal,0
PCB_01624,LOT_20260304,SMD_Line_C,Mounter_03,FD_17,NZ_08,IC_QFP_48,-21.07,-1.71,-0.63,116.28,98.97,-75.17,2.59,245.9,5.03,A,Normal,0
PCB_01625,LOT_20260304,SMD_Line_A,Mounter_03,FD_22,NZ_06,CHIP_0603,4.87,-4.02,0.603,125.73,123.53,-66.93,4.03,246.4,4.17,B,Normal,0
PCB_01626,LOT_20260304,SMD_Line_B,Mounter_03,FD_01,NZ_08,CHIP_1005,15.81,9.74,0.431,130.97,110.94,-73.85,3.79,254.0,3.53,A,Normal,0
PCB_01627,LOT_20260304,SMD_Line_A,Mounter_01,FD_03,NZ_08,IC_QFP_48,9.7,11.34,1.019,134.35,104.16,-76.74,3.88,253.4,3.74,A,Normal,0
PCB_01628,LOT_20260304,SMD_Line_B,Mounter_02,FD_15,NZ_07,BGA_256,1.09,-23.47,0.268,144.6,117.21,-67.2,2.82,248.6,3.77,B,Normal,0
PCB_01629,LOT_20260304,SMD_Line_A,Mounter_01,FD_21,NZ_03,BGA_256,15.3,-15.22,0.586,114.43,82.59,-65.89,3.62,253.7,4.8,B,Normal,0
PCB_01630,LOT_20260304,SMD_Line_B,Mounter_02,FD_23,NZ_06,CHIP_1005,36.88,14.15,-0.19,113.13,106.73,-74.03,1.66,240.4,3.69,B,Normal,0
PCB_01631,LOT_20260304,SMD_Line_C,Mounter_01,FD_10,NZ_08,CHIP_1005,-10.4,5.6,-0.084,105.55,101.22,-68.18,2.95,248.5,3.03,A,Normal,0
PCB_01632,LOT_20260304,SMD_Line_A,Mounter_04,FD_08,NZ_02,CHIP_1005,-30.29,2.14,0.186,126.67,97.56,-71.64,2.87,248.6,4.17,B,Normal,0
PCB_01633,LOT_20260304,SMD_Line_B,Mounter_04,FD_12,NZ_07,IC_QFP_48,4.28,-11.63,-0.852,116.88,96.63,-71.45,3.05,243.3,4.35,A,Normal,0
PCB_01634,LOT_20260304,SMD_Line_C,Mounter_03,FD_22,NZ_07,BGA_256,13.53,5.18,0.246,125.03,113.36,-70.9,3.27,254.1,4.49,A,Normal,0
PCB_01635,LOT_20260304,SMD_Line_C,Mounter_04,FD_15,NZ_07,CHIP_0603,-19.34,14.38,-0.281,130.37,77.66,-71.93,3.1,251.8,2.84,B,Normal,0
PCB_01636,LOT_20260304,SMD_Line_A,Mounter_03,FD_09,NZ_02,CHIP_1005,10.41,27.35,-0.205,103.26,105.67,-71.64,2.52,247.3,4.11,B,Normal,0
PCB_01637,LOT_20260304,SMD_Line_A,Mounter_02,FD_24,NZ_04,IC_QFP_48,-4.21,-4.18,0.449,121.67,82.83,-71.98,2.75,242.0,3.98,A,Normal,0
PCB_01638,LOT_20260304,SMD_Line_A,Mounter_04,FD_10,NZ_01,CHIP_1005,4.21,10.35,-0.698,135.44,97.06,-74.02,3.51,238.5,4.41,A,Normal,0
PCB_01639,LOT_20260304,SMD_Line_C,Mounter_02,FD_20,NZ_04,CHIP_0603,-11.49,21.89,0.025,131.03,99.4,-74.48,3.41,240.7,3.21,A,Normal,0
PCB_01640,LOT_20260304,SMD_Line_C,Mounter_01,FD_09,NZ_02,CHIP_1005,-12.26,-17.09,0.202,124.39,119.4,-76.02,4.16,251.9,4.28,B,Normal,0
PCB_01641,LOT_20260304,SMD_Line_B,Mounter_02,FD_15,NZ_03,CHIP_1005,-13.81,21.23,-0.239,129.47,93.6,-78.6,3.39,243.9,4.29,A,Normal,0
PCB_01642,LOT_20260304,SMD_Line_C,Mounter_01,FD_23,NZ_01,CAP_3216,8.34,2.37,0.017,125.92,100.65,-72.32,4.09,249.8,4.77,A,Normal,0
PCB_01643,LOT_20260304,SMD_Line_B,Mounter_02,FD_21,NZ_02,CHIP_1005,-7.8,0.88,0.038,115.05,,-74.95,2.33,246.5,4.38,A,Normal,0
PCB_01644,LOT_20260304,SMD_Line_B,Mounter_02,FD_21,NZ_03,CHIP_0603,3.37,-6.39,0.404,112.52,106.07,-77.73,3.55,236.5,4.55,A,Normal,0
PCB_01645,LOT_20260304,SMD_Line_A,Mounter_04,FD_01,NZ_06,CHIP_0603,0.37,-4.29,-0.082,170.31,84.03,-74.88,3.65,243.9,3.58,A,Normal,0
PCB_01646,LOT_20260304,SMD_Line_C,Mounter_02,FD_02,NZ_05,CHIP_0603,-14.75,-8.79,-0.564,139.43,78.66,-73.86,3.49,241.0,4.15,B,Normal,0
PCB_01647,LOT_20260304,SMD_Line_A,Mounter_04,FD_19,NZ_07,CHIP_1005,0.95,-11.25,-0.26,146.22,81.89,-73.92,2.48,248.5,4.85,A,Normal,0
PCB_01648,LOT_20260304,SMD_Line_C,Mounter_04,FD_14,NZ_08,CHIP_1005,2.96,5.31,-0.157,139.06,96.59,-67.13,3.39,248.7,3.95,A,Normal,0
PCB_01649,LOT_20260304,SMD_Line_C,Mounter_03,FD_08,NZ_02,CHIP_0603,13.28,13.13,-0.36,150.89,97.19,-74.08,2.98,244.2,4.59,A,Normal,0
PCB_01650,LOT_20260304,SMD_Line_B,Mounter_03,FD_06,NZ_05,IC_QFP_48,18.68,-12.36,0.085,138.6,113.62,,3.55,251.5,3.72,A,Normal,0
PCB_01651,LOT_20260304,SMD_Line_A,Mounter_01,FD_12,NZ_04,IC_QFP_48,-12.74,-8.2,0.064,98.43,118.27,-74.63,3.15,249.5,4.08,A,Normal,0
PCB_01652,LOT_20260304,SMD_Line_A,Mounter_02,FD_15,NZ_05,CHIP_0603,4.44,3.02,0.04,117.43,117.98,-70.31,2.86,243.2,3.39,F,Tombstone,1
PCB_01653,LOT_20260304,SMD_Line_A,Mounter_01,FD_14,NZ_02,CHIP_0603,-27.72,-13.15,-0.404,133.54,113.81,-75.5,4.57,247.3,4.15,F,Tombstone,1
PCB_01654,LOT_20260304,SMD_Line_A,Mounter_02,FD_21,NZ_05,CAP_3216,10.64,2.88,0.058,133.13,124.91,-66.0,2.75,241.7,3.78,B,Normal,0
PCB_01655,LOT_20260304,SMD_Line_A,Mounter_03,FD_01,NZ_07,CHIP_1005,13.72,-3.18,0.58,131.97,105.46,-67.71,3.37,243.6,4.77,A,Normal,0
PCB_01656,LOT_20260304,SMD_Line_C,Mounter_03,FD_11,NZ_01,IC_QFP_48,-33.4,-19.33,0.133,113.26,105.64,-69.38,3.53,247.6,5.21,B,Normal,0
PCB_01657,LOT_20260304,SMD_Line_B,Mounter_02,FD_03,NZ_02,CHIP_1005,-4.24,5.57,0.483,121.58,121.92,-65.08,3.02,245.2,3.33,A,Normal,0
PCB_01658,LOT_20260304,SMD_Line_A,Mounter_02,FD_19,NZ_03,IC_QFP_48,-11.21,-6.62,0.049,133.71,86.63,-68.95,3.88,239.0,3.58,A,Normal,0
PCB_01659,LOT_20260304,SMD_Line_A,Mounter_03,FD_18,NZ_05,IC_QFP_48,-4.27,12.1,-0.287,130.54,111.28,-70.47,3.72,246.7,4.66,A,Normal,0
PCB_01660,LOT_20260304,SMD_Line_B,Mounter_03,FD_20,NZ_01,IC_QFP_48,-6.75,-2.31,0.387,141.63,99.43,-76.74,2.19,243.7,3.81,A,Normal,0
PCB_01661,LOT_20260304,SMD_Line_B,Mounter_01,FD_02,NZ_07,BGA_256,-0.55,-8.39,-0.633,113.88,116.0,-80.25,3.57,241.7,4.15,A,Normal,0
PCB_01662,LOT_20260304,SMD_Line_B,Mounter_03,FD_07,NZ_04,CAP_3216,12.34,-0.39,-0.251,137.29,,-76.53,4.26,240.4,4.95,A,Normal,0
PCB_01663,LOT_20260304,SMD_Line_C,Mounter_02,FD_08,NZ_04,CHIP_1005,-3.92,14.66,-0.064,121.41,98.03,-77.9,2.74,244.2,4.97,A,Normal,0
PCB_01664,LOT_20260304,SMD_Line_B,Mounter_01,FD_19,NZ_07,CHIP_0603,-12.34,21.73,0.294,124.66,85.54,-74.8,2.37,246.1,3.54,B,Normal,0
PCB_01665,LOT_20260304,SMD_Line_C,Mounter_02,FD_22,NZ_05,CHIP_1005,-2.47,7.0,0.574,129.16,116.19,-68.17,3.02,244.0,5.16,A,Normal,0
PCB_01666,LOT_20260304,SMD_Line_C,Mounter_04,FD_15,NZ_04,IC_QFP_48,-3.17,-6.95,0.381,104.03,94.32,-75.73,3.18,246.3,4.53,A,Normal,0
PCB_01667,LOT_20260304,SMD_Line_A,Mounter_01,FD_10,NZ_03,IC_QFP_48,-1.08,0.38,0.336,131.91,101.45,-73.62,3.22,243.9,4.7,A,Normal,0
PCB_01668,LOT_20260304,SMD_Line_C,Mounter_02,FD_22,NZ_02,CHIP_0603,-7.85,-1.16,0.389,148.87,86.57,-71.8,3.83,247.5,3.86,A,Normal,0
PCB_01669,LOT_20260304,SMD_Line_A,Mounter_03,FD_01,NZ_01,CHIP_0603,4.53,-1.77,0.452,111.76,95.67,-71.68,2.78,244.4,3.81,F,Tombstone,1
PCB_01670,LOT_20260304,SMD_Line_C,Mounter_04,FD_06,NZ_06,IC_QFP_48,16.17,-3.0,-0.512,157.87,112.2,-74.08,3.52,238.1,3.33,A,Normal,0
PCB_01671,LOT_20260304,SMD_Line_A,Mounter_02,FD_13,NZ_05,CHIP_0603,-15.86,-11.39,0.992,120.29,104.62,-67.84,3.66,240.0,3.58,B,Normal,0
PCB_01672,LOT_20260304,SMD_Line_C,Mounter_01,FD_14,NZ_04,CHIP_1005,5.63,11.51,0.499,138.84,90.98,-71.91,3.26,242.8,4.54,A,Normal,0
PCB_01673,LOT_20260304,SMD_Line_C,Mounter_02,FD_03,NZ_02,IC_QFP_48,12.0,10.16,-0.081,110.15,77.45,-71.4,2.83,250.3,4.43,B,Normal,0
PCB_01674,LOT_20260304,SMD_Line_C,Mounter_04,FD_11,NZ_06,CHIP_1005,-5.42,0.27,0.167,162.39,108.26,-63.34,2.51,241.0,4.59,F,Missing_Component,1
PCB_01675,LOT_20260304,SMD_Line_C,Mounter_01,FD_03,NZ_03,CHIP_0603,15.65,14.85,-0.591,114.1,95.02,-65.92,2.28,246.7,4.32,A,Normal,0
PCB_01676,LOT_20260304,SMD_Line_A,Mounter_04,FD_19,NZ_04,CHIP_0603,-0.76,6.97,-0.117,133.11,102.1,-71.93,2.32,246.7,4.19,A,Normal,0
PCB_01677,LOT_20260304,SMD_Line_A,Mounter_02,FD_10,NZ_04,CHIP_0603,-14.07,-13.17,-0.154,121.96,98.36,-70.09,2.23,239.9,3.85,A,Normal,0
PCB_01678,LOT_20260304,SMD_Line_B,Mounter_03,FD_15,NZ_01,CHIP_0603,-15.89,-4.18,-0.191,129.25,,-75.23,4.11,243.9,4.06,A,Normal,0
PCB_01679,LOT_20260304,SMD_Line_A,Mounter_03,FD_11,NZ_03,CHIP_1005,9.81,17.47,0.366,131.68,107.44,-79.31,3.09,245.6,4.65,A,Normal,0
PCB_01680,LOT_20260304,SMD_Line_B,Mounter_02,FD_15,NZ_03,CHIP_1005,8.66,-4.26,0.047,125.11,89.58,-69.61,4.43,243.8,4.61,A,Normal,0
PCB_01681,LOT_20260304,SMD_Line_A,Mounter_02,FD_24,NZ_05,CHIP_0603,19.55,-8.18,-0.537,119.8,101.8,-75.7,3.42,247.4,4.32,A,Normal,0
PCB_01682,LOT_20260304,SMD_Line_C,Mounter_02,FD_13,NZ_06,CHIP_0603,8.38,8.52,-0.529,129.29,104.98,-70.02,2.28,247.2,3.73,A,Normal,0
PCB_01683,LOT_20260304,SMD_Line_B,Mounter_01,FD_05,NZ_01,CHIP_0603,-1.24,-3.31,-0.884,128.97,116.17,-64.48,3.08,245.9,3.96,B,Normal,0
PCB_01684,LOT_20260304,SMD_Line_C,Mounter_04,FD_04,NZ_05,CAP_3216,6.03,6.62,0.396,134.86,100.63,-78.57,3.58,248.9,3.52,A,Normal,0
PCB_01685,LOT_20260304,SMD_Line_A,Mounter_04,FD_13,NZ_01,CHIP_1005,0.9,-0.43,-0.101,137.27,85.7,-79.98,3.39,245.0,4.02,A,Normal,0
PCB_01686,LOT_20260304,SMD_Line_C,Mounter_04,FD_09,NZ_03,BGA_256,-4.16,-9.4,0.34,142.16,108.1,-75.21,2.94,245.5,3.36,A,Normal,0
PCB_01687,LOT_20260304,SMD_Line_C,Mounter_02,FD_17,NZ_01,BGA_256,-6.87,-8.18,1.413,138.42,89.34,-69.16,3.73,246.2,4.03,B,Normal,0
PCB_01688,LOT_20260304,SMD_Line_B,Mounter_04,FD_02,NZ_01,CHIP_1005,-21.54,-19.89,-0.404,131.98,91.96,-67.62,2.57,240.4,3.86,B,Normal,0
PCB_01689,LOT_20260304,SMD_Line_B,Mounter_02,FD_24,NZ_01,IC_QFP_48,-9.28,-13.04,0.147,126.15,94.0,-69.17,3.3,247.4,4.19,A,Normal,0
PCB_01690,LOT_20260304,SMD_Line_C,Mounter_01,FD_05,NZ_08,CHIP_0603,-0.25,7.41,0.649,107.01,97.78,-70.99,3.67,242.4,3.81,A,Normal,0
PCB_01691,LOT_20260304,SMD_Line_A,Mounter_03,FD_16,NZ_02,IC_QFP_48,-33.83,14.23,-0.22,132.33,115.51,-71.94,2.97,244.1,4.57,B,Normal,0
PCB_01692,LOT_20260304,SMD_Line_B,Mounter_02,FD_07,NZ_02,CHIP_0603,-6.44,-7.2,-0.153,146.42,107.82,-71.57,3.5,247.3,3.38,F,Tombstone,1
PCB_01693,LOT_20260304,SMD_Line_A,Mounter_02,FD_01,NZ_06,BGA_256,11.51,-16.22,0.239,118.49,86.8,-67.86,3.12,246.9,3.4,A,Normal,0
PCB_01694,LOT_20260304,SMD_Line_A,Mounter_03,FD_12,NZ_06,CHIP_0603,16.79,13.43,1.144,119.98,118.15,,3.32,239.0,4.06,F,Tombstone,1
PCB_01695,LOT_20260304,SMD_Line_A,Mounter_03,FD_21,NZ_07,IC_QFP_48,-6.59,13.78,0.286,149.58,112.73,-71.85,3.45,239.1,4.33,A,Normal,0
PCB_01696,LOT_20260304,SMD_Line_A,Mounter_01,FD_11,NZ_03,CHIP_0603,-7.06,8.53,-0.379,154.49,,-76.04,3.02,240.8,3.99,A,Normal,0
PCB_01697,LOT_20260304,SMD_Line_A,Mounter_04,FD_12,NZ_01,BGA_256,-9.0,-17.12,-0.325,117.48,72.19,-70.74,4.03,245.8,4.04,F,Tombstone,1
PCB_01698,LOT_20260304,SMD_Line_A,Mounter_02,FD_19,NZ_03,CHIP_0603,-6.98,6.08,-0.22,168.27,89.87,-71.94,3.35,250.5,4.25,F,Tombstone,1
PCB_01699,LOT_20260304,SMD_Line_C,Mounter_04,FD_12,NZ_02,IC_QFP_48,14.28,6.51,-0.819,136.26,100.11,-62.95,3.53,243.0,4.45,B,Normal,0
PCB_01700,LOT_20260304,SMD_Line_B,Mounter_02,FD_12,NZ_08,CHIP_1005,20.37,10.63,-0.072,143.85,119.87,-77.17,3.88,241.0,3.99,B,Normal,0
PCB_01701,LOT_20260304,SMD_Line_C,Mounter_01,FD_14,NZ_01,CHIP_1005,-21.11,1.78,0.003,124.72,115.91,-68.72,3.55,241.1,4.29,A,Normal,0
PCB_01702,LOT_20260304,SMD_Line_B,Mounter_03,FD_02,NZ_05,CHIP_1005,-10.14,-8.85,0.021,133.87,88.41,-73.79,2.63,246.8,4.69,A,Normal,0
PCB_01703,LOT_20260304,SMD_Line_A,Mounter_01,FD_02,NZ_02,CAP_3216,-23.29,-4.77,-0.652,136.39,79.84,-69.11,3.63,249.5,3.52,B,Normal,0
PCB_01704,LOT_20260304,SMD_Line_B,Mounter_03,FD_04,NZ_02,CHIP_0603,-0.36,13.89,0.155,116.51,97.81,-69.38,3.35,249.3,4.83,A,Normal,0
PCB_01705,LOT_20260304,SMD_Line_B,Mounter_04,FD_20,NZ_02,CAP_3216,-6.1,4.48,-0.443,154.8,101.68,-73.01,2.78,242.2,4.79,A,Normal,0
PCB_01706,LOT_20260304,SMD_Line_A,Mounter_04,FD_23,NZ_07,CHIP_1005,4.49,-15.44,-0.108,129.41,85.11,-75.61,3.88,238.6,3.78,F,Tombstone,1
PCB_01707,LOT_20260304,SMD_Line_B,Mounter_01,FD_16,NZ_01,BGA_256,8.29,20.14,-0.334,122.5,89.55,-75.7,2.58,245.4,4.46,A,Normal,0
PCB_01708,LOT_20260304,SMD_Line_A,Mounter_03,FD_10,NZ_06,CHIP_1005,6.9,13.64,0.52,112.62,125.39,-71.63,2.87,251.2,3.43,B,Normal,0
PCB_01709,LOT_20260304,SMD_Line_B,Mounter_01,FD_13,NZ_04,CHIP_1005,-20.57,19.62,-0.308,138.44,95.51,-74.53,2.95,246.8,4.35,A,Normal,0
PCB_01710,LOT_20260304,SMD_Line_B,Mounter_03,FD_02,NZ_05,BGA_256,-0.32,13.38,0.606,133.84,96.39,-72.81,2.43,239.3,4.88,A,Normal,0
PCB_01711,LOT_20260304,SMD_Line_A,Mounter_03,FD_03,NZ_05,CHIP_1005,-21.2,-10.96,0.061,115.37,133.92,-76.34,3.19,244.7,3.68,F,Solder_Bridge,1
PCB_01712,LOT_20260304,SMD_Line_A,Mounter_04,FD_19,NZ_03,CHIP_1005,21.71,3.89,0.189,132.1,95.94,,2.8,240.8,3.82,A,Normal,0
PCB_01713,LOT_20260304,SMD_Line_C,Mounter_04,FD_06,NZ_01,CHIP_0603,-4.43,7.12,0.037,137.32,87.86,-75.12,3.34,246.4,4.38,A,Normal,0
PCB_01714,LOT_20260304,SMD_Line_B,Mounter_03,FD_19,NZ_06,CHIP_0603,-17.08,-15.86,-0.384,124.08,91.49,-73.46,4.24,244.8,4.03,F,Tombstone,1
PCB_01715,LOT_20260304,SMD_Line_A,Mounter_03,FD_21,NZ_02,CHIP_1005,-6.8,-13.83,0.183,135.6,103.5,-67.39,3.18,243.9,4.3,A,Normal,0
PCB_01716,LOT_20260304,SMD_Line_C,Mounter_03,FD_20,NZ_04,IC_QFP_48,2.6,8.77,-0.193,130.07,94.3,-71.48,3.49,242.4,5.42,A,Normal,0
PCB_01717,LOT_20260304,SMD_Line_A,Mounter_04,FD_19,NZ_01,CHIP_1005,9.17,9.71,0.143,126.71,98.44,-69.36,3.19,246.8,3.99,A,Normal,0
PCB_01718,LOT_20260304,SMD_Line_B,Mounter_04,FD_08,NZ_01,CHIP_0603,16.25,27.94,0.272,115.6,99.48,-75.34,3.01,250.0,3.42,B,Normal,0
PCB_01719,LOT_20260304,SMD_Line_C,Mounter_02,FD_14,NZ_07,CHIP_1005,0.79,-3.07,0.858,132.99,137.77,-71.03,3.64,251.8,3.87,C,Normal,0
PCB_01720,LOT_20260304,SMD_Line_A,Mounter_03,FD_10,NZ_06,CHIP_1005,-4.17,-19.86,0.212,98.89,108.55,-70.49,2.64,246.7,4.29,A,Normal,0
PCB_01721,LOT_20260304,SMD_Line_A,Mounter_02,FD_03,NZ_04,CHIP_1005,8.56,-1.78,0.43,151.57,88.59,-75.38,3.8,250.3,3.56,A,Normal,0
PCB_01722,LOT_20260304,SMD_Line_A,Mounter_03,FD_06,NZ_02,BGA_256,8.22,9.95,0.297,147.81,97.91,-71.79,2.74,240.8,3.86,A,Normal,0
PCB_01723,LOT_20260304,SMD_Line_A,Mounter_04,FD_15,NZ_01,IC_QFP_48,1.48,-4.3,-0.101,114.63,109.64,-73.47,4.01,243.6,4.79,A,Normal,0
PCB_01724,LOT_20260304,SMD_Line_A,Mounter_02,FD_23,NZ_05,CHIP_0603,10.12,1.2,0.306,108.42,112.99,-71.05,2.98,241.0,5.02,F,Tombstone,1
PCB_01725,LOT_20260304,SMD_Line_B,Mounter_02,FD_23,NZ_08,BGA_256,-7.63,-7.58,-0.056,147.54,80.75,-76.63,2.71,242.9,4.0,A,Normal,0
PCB_01726,LOT_20260304,SMD_Line_A,Mounter_01,FD_18,NZ_05,CHIP_1005,-0.3,14.08,-0.186,127.51,82.99,-75.67,3.26,240.7,4.02,A,Normal,0
PCB_01727,LOT_20260304,SMD_Line_B,Mounter_03,FD_14,NZ_04,IC_QFP_48,-25.41,8.79,-0.49,130.9,105.64,-76.88,2.26,251.8,3.59,B,Normal,0
PCB_01728,LOT_20260304,SMD_Line_C,Mounter_04,FD_19,NZ_08,CHIP_0603,17.37,-9.68,0.294,130.36,92.35,-76.03,2.56,243.4,4.33,A,Normal,0
PCB_01729,LOT_20260304,SMD_Line_C,Mounter_01,FD_10,NZ_02,IC_QFP_48,-6.15,-6.16,-0.256,110.29,90.66,-74.19,3.48,244.4,5.4,A,Normal,0
PCB_01730,LOT_20260304,SMD_Line_B,Mounter_01,FD_15,NZ_04,CHIP_0603,17.44,-8.02,0.283,141.78,102.24,-70.2,3.91,238.5,4.02,A,Normal,0
PCB_01731,LOT_20260304,SMD_Line_A,Mounter_03,FD_04,NZ_01,CHIP_1005,-8.2,-21.94,0.002,136.73,109.49,-71.68,2.85,236.6,4.03,A,Normal,0
PCB_01732,LOT_20260304,SMD_Line_B,Mounter_01,FD_23,NZ_07,CHIP_0603,3.78,-8.99,-0.128,130.28,97.13,-71.69,3.97,252.1,4.45,A,Normal,0
PCB_01733,LOT_20260304,SMD_Line_B,Mounter_03,FD_02,NZ_07,CHIP_0603,0.68,-20.92,-0.389,95.97,,-75.42,2.95,244.0,3.97,A,Normal,0
PCB_01734,LOT_20260304,SMD_Line_B,Mounter_01,FD_03,NZ_05,CHIP_0603,-7.52,11.02,0.585,137.55,93.66,-72.08,3.31,254.6,3.98,A,Normal,0
PCB_01735,LOT_20260304,SMD_Line_A,Mounter_03,FD_07,NZ_07,CHIP_0603,6.0,11.95,-0.177,135.67,86.08,-67.6,3.31,244.4,4.89,F,Tombstone,1
PCB_01736,LOT_20260304,SMD_Line_C,Mounter_04,FD_23,NZ_03,CHIP_0603,15.96,-3.53,0.714,128.58,106.74,-70.97,4.12,239.8,3.55,F,Tombstone,1
PCB_01737,LOT_20260304,SMD_Line_B,Mounter_03,FD_16,NZ_04,IC_QFP_48,22.37,2.42,-0.368,144.48,124.61,-69.16,3.73,245.1,3.66,B,Normal,0
PCB_01738,LOT_20260304,SMD_Line_A,Mounter_03,FD_10,NZ_07,CHIP_0603,9.28,12.64,0.678,146.93,103.46,-73.77,3.08,245.3,4.52,A,Normal,0
PCB_01739,LOT_20260304,SMD_Line_A,Mounter_02,FD_19,NZ_03,CHIP_1005,-15.13,9.25,0.038,135.04,105.29,-73.68,4.66,245.6,4.13,A,Normal,0
PCB_01740,LOT_20260304,SMD_Line_B,Mounter_04,FD_17,NZ_03,CHIP_0603,-17.57,23.66,0.387,107.32,109.76,-70.17,3.17,244.7,3.66,B,Normal,0
PCB_01741,LOT_20260304,SMD_Line_C,Mounter_04,FD_19,NZ_06,CAP_3216,14.24,3.06,-0.585,111.02,116.18,-75.28,3.21,238.6,4.35,A,Normal,0
PCB_01742,LOT_20260304,SMD_Line_B,Mounter_04,FD_05,NZ_05,CAP_3216,-12.47,17.14,-0.587,119.53,93.02,-72.42,3.4,238.6,4.03,A,Normal,0
PCB_01743,LOT_20260304,SMD_Line_C,Mounter_01,FD_23,NZ_04,CHIP_0603,7.7,1.12,0.116,126.27,99.36,-71.35,2.95,249.9,4.29,A,Normal,0
PCB_01744,LOT_20260304,SMD_Line_A,Mounter_02,FD_20,NZ_03,CHIP_1005,1.67,-1.41,-0.456,142.62,,-73.37,4.03,253.3,4.06,A,Normal,0
PCB_01745,LOT_20260304,SMD_Line_B,Mounter_04,FD_13,NZ_01,CHIP_0603,16.48,8.01,0.598,134.94,88.7,-74.96,3.14,243.8,3.46,A,Normal,0
PCB_01746,LOT_20260304,SMD_Line_B,Mounter_01,FD_13,NZ_07,CAP_3216,6.37,6.52,0.164,127.51,81.89,-74.28,3.59,237.3,4.73,A,Normal,0
PCB_01747,LOT_20260304,SMD_Line_A,Mounter_01,FD_11,NZ_06,CHIP_1005,-0.38,-7.17,-0.29,139.43,94.42,-76.82,1.55,250.1,5.05,A,Normal,0
PCB_01748,LOT_20260304,SMD_Line_A,Mounter_01,FD_11,NZ_02,CHIP_0603,25.77,-9.72,-0.414,118.37,115.08,-71.03,3.28,241.4,3.74,B,Normal,0
PCB_01749,LOT_20260304,SMD_Line_C,Mounter_02,FD_16,NZ_07,CHIP_0603,10.29,0.88,-0.13,139.4,101.69,-69.08,3.0,246.5,5.01,A,Normal,0
PCB_01750,LOT_20260304,SMD_Line_A,Mounter_01,FD_15,NZ_07,CHIP_0603,6.93,-22.3,-0.256,133.42,94.4,-73.77,3.24,242.8,4.15,A,Normal,0
PCB_01751,LOT_20260304,SMD_Line_B,Mounter_02,FD_17,NZ_07,CHIP_1005,-8.53,-3.63,0.223,137.85,112.19,-62.42,2.51,242.9,2.69,A,Normal,0
PCB_01752,LOT_20260304,SMD_Line_A,Mounter_03,FD_22,NZ_06,IC_QFP_48,-14.33,-11.59,-0.035,142.69,106.64,-74.65,3.09,241.4,4.41,A,Normal,0
PCB_01753,LOT_20260304,SMD_Line_A,Mounter_01,FD_18,NZ_02,CHIP_1005,-3.24,-6.8,0.526,129.29,90.68,-74.6,3.31,250.9,3.1,A,Normal,0
PCB_01754,LOT_20260304,SMD_Line_A,Mounter_04,FD_19,NZ_05,CHIP_1005,-18.74,-9.19,0.284,100.13,97.72,-69.31,2.99,246.9,3.96,A,Normal,0
PCB_01755,LOT_20260304,SMD_Line_C,Mounter_01,FD_04,NZ_04,CHIP_0603,-4.02,9.06,-0.39,120.11,87.71,-69.83,3.56,246.4,4.55,A,Normal,0
PCB_01756,LOT_20260304,SMD_Line_C,Mounter_03,FD_22,NZ_04,CHIP_0603,10.01,5.27,-0.191,141.72,101.72,-69.66,3.24,245.2,4.44,A,Normal,0
PCB_01757,LOT_20260304,SMD_Line_C,Mounter_03,FD_22,NZ_02,CHIP_0603,12.27,0.62,-0.389,121.53,107.64,-68.25,3.58,246.6,3.84,A,Normal,0
PCB_01758,LOT_20260304,SMD_Line_B,Mounter_01,FD_23,NZ_08,BGA_256,-4.28,-4.52,-0.389,120.03,70.5,-75.26,3.79,240.0,4.51,B,Normal,0
PCB_01759,LOT_20260304,SMD_Line_A,Mounter_03,FD_05,NZ_07,CHIP_0603,36.7,12.21,-0.808,130.93,87.76,-70.69,3.83,247.2,4.65,C,Normal,0
PCB_01760,LOT_20260304,SMD_Line_B,Mounter_02,FD_07,NZ_01,CHIP_1005,15.92,10.63,0.424,146.4,120.14,-76.9,2.97,250.1,3.9,B,Normal,0
PCB_01761,LOT_20260304,SMD_Line_B,Mounter_02,FD_02,NZ_02,CHIP_0603,-0.37,-1.31,0.582,136.87,95.97,-68.27,2.96,245.9,4.03,A,Normal,0
PCB_01762,LOT_20260304,SMD_Line_C,Mounter_01,FD_01,NZ_02,CHIP_0603,14.27,15.99,-0.444,156.11,119.9,-68.52,4.16,248.6,4.3,B,Normal,0
PCB_01763,LOT_20260304,SMD_Line_A,Mounter_02,FD_12,NZ_04,CHIP_1005,-7.24,-2.24,-0.49,136.02,84.7,-68.35,2.65,243.3,3.62,A,Normal,0
PCB_01764,LOT_20260304,SMD_Line_B,Mounter_02,FD_10,NZ_03,CHIP_1005,3.17,2.42,0.252,135.44,93.62,-72.18,2.95,246.7,3.79,A,Normal,0
PCB_01765,LOT_20260304,SMD_Line_A,Mounter_04,FD_08,NZ_01,CHIP_1005,-4.51,-6.78,-0.369,126.49,102.61,-68.4,3.1,243.4,4.7,A,Normal,0
PCB_01766,LOT_20260304,SMD_Line_A,Mounter_01,FD_01,NZ_04,CHIP_1005,-15.15,-4.64,0.573,106.73,96.18,-71.41,2.69,238.1,5.35,F,Tombstone,1
PCB_01767,LOT_20260304,SMD_Line_B,Mounter_03,FD_12,NZ_06,CHIP_1005,6.66,-7.4,-0.323,132.21,115.19,-67.16,3.27,244.0,4.5,A,Normal,0
PCB_01768,LOT_20260304,SMD_Line_B,Mounter_01,FD_02,NZ_02,CHIP_0603,-0.07,8.11,-0.962,130.62,,-73.08,3.93,249.7,4.33,A,Normal,0
PCB_01769,LOT_20260304,SMD_Line_A,Mounter_02,FD_10,NZ_08,CHIP_1005,0.85,4.44,-0.059,139.95,108.55,-73.13,2.05,239.4,5.11,A,Normal,0
PCB_01770,LOT_20260304,SMD_Line_A,Mounter_04,FD_22,NZ_03,IC_QFP_48,-0.34,-12.42,-0.267,134.57,86.9,-70.5,2.89,251.9,3.74,A,Normal,0
PCB_01771,LOT_20260304,SMD_Line_B,Mounter_01,FD_17,NZ_01,CHIP_0603,-11.23,6.68,0.066,134.04,103.17,-76.42,3.27,242.7,4.24,A,Normal,0
PCB_01772,LOT_20260304,SMD_Line_C,Mounter_01,FD_03,NZ_05,CHIP_1005,19.85,21.16,-0.157,147.03,96.23,,4.14,247.4,4.61,F,Tombstone,1
PCB_01773,LOT_20260304,SMD_Line_C,Mounter_02,FD_07,NZ_01,CHIP_0603,3.11,-7.79,0.259,126.08,87.98,-72.18,2.3,251.4,3.78,A,Normal,0
PCB_01774,LOT_20260304,SMD_Line_C,Mounter_02,FD_12,NZ_01,CHIP_0603,-3.34,-8.46,0.19,142.58,105.6,-76.68,3.72,252.7,3.38,A,Normal,0
PCB_01775,LOT_20260304,SMD_Line_C,Mounter_01,FD_08,NZ_07,CHIP_1005,-16.37,0.1,0.147,149.33,116.35,-71.65,3.1,251.8,4.61,A,Normal,0
PCB_01776,LOT_20260304,SMD_Line_A,Mounter_02,FD_20,NZ_02,BGA_256,17.54,16.26,0.086,121.7,92.86,,3.3,241.8,4.68,A,Normal,0
PCB_01777,LOT_20260304,SMD_Line_B,Mounter_02,FD_12,NZ_02,BGA_256,11.47,-5.17,-0.0,123.88,105.07,-69.07,3.94,249.8,4.62,A,Normal,0
PCB_01778,LOT_20260304,SMD_Line_B,Mounter_02,FD_03,NZ_05,CHIP_0603,0.02,21.73,-0.629,118.48,97.42,-77.24,3.12,242.5,4.63,A,Normal,0
PCB_01779,LOT_20260304,SMD_Line_A,Mounter_02,FD_17,NZ_05,CHIP_1005,-16.05,-12.47,0.175,109.64,,-68.45,3.18,241.1,4.24,A,Normal,0
PCB_01780,LOT_20260304,SMD_Line_C,Mounter_02,FD_09,NZ_05,CHIP_1005,20.74,2.22,0.329,157.66,110.08,-79.27,3.28,242.5,4.27,A,Normal,0
PCB_01781,LOT_20260304,SMD_Line_A,Mounter_04,FD_10,NZ_04,CHIP_0603,-4.56,-20.07,0.157,177.78,117.3,-75.17,3.32,250.3,4.31,A,Normal,0
PCB_01782,LOT_20260304,SMD_Line_C,Mounter_02,FD_22,NZ_04,IC_QFP_48,-8.39,-11.05,-0.091,133.16,114.9,-64.85,2.55,243.0,4.75,A,Normal,0
PCB_01783,LOT_20260304,SMD_Line_B,Mounter_03,FD_06,NZ_02,IC_QFP_48,-0.61,-2.52,0.266,125.04,91.01,,3.3,241.7,4.34,A,Normal,0
PCB_01784,LOT_20260304,SMD_Line_B,Mounter_01,FD_01,NZ_02,CAP_3216,4.69,3.19,0.106,156.07,83.87,-75.66,3.46,251.7,4.24,A,Normal,0
PCB_01785,LOT_20260304,SMD_Line_B,Mounter_04,FD_22,NZ_05,CHIP_0603,-2.11,14.64,0.32,139.02,75.86,-76.77,2.23,244.4,4.37,B,Normal,0
PCB_01786,LOT_20260304,SMD_Line_C,Mounter_04,FD_12,NZ_04,CHIP_0603,-42.34,-8.25,-0.039,118.69,107.6,-76.43,3.72,247.7,4.42,C,Normal,0
PCB_01787,LOT_20260304,SMD_Line_B,Mounter_02,FD_05,NZ_03,BGA_256,3.12,4.96,-0.642,116.83,93.68,-75.32,3.75,241.0,3.67,A,Normal,0
PCB_01788,LOT_20260304,SMD_Line_B,Mounter_01,FD_13,NZ_04,IC_QFP_48,11.53,-15.8,-0.08,142.28,112.75,-68.59,3.35,243.3,4.89,A,Normal,0
PCB_01789,LOT_20260304,SMD_Line_A,Mounter_03,FD_15,NZ_02,BGA_256,-11.14,11.92,-0.427,135.75,87.58,-70.08,2.39,244.2,3.87,F,Tombstone,1
PCB_01790,LOT_20260304,SMD_Line_B,Mounter_02,FD_22,NZ_04,CHIP_0603,19.51,15.46,-0.209,146.83,105.35,-68.26,2.81,242.6,4.24,A,Normal,0
PCB_01791,LOT_20260304,SMD_Line_A,Mounter_01,FD_11,NZ_02,CHIP_1005,10.94,12.24,0.039,140.56,78.76,-75.7,1.8,244.7,3.73,B,Normal,0
PCB_01792,LOT_20260304,SMD_Line_B,Mounter_02,FD_08,NZ_05,CHIP_1005,5.86,12.23,0.446,111.69,106.06,-78.98,2.99,241.3,4.1,A,Normal,0
PCB_01793,LOT_20260304,SMD_Line_B,Mounter_02,FD_05,NZ_07,CHIP_0603,-12.68,-1.08,0.3,118.4,104.7,-69.76,2.65,244.7,4.47,A,Normal,0
PCB_01794,LOT_20260304,SMD_Line_B,Mounter_02,FD_02,NZ_05,CHIP_1005,3.49,3.27,0.094,116.83,86.81,-72.22,3.16,249.8,4.36,A,Normal,0
PCB_01795,LOT_20260304,SMD_Line_A,Mounter_02,FD_12,NZ_05,CHIP_1005,4.44,-1.14,0.562,133.26,102.31,-74.79,3.8,238.0,3.93,A,Normal,0
PCB_01796,LOT_20260304,SMD_Line_A,Mounter_02,FD_02,NZ_03,CHIP_0603,-1.02,-0.54,0.021,128.15,124.83,-68.52,2.9,244.4,3.86,A,Normal,0
PCB_01797,LOT_20260304,SMD_Line_B,Mounter_02,FD_16,NZ_07,CHIP_0603,11.14,-8.78,0.091,123.16,,-67.45,3.45,243.0,4.33,A,Normal,0
PCB_01798,LOT_20260304,SMD_Line_A,Mounter_02,FD_21,NZ_03,CHIP_1005,-4.51,3.32,-0.171,125.34,,-65.97,3.15,242.6,4.74,A,Normal,0
PCB_01799,LOT_20260304,SMD_Line_A,Mounter_03,FD_03,NZ_02,CHIP_1005,-3.4,4.93,-0.481,140.11,101.84,-75.61,2.66,253.2,4.92,A,Normal,0
PCB_01800,LOT_20260304,SMD_Line_A,Mounter_04,FD_10,NZ_01,BGA_256,-8.33,11.63,0.251,127.29,106.94,-67.7,4.05,251.1,5.21,A,Normal,0
PCB_01801,LOT_20260304,SMD_Line_C,Mounter_03,FD_19,NZ_06,CHIP_0603,-5.64,4.63,-0.706,119.78,94.29,-70.64,3.7,242.9,3.85,A,Normal,0
PCB_01802,LOT_20260304,SMD_Line_B,Mounter_02,FD_08,NZ_03,CHIP_0603,-1.87,10.4,-0.419,110.42,102.96,-74.18,2.53,239.3,3.81,F,Tombstone,1
PCB_01803,LOT_20260304,SMD_Line_A,Mounter_02,FD_07,NZ_02,CAP_3216,-2.33,-8.78,0.08,116.46,88.29,-67.77,3.47,251.4,4.14,A,Normal,0
PCB_01804,LOT_20260304,SMD_Line_A,Mounter_03,FD_01,NZ_07,CAP_3216,-2.89,16.8,-0.382,146.02,110.87,-75.1,3.08,246.7,4.11,A,Normal,0
PCB_01805,LOT_20260304,SMD_Line_A,Mounter_03,FD_12,NZ_04,CHIP_0603,11.55,-2.85,0.008,119.98,90.33,,3.51,240.1,3.48,A,Normal,0
PCB_01806,LOT_20260304,SMD_Line_C,Mounter_04,FD_05,NZ_07,IC_QFP_48,18.78,-24.18,0.066,157.21,119.99,-68.84,2.4,241.2,4.62,B,Normal,0
PCB_01807,LOT_20260304,SMD_Line_B,Mounter_03,FD_16,NZ_05,CHIP_0603,-16.02,-4.6,-0.252,139.44,83.85,-74.15,2.99,245.4,3.81,A,Normal,0
PCB_01808,LOT_20260304,SMD_Line_A,Mounter_04,FD_04,NZ_05,CHIP_0603,18.49,6.8,0.025,117.75,96.34,-70.58,3.41,252.4,3.88,A,Normal,0
PCB_01809,LOT_20260304,SMD_Line_A,Mounter_02,FD_17,NZ_05,CHIP_0603,8.43,0.97,0.019,120.81,97.01,-73.75,2.55,243.5,4.42,A,Normal,0
PCB_01810,LOT_20260304,SMD_Line_A,Mounter_01,FD_24,NZ_02,CHIP_0603,-11.16,-22.92,-0.513,98.37,86.58,-71.39,3.36,246.9,3.6,F,Tombstone,1
PCB_01811,LOT_20260304,SMD_Line_B,Mounter_01,FD_21,NZ_05,BGA_256,-4.12,2.54,0.246,123.4,102.82,-71.14,3.0,242.5,4.07,A,Normal,0
PCB_01812,LOT_20260304,SMD_Line_C,Mounter_01,FD_02,NZ_03,IC_QFP_48,3.55,1.5,-0.914,159.23,93.6,-75.35,3.23,247.0,4.57,A,Normal,0
PCB_01813,LOT_20260304,SMD_Line_A,Mounter_01,FD_12,NZ_04,CAP_3216,-20.69,-11.46,0.845,154.5,116.85,-71.27,3.81,238.2,4.22,F,Tombstone,1
PCB_01814,LOT_20260304,SMD_Line_A,Mounter_02,FD_01,NZ_05,IC_QFP_48,-1.08,6.66,0.24,154.13,90.25,-73.84,4.82,247.7,4.57,A,Normal,0
PCB_01815,LOT_20260304,SMD_Line_A,Mounter_01,FD_12,NZ_02,CHIP_1005,6.57,-1.58,0.46,139.14,105.05,-75.35,3.25,246.0,4.69,A,Normal,0
PCB_01816,LOT_20260304,SMD_Line_C,Mounter_03,FD_12,NZ_04,IC_QFP_48,-9.3,-23.02,0.298,127.33,98.97,-75.9,3.09,241.5,4.16,F,Tombstone,1
PCB_01817,LOT_20260304,SMD_Line_A,Mounter_03,FD_12,NZ_05,CAP_3216,-18.5,8.2,-0.019,131.47,97.44,-75.86,4.36,230.9,2.52,A,Normal,0
PCB_01818,LOT_20260304,SMD_Line_C,Mounter_01,FD_19,NZ_01,IC_QFP_48,2.48,2.06,-0.347,138.17,101.1,,3.88,251.8,4.81,F,Tombstone,1
PCB_01819,LOT_20260304,SMD_Line_B,Mounter_03,FD_17,NZ_08,IC_QFP_48,27.6,17.86,-0.011,129.76,108.5,-69.99,4.27,237.7,4.18,F,Tombstone,1
PCB_01820,LOT_20260304,SMD_Line_A,Mounter_04,FD_20,NZ_05,CAP_3216,-8.92,-10.21,0.376,118.21,77.35,-76.77,3.34,250.3,4.6,B,Normal,0
PCB_01821,LOT_20260304,SMD_Line_A,Mounter_02,FD_24,NZ_06,CHIP_0603,-8.59,-2.75,-0.37,128.92,100.57,-71.71,3.69,241.5,4.88,A,Normal,0
PCB_01822,LOT_20260304,SMD_Line_A,Mounter_01,FD_24,NZ_07,IC_QFP_48,-2.51,12.58,0.071,109.71,90.09,-70.69,3.23,246.6,3.29,A,Normal,0
PCB_01823,LOT_20260304,SMD_Line_B,Mounter_01,FD_11,NZ_03,BGA_256,19.62,-10.8,-0.815,138.92,91.0,-68.5,3.23,247.6,4.2,B,Normal,0
PCB_01824,LOT_20260304,SMD_Line_C,Mounter_02,FD_13,NZ_04,CAP_3216,-20.66,12.16,-0.364,116.37,102.92,,3.27,252.0,4.97,A,Normal,0
PCB_01825,LOT_20260304,SMD_Line_B,Mounter_03,FD_08,NZ_03,CHIP_0603,9.62,12.47,-0.386,138.55,113.2,-71.43,3.45,240.4,4.1,A,Normal,0
PCB_01826,LOT_20260304,SMD_Line_B,Mounter_02,FD_10,NZ_01,CHIP_1005,-5.89,3.7,0.756,113.8,118.61,-76.04,3.24,244.8,4.69,B,Normal,0
PCB_01827,LOT_20260304,SMD_Line_A,Mounter_02,FD_08,NZ_01,IC_QFP_48,-4.81,-1.95,-0.602,127.51,93.02,-76.56,4.03,241.0,3.65,A,Normal,0
PCB_01828,LOT_20260304,SMD_Line_C,Mounter_03,FD_20,NZ_06,CHIP_0603,-12.63,-7.64,0.179,134.12,65.82,-70.73,3.55,240.6,4.44,C,Normal,0
PCB_01829,LOT_20260304,SMD_Line_C,Mounter_02,FD_08,NZ_03,CHIP_1005,-3.11,-8.51,0.718,127.54,100.84,-64.76,3.32,245.4,3.57,A,Normal,0
PCB_01830,LOT_20260304,SMD_Line_A,Mounter_03,FD_09,NZ_04,CHIP_0603,-12.27,3.67,0.452,139.6,78.18,-69.69,3.3,248.5,4.65,F,Tombstone,1
PCB_01831,LOT_20260304,SMD_Line_C,Mounter_03,FD_07,NZ_01,CHIP_0603,-6.78,-33.95,0.685,136.72,105.3,-76.25,2.94,255.4,3.97,B,Normal,0
PCB_01832,LOT_20260304,SMD_Line_B,Mounter_02,FD_14,NZ_08,CHIP_1005,-30.82,-6.57,0.751,123.67,89.21,-75.95,2.55,244.1,4.91,B,Normal,0
PCB_01833,LOT_20260304,SMD_Line_B,Mounter_04,FD_02,NZ_01,CHIP_1005,-21.67,-8.2,0.025,121.15,104.11,-69.84,3.8,244.7,4.93,A,Normal,0
PCB_01834,LOT_20260304,SMD_Line_B,Mounter_03,FD_11,NZ_05,CHIP_1005,4.21,-11.66,0.214,120.08,89.76,-69.48,3.8,245.0,3.9,A,Normal,0
PCB_01835,LOT_20260304,SMD_Line_C,Mounter_02,FD_08,NZ_06,CHIP_1005,15.78,2.19,0.088,117.93,86.03,-71.81,2.54,245.7,5.04,A,Normal,0
PCB_01836,LOT_20260304,SMD_Line_B,Mounter_03,FD_13,NZ_07,CHIP_0603,40.37,-17.34,0.216,161.46,86.32,-72.74,2.55,246.1,3.91,C,Normal,0
PCB_01837,LOT_20260304,SMD_Line_A,Mounter_04,FD_21,NZ_02,CHIP_0603,11.56,14.19,0.19,120.54,104.76,-70.17,3.62,240.1,4.54,A,Normal,0
PCB_01838,LOT_20260304,SMD_Line_A,Mounter_04,FD_15,NZ_07,CHIP_0603,-6.43,10.78,0.773,146.38,84.14,-75.61,3.01,233.4,4.18,A,Normal,0
PCB_01839,LOT_20260304,SMD_Line_C,Mounter_01,FD_03,NZ_08,CHIP_0603,-24.8,16.04,0.131,132.46,106.55,-68.4,2.61,243.9,3.99,B,Normal,0
PCB_01840,LOT_20260304,SMD_Line_A,Mounter_03,FD_23,NZ_07,CHIP_1005,6.75,-6.22,-0.429,124.67,121.33,-70.76,2.24,253.2,4.6,A,Normal,0
PCB_01841,LOT_20260304,SMD_Line_A,Mounter_03,FD_14,NZ_08,IC_QFP_48,-18.16,2.45,0.268,132.91,120.05,-74.82,2.92,245.3,3.94,B,Normal,0
PCB_01842,LOT_20260304,SMD_Line_B,Mounter_02,FD_15,NZ_01,CHIP_0603,-10.09,9.71,0.329,133.82,80.84,-72.3,3.28,244.4,3.92,F,Tombstone,1
PCB_01843,LOT_20260304,SMD_Line_B,Mounter_03,FD_02,NZ_04,CHIP_0603,11.08,-1.54,-0.37,103.63,83.83,-59.85,3.03,244.9,4.2,F,Missing_Component,1
PCB_01844,LOT_20260304,SMD_Line_B,Mounter_01,FD_19,NZ_04,IC_QFP_48,3.68,-6.69,-0.388,128.83,105.77,-73.03,2.4,242.1,4.65,A,Normal,0
PCB_01845,LOT_20260304,SMD_Line_C,Mounter_04,FD_12,NZ_05,CHIP_0603,-11.61,1.41,0.428,130.1,87.18,-70.03,2.85,244.6,4.32,A,Normal,0
PCB_01846,LOT_20260304,SMD_Line_A,Mounter_04,FD_20,NZ_08,CAP_3216,-21.33,-2.42,-0.24,125.06,107.43,-69.08,3.53,245.2,4.02,A,Normal,0
PCB_01847,LOT_20260304,SMD_Line_A,Mounter_01,FD_04,NZ_04,IC_QFP_48,2.65,-12.63,-0.186,98.16,79.48,,4.15,245.2,3.94,A,Normal,0
PCB_01848,LOT_20260304,SMD_Line_A,Mounter_03,FD_03,NZ_05,CHIP_0603,4.2,-28.09,-0.208,125.02,99.14,-73.41,3.23,245.5,4.1,A,Normal,0
PCB_01849,LOT_20260304,SMD_Line_C,Mounter_03,FD_05,NZ_01,CHIP_0603,18.8,-10.9,0.11,154.2,111.33,-74.55,3.82,245.4,4.47,A,Normal,0
PCB_01850,LOT_20260304,SMD_Line_B,Mounter_01,FD_03,NZ_01,CHIP_1005,-31.15,-27.84,0.496,138.26,81.38,,3.63,244.7,3.66,C,Normal,0
PCB_01851,LOT_20260304,SMD_Line_A,Mounter_02,FD_15,NZ_07,CHIP_0603,1.48,-10.27,0.301,114.21,98.6,-72.5,2.85,249.8,3.87,A,Normal,0
PCB_01852,LOT_20260304,SMD_Line_C,Mounter_04,FD_19,NZ_01,CHIP_0603,11.46,16.74,-0.208,143.4,98.44,-67.54,3.76,253.0,4.59,A,Normal,0
PCB_01853,LOT_20260304,SMD_Line_C,Mounter_01,FD_02,NZ_01,CHIP_0603,-5.25,-21.81,0.602,113.39,107.28,-66.4,3.87,237.9,3.79,A,Normal,0
PCB_01854,LOT_20260304,SMD_Line_C,Mounter_01,FD_12,NZ_08,IC_QFP_48,-19.96,5.3,0.391,134.03,91.97,-65.66,2.91,242.7,3.91,A,Normal,0
PCB_01855,LOT_20260304,SMD_Line_C,Mounter_03,FD_05,NZ_02,CHIP_1005,-11.56,14.43,0.447,134.16,,-73.23,3.21,235.7,4.18,A,Normal,0
PCB_01856,LOT_20260304,SMD_Line_A,Mounter_04,FD_22,NZ_06,CHIP_0603,0.47,-18.56,0.432,124.49,69.71,-68.33,2.86,247.1,3.79,B,Normal,0
PCB_01857,LOT_20260304,SMD_Line_C,Mounter_03,FD_17,NZ_07,IC_QFP_48,-6.09,21.17,-0.232,145.63,115.9,-71.02,2.45,250.2,3.97,A,Normal,0
PCB_01858,LOT_20260304,SMD_Line_B,Mounter_01,FD_14,NZ_07,CHIP_1005,3.8,-0.9,-0.414,141.31,110.02,-75.78,3.81,245.5,4.27,A,Normal,0
PCB_01859,LOT_20260304,SMD_Line_C,Mounter_02,FD_22,NZ_06,CHIP_1005,15.99,16.03,-0.152,118.37,99.71,-77.19,4.16,245.5,4.56,A,Normal,0
PCB_01860,LOT_20260304,SMD_Line_B,Mounter_04,FD_10,NZ_02,CHIP_0603,-4.99,3.2,0.446,125.65,99.39,-73.13,3.16,242.6,3.82,A,Normal,0
PCB_01861,LOT_20260304,SMD_Line_C,Mounter_01,FD_03,NZ_01,CHIP_1005,15.25,-5.44,-0.531,117.15,,-72.5,2.88,245.8,3.79,F,Tombstone,1
PCB_01862,LOT_20260304,SMD_Line_B,Mounter_01,FD_04,NZ_04,CAP_3216,-1.45,-34.31,-0.592,121.4,111.59,-75.13,3.84,244.7,4.77,F,Tombstone,1
PCB_01863,LOT_20260304,SMD_Line_A,Mounter_02,FD_06,NZ_05,CHIP_0603,4.24,-13.15,-0.816,139.75,75.79,-67.67,3.91,249.6,3.88,B,Normal,0
PCB_01864,LOT_20260304,SMD_Line_B,Mounter_01,FD_24,NZ_07,CHIP_0603,-1.46,8.02,-0.565,129.8,78.64,-66.79,2.68,253.6,3.83,B,Normal,0
PCB_01865,LOT_20260304,SMD_Line_C,Mounter_01,FD_22,NZ_06,CHIP_0603,4.56,18.14,-0.355,145.44,76.89,-72.65,3.28,251.5,3.2,B,Normal,0
PCB_01866,LOT_20260304,SMD_Line_C,Mounter_04,FD_16,NZ_03,CHIP_0603,6.73,-16.57,0.056,106.29,,,4.39,254.5,4.75,A,Normal,0
PCB_01867,LOT_20260304,SMD_Line_A,Mounter_04,FD_07,NZ_05,CHIP_1005,8.02,-0.7,-0.518,134.14,102.18,-70.51,4.29,247.7,4.89,A,Normal,0
PCB_01868,LOT_20260304,SMD_Line_A,Mounter_04,FD_15,NZ_03,BGA_256,0.04,-5.26,0.298,142.47,112.15,,2.65,246.4,4.19,A,Normal,0
PCB_01869,LOT_20260304,SMD_Line_A,Mounter_03,FD_21,NZ_03,CAP_3216,-41.63,4.93,0.02,131.52,65.07,-79.11,2.37,244.9,4.3,C,Normal,0
PCB_01870,LOT_20260304,SMD_Line_B,Mounter_02,FD_20,NZ_08,CHIP_0603,7.44,1.04,-0.919,109.56,83.95,-70.81,3.41,246.6,4.2,B,Normal,0
PCB_01871,LOT_20260304,SMD_Line_C,Mounter_04,FD_11,NZ_07,CHIP_1005,-24.63,-4.39,-0.008,114.25,101.57,-72.54,3.63,246.4,3.65,A,Normal,0
PCB_01872,LOT_20260304,SMD_Line_A,Mounter_03,FD_22,NZ_01,CHIP_1005,-7.59,7.54,0.064,143.63,103.06,,3.63,250.6,4.51,A,Normal,0
PCB_01873,LOT_20260304,SMD_Line_B,Mounter_03,FD_21,NZ_08,CHIP_1005,-29.89,-8.16,0.862,122.01,97.6,-70.47,3.53,244.3,4.88,B,Normal,0
PCB_01874,LOT_20260304,SMD_Line_C,Mounter_02,FD_01,NZ_03,CHIP_1005,21.23,0.13,0.109,118.31,86.5,,3.37,240.6,4.2,A,Normal,0
PCB_01875,LOT_20260304,SMD_Line_B,Mounter_02,FD_05,NZ_01,CHIP_0603,5.22,9.09,-0.796,124.92,91.6,-71.75,2.95,244.9,4.56,A,Normal,0
PCB_01876,LOT_20260304,SMD_Line_B,Mounter_01,FD_13,NZ_02,CHIP_1005,-4.07,-8.57,0.103,126.2,98.36,-73.48,2.82,241.1,3.76,A,Normal,0
PCB_01877,LOT_20260304,SMD_Line_B,Mounter_03,FD_21,NZ_04,CHIP_1005,17.74,-4.24,0.078,147.79,79.4,-74.45,3.68,244.1,3.72,B,Normal,0
PCB_01878,LOT_20260304,SMD_Line_B,Mounter_04,FD_14,NZ_03,IC_QFP_48,6.65,-6.58,0.272,103.82,89.76,-76.15,2.78,237.8,4.43,A,Normal,0
PCB_01879,LOT_20260304,SMD_Line_A,Mounter_02,FD_09,NZ_07,IC_QFP_48,1.56,5.34,1.187,138.64,83.43,-69.15,2.2,245.2,4.96,B,Normal,0
PCB_01880,LOT_20260304,SMD_Line_B,Mounter_03,FD_17,NZ_04,CHIP_0603,4.94,4.12,-0.241,151.91,106.02,-73.49,3.29,241.3,3.9,A,Normal,0
PCB_01881,LOT_20260304,SMD_Line_B,Mounter_04,FD_15,NZ_01,CHIP_0603,-4.78,-6.11,-0.294,144.18,89.03,-72.48,3.37,248.1,4.11,A,Normal,0
PCB_01882,LOT_20260304,SMD_Line_C,Mounter_03,FD_21,NZ_03,CAP_3216,-15.5,4.02,0.211,164.86,84.31,-73.43,4.35,243.4,4.46,F,Tombstone,1
PCB_01883,LOT_20260304,SMD_Line_B,Mounter_02,FD_07,NZ_05,CHIP_1005,12.01,-33.18,0.822,123.14,93.79,-66.38,3.22,237.0,3.98,B,Normal,0
PCB_01884,LOT_20260304,SMD_Line_C,Mounter_01,FD_22,NZ_08,BGA_256,-0.89,9.86,0.302,143.38,109.03,-76.97,2.4,243.3,4.44,A,Normal,0
PCB_01885,LOT_20260304,SMD_Line_A,Mounter_03,FD_22,NZ_07,CHIP_0603,-21.99,10.57,-0.154,128.71,99.72,-69.6,3.93,244.6,3.72,A,Normal,0
PCB_01886,LOT_20260304,SMD_Line_B,Mounter_04,FD_12,NZ_02,CHIP_1005,6.34,-5.98,0.443,122.22,113.23,-68.95,3.17,246.4,4.42,A,Normal,0
PCB_01887,LOT_20260304,SMD_Line_A,Mounter_02,FD_23,NZ_06,CHIP_1005,0.51,-8.32,0.807,96.7,111.39,-74.58,3.1,247.2,4.08,A,Normal,0
PCB_01888,LOT_20260304,SMD_Line_A,Mounter_01,FD_06,NZ_02,BGA_256,21.25,-0.68,-0.346,123.03,91.0,-69.88,2.5,241.6,3.4,A,Normal,0
PCB_01889,LOT_20260304,SMD_Line_B,Mounter_04,FD_21,NZ_08,CHIP_0603,3.36,-10.74,-0.45,145.98,101.62,-72.59,3.51,241.8,3.68,A,Normal,0
PCB_01890,LOT_20260304,SMD_Line_C,Mounter_04,FD_16,NZ_03,CHIP_0603,-14.76,-8.9,0.025,104.27,113.17,-69.15,3.29,244.9,4.36,A,Normal,0
PCB_01891,LOT_20260304,SMD_Line_A,Mounter_04,FD_05,NZ_08,CHIP_1005,-22.38,3.63,0.136,161.46,94.21,-75.39,3.25,246.3,4.88,A,Normal,0
PCB_01892,LOT_20260304,SMD_Line_B,Mounter_03,FD_09,NZ_07,BGA_256,15.8,9.55,0.623,136.15,102.88,-71.06,3.76,247.0,3.54,A,Normal,0
PCB_01893,LOT_20260304,SMD_Line_C,Mounter_02,FD_14,NZ_02,CAP_3216,-0.8,3.75,-0.211,113.42,89.18,-71.75,3.84,249.0,4.71,A,Normal,0
PCB_01894,LOT_20260304,SMD_Line_A,Mounter_04,FD_08,NZ_06,CAP_3216,-10.82,34.06,0.181,133.43,97.29,-70.1,3.39,238.0,4.41,F,Tombstone,1
PCB_01895,LOT_20260304,SMD_Line_B,Mounter_03,FD_14,NZ_05,CAP_3216,-9.0,14.73,0.701,140.3,96.9,-80.34,3.52,249.1,4.68,A,Normal,0
PCB_01896,LOT_20260304,SMD_Line_B,Mounter_02,FD_12,NZ_04,CHIP_0603,16.23,8.68,0.101,122.67,107.53,-74.51,3.41,248.4,4.12,A,Normal,0
PCB_01897,LOT_20260304,SMD_Line_B,Mounter_02,FD_10,NZ_08,CHIP_0603,5.9,8.25,-0.178,120.64,,-69.95,4.2,248.6,4.52,A,Normal,0
PCB_01898,LOT_20260304,SMD_Line_A,Mounter_03,FD_20,NZ_05,CHIP_0603,13.71,1.02,0.257,159.61,102.59,-65.87,2.66,244.1,5.12,A,Normal,0
PCB_01899,LOT_20260304,SMD_Line_A,Mounter_03,FD_20,NZ_02,CHIP_0603,3.07,5.95,-0.149,124.9,104.57,-68.33,2.55,246.1,4.3,A,Normal,0
PCB_01900,LOT_20260304,SMD_Line_C,Mounter_04,FD_21,NZ_06,BGA_256,-10.46,2.33,0.152,127.85,90.53,-70.59,2.49,247.1,3.71,A,Normal,0
PCB_01901,LOT_20260304,SMD_Line_B,Mounter_02,FD_13,NZ_04,BGA_256,22.33,12.4,-0.084,149.85,95.17,-74.97,3.51,244.2,4.92,F,Tombstone,1
PCB_01902,LOT_20260304,SMD_Line_A,Mounter_01,FD_19,NZ_07,CHIP_0603,-4.89,-3.29,-0.065,128.91,105.56,-70.96,3.13,249.0,4.47,A,Normal,0
PCB_01903,LOT_20260304,SMD_Line_C,Mounter_03,FD_15,NZ_06,CHIP_1005,10.06,-3.92,-0.181,141.47,122.06,-69.95,2.54,240.0,4.32,A,Normal,0
PCB_01904,LOT_20260304,SMD_Line_A,Mounter_02,FD_08,NZ_05,CAP_3216,13.55,13.9,-0.258,122.92,84.91,-65.77,3.08,248.0,5.09,A,Normal,0
PCB_01905,LOT_20260304,SMD_Line_B,Mounter_02,FD_23,NZ_01,CHIP_1005,0.08,-5.43,0.447,119.53,106.3,-75.1,4.49,247.1,4.9,A,Normal,0
PCB_01906,LOT_20260304,SMD_Line_A,Mounter_04,FD_21,NZ_01,CHIP_0603,-13.92,-11.15,0.085,135.71,114.57,,3.46,251.4,4.44,A,Normal,0
PCB_01907,LOT_20260304,SMD_Line_C,Mounter_01,FD_10,NZ_04,CHIP_1005,-8.48,-8.83,0.573,115.29,101.15,,4.08,253.1,3.75,A,Normal,0
PCB_01908,LOT_20260304,SMD_Line_A,Mounter_04,FD_03,NZ_08,CHIP_1005,8.46,8.83,-1.013,136.11,89.16,-72.7,2.42,244.2,4.02,B,Normal,0
PCB_01909,LOT_20260304,SMD_Line_A,Mounter_01,FD_21,NZ_04,CHIP_1005,6.67,31.53,-0.234,116.23,99.37,-70.28,3.38,251.5,4.3,B,Normal,0
PCB_01910,LOT_20260304,SMD_Line_A,Mounter_01,FD_03,NZ_04,CHIP_1005,16.26,-10.47,-0.333,135.96,88.39,-75.71,3.51,246.3,4.19,A,Normal,0
PCB_01911,LOT_20260304,SMD_Line_A,Mounter_03,FD_05,NZ_01,CHIP_0603,14.24,7.61,-0.114,148.53,93.97,-73.2,3.62,246.4,3.96,A,Normal,0
PCB_01912,LOT_20260304,SMD_Line_C,Mounter_02,FD_16,NZ_05,CAP_3216,-11.91,1.81,-0.464,100.1,104.62,-70.86,3.05,246.7,4.1,A,Normal,0
PCB_01913,LOT_20260304,SMD_Line_C,Mounter_02,FD_17,NZ_08,CHIP_1005,18.05,13.31,-0.723,123.83,99.27,-73.33,3.79,239.4,4.73,A,Normal,0
PCB_01914,LOT_20260304,SMD_Line_A,Mounter_02,FD_06,NZ_04,CHIP_1005,-12.83,7.51,0.303,100.6,102.35,-71.37,3.5,249.8,4.3,A,Normal,0
PCB_01915,LOT_20260304,SMD_Line_B,Mounter_01,FD_20,NZ_01,CAP_3216,7.43,14.04,-0.267,125.6,85.97,-71.11,3.25,239.2,3.96,A,Normal,0
PCB_01916,LOT_20260304,SMD_Line_B,Mounter_02,FD_20,NZ_04,CHIP_0603,30.27,3.45,0.25,135.04,92.67,-71.75,2.94,247.1,4.53,B,Normal,0
PCB_01917,LOT_20260304,SMD_Line_C,Mounter_03,FD_16,NZ_04,CHIP_0603,3.91,-9.85,-0.53,124.9,107.36,-74.62,2.31,234.5,4.48,A,Normal,0
PCB_01918,LOT_20260304,SMD_Line_B,Mounter_01,FD_24,NZ_08,BGA_256,-22.23,-8.02,-0.736,97.89,79.9,-69.1,2.05,244.1,4.18,B,Normal,0
PCB_01919,LOT_20260304,SMD_Line_A,Mounter_01,FD_02,NZ_08,CHIP_0603,-4.07,2.5,0.109,143.48,84.08,-71.37,2.8,245.0,3.65,A,Normal,0
PCB_01920,LOT_20260304,SMD_Line_B,Mounter_01,FD_20,NZ_06,IC_QFP_48,27.19,5.51,0.285,108.1,,-74.33,3.11,247.7,4.14,A,Normal,0
PCB_01921,LOT_20260304,SMD_Line_B,Mounter_01,FD_15,NZ_04,CHIP_0603,-2.59,-4.53,-0.277,142.53,93.79,-74.82,2.79,251.1,4.19,A,Normal,0
PCB_01922,LOT_20260304,SMD_Line_A,Mounter_03,FD_18,NZ_01,CHIP_0603,16.59,23.78,-0.458,118.8,109.23,-75.61,3.41,244.7,4.64,F,Tombstone,1
PCB_01923,LOT_20260304,SMD_Line_B,Mounter_02,FD_01,NZ_05,CHIP_1005,-11.96,11.11,0.562,116.94,71.26,-67.78,3.69,239.8,3.84,F,Tombstone,1
PCB_01924,LOT_20260304,SMD_Line_A,Mounter_03,FD_19,NZ_01,CHIP_0603,-4.45,-24.59,-0.026,130.16,99.01,-74.5,2.45,243.1,4.06,F,Tombstone,1
PCB_01925,LOT_20260304,SMD_Line_C,Mounter_02,FD_12,NZ_01,IC_QFP_48,-2.7,-1.45,-0.449,145.99,116.45,-75.18,3.53,246.0,4.97,A,Normal,0
PCB_01926,LOT_20260304,SMD_Line_A,Mounter_03,FD_08,NZ_04,CHIP_1005,24.39,-12.15,-0.674,159.33,103.92,-75.46,3.18,245.6,4.08,B,Normal,0
PCB_01927,LOT_20260304,SMD_Line_B,Mounter_04,FD_06,NZ_06,CAP_3216,-3.82,22.49,-0.31,123.85,81.6,-78.96,2.17,237.7,4.19,B,Normal,0
PCB_01928,LOT_20260304,SMD_Line_B,Mounter_04,FD_12,NZ_03,IC_QFP_48,-23.57,-26.19,-0.177,110.47,129.13,-64.29,3.75,242.8,5.11,C,Normal,0
PCB_01929,LOT_20260304,SMD_Line_B,Mounter_04,FD_07,NZ_07,CHIP_0603,29.77,4.94,0.343,135.19,93.44,-71.69,2.64,242.8,3.75,B,Normal,0
PCB_01930,LOT_20260304,SMD_Line_A,Mounter_04,FD_18,NZ_03,BGA_256,2.84,1.46,-0.008,109.91,70.79,-75.1,4.74,244.1,4.86,B,Normal,0
PCB_01931,LOT_20260304,SMD_Line_B,Mounter_01,FD_22,NZ_03,CHIP_1005,8.18,9.6,-0.061,141.16,109.74,-73.2,3.9,247.5,4.01,A,Normal,0
PCB_01932,LOT_20260304,SMD_Line_B,Mounter_01,FD_14,NZ_01,IC_QFP_48,-20.09,3.81,-0.412,136.65,90.3,-76.4,3.11,241.7,4.31,A,Normal,0
PCB_01933,LOT_20260304,SMD_Line_B,Mounter_03,FD_08,NZ_04,BGA_256,3.22,24.42,0.621,150.32,122.45,-71.35,3.2,249.5,4.35,F,Tombstone,1
PCB_01934,LOT_20260304,SMD_Line_B,Mounter_03,FD_24,NZ_08,CHIP_1005,0.24,10.83,0.439,145.8,108.66,-72.53,2.37,248.1,4.08,A,Normal,0
PCB_01935,LOT_20260304,SMD_Line_B,Mounter_04,FD_20,NZ_07,CHIP_1005,-12.08,-21.69,0.404,132.09,125.57,-68.1,4.25,236.2,3.73,F,Tombstone,1
PCB_01936,LOT_20260304,SMD_Line_C,Mounter_02,FD_22,NZ_03,CHIP_1005,8.35,16.57,-0.027,130.47,87.36,-74.45,2.69,243.2,3.87,A,Normal,0
PCB_01937,LOT_20260304,SMD_Line_A,Mounter_04,FD_14,NZ_02,CHIP_0603,-21.33,2.4,0.18,116.69,115.34,-70.73,3.23,245.9,4.1,A,Normal,0
PCB_01938,LOT_20260304,SMD_Line_C,Mounter_03,FD_05,NZ_02,CHIP_0603,-12.17,16.59,-1.159,116.39,90.24,-71.94,2.81,251.3,3.81,B,Normal,0
PCB_01939,LOT_20260304,SMD_Line_B,Mounter_04,FD_09,NZ_02,CHIP_1005,15.15,-3.74,0.091,129.38,104.12,-75.0,3.48,240.0,4.2,A,Normal,0
PCB_01940,LOT_20260304,SMD_Line_A,Mounter_03,FD_08,NZ_05,CHIP_0603,-9.07,-12.54,0.865,113.84,102.07,-70.74,3.19,237.8,3.82,A,Normal,0
PCB_01941,LOT_20260304,SMD_Line_A,Mounter_04,FD_02,NZ_04,CHIP_0603,-6.17,-14.77,-0.261,125.98,116.65,-72.28,2.82,245.9,3.75,A,Normal,0
PCB_01942,LOT_20260304,SMD_Line_A,Mounter_02,FD_16,NZ_01,CHIP_0603,1.13,12.52,-0.444,122.94,109.72,-68.52,3.48,240.8,3.41,A,Normal,0
PCB_01943,LOT_20260304,SMD_Line_C,Mounter_04,FD_13,NZ_01,CHIP_1005,-4.65,9.41,-0.064,138.89,,-70.59,4.1,244.7,5.04,A,Normal,0
PCB_01944,LOT_20260304,SMD_Line_B,Mounter_02,FD_07,NZ_04,CHIP_1005,8.64,-6.98,-0.388,129.66,113.06,-73.68,3.23,241.9,4.15,A,Normal,0
PCB_01945,LOT_20260304,SMD_Line_C,Mounter_02,FD_16,NZ_06,IC_QFP_48,2.2,-31.51,-0.416,144.92,98.9,-68.89,1.89,248.9,3.86,B,Normal,0
PCB_01946,LOT_20260304,SMD_Line_B,Mounter_03,FD_07,NZ_08,CHIP_1005,-18.83,12.98,0.119,125.47,108.32,-70.99,3.43,248.1,3.71,A,Normal,0
PCB_01947,LOT_20260304,SMD_Line_B,Mounter_02,FD_14,NZ_07,CHIP_1005,-9.19,-24.04,0.371,112.46,103.55,-73.82,2.31,242.5,3.93,A,Normal,0
PCB_01948,LOT_20260304,SMD_Line_A,Mounter_01,FD_14,NZ_06,CHIP_1005,-10.54,25.65,0.123,138.24,97.44,-68.69,2.38,251.3,3.27,A,Normal,0
PCB_01949,LOT_20260304,SMD_Line_A,Mounter_01,FD_12,NZ_08,IC_QFP_48,-5.79,-17.06,-0.516,128.14,84.12,-68.96,2.32,245.3,3.9,A,Normal,0
PCB_01950,LOT_20260304,SMD_Line_B,Mounter_01,FD_01,NZ_05,CHIP_1005,1.4,0.17,-0.301,125.95,102.44,-75.16,3.62,246.4,4.55,A,Normal,0
PCB_01951,LOT_20260304,SMD_Line_A,Mounter_03,FD_01,NZ_04,CAP_3216,3.83,2.71,0.144,123.67,91.9,-74.55,2.33,242.2,3.88,A,Normal,0
PCB_01952,LOT_20260304,SMD_Line_A,Mounter_01,FD_12,NZ_06,CAP_3216,-29.6,4.31,0.296,129.83,85.24,-71.57,3.79,241.9,4.51,B,Normal,0
PCB_01953,LOT_20260304,SMD_Line_B,Mounter_03,FD_20,NZ_07,BGA_256,12.81,3.83,-0.094,125.94,109.97,-73.24,3.69,251.4,4.66,A,Normal,0
PCB_01954,LOT_20260304,SMD_Line_B,Mounter_03,FD_21,NZ_05,CAP_3216,-1.14,1.54,-0.402,137.75,92.43,-73.13,2.68,245.5,4.52,A,Normal,0
PCB_01955,LOT_20260304,SMD_Line_C,Mounter_01,FD_15,NZ_03,CHIP_1005,-14.0,-5.12,0.348,141.1,,-74.78,3.49,246.0,4.22,A,Normal,0
PCB_01956,LOT_20260304,SMD_Line_C,Mounter_02,FD_04,NZ_03,CHIP_1005,11.9,-2.64,0.816,124.44,100.03,-71.4,3.91,242.9,4.79,A,Normal,0
PCB_01957,LOT_20260304,SMD_Line_B,Mounter_04,FD_07,NZ_05,IC_QFP_48,-26.32,-7.69,0.506,159.99,98.18,-71.22,2.85,246.1,4.76,B,Normal,0
PCB_01958,LOT_20260304,SMD_Line_B,Mounter_03,FD_16,NZ_08,IC_QFP_48,-19.7,1.37,0.893,121.45,,-77.01,3.94,245.1,3.85,A,Normal,0
PCB_01959,LOT_20260304,SMD_Line_B,Mounter_01,FD_03,NZ_04,BGA_256,26.61,-20.7,-0.28,130.27,99.25,-73.35,3.3,244.9,3.77,B,Normal,0
PCB_01960,LOT_20260304,SMD_Line_C,Mounter_03,FD_07,NZ_03,IC_QFP_48,1.83,3.72,0.464,105.67,87.93,-73.97,2.79,251.9,3.98,A,Normal,0
PCB_01961,LOT_20260304,SMD_Line_A,Mounter_02,FD_24,NZ_04,CAP_3216,-9.22,-1.16,0.58,128.43,95.21,-71.03,3.7,245.6,4.04,A,Normal,0
PCB_01962,LOT_20260304,SMD_Line_B,Mounter_02,FD_22,NZ_06,CHIP_0603,1.36,9.93,-0.219,126.95,112.47,,2.76,240.2,4.79,A,Normal,0
PCB_01963,LOT_20260304,SMD_Line_C,Mounter_01,FD_06,NZ_03,BGA_256,-2.27,-3.58,-0.372,129.26,110.26,-69.47,4.03,247.1,4.6,A,Normal,0
PCB_01964,LOT_20260304,SMD_Line_A,Mounter_03,FD_16,NZ_07,IC_QFP_48,0.45,7.11,-0.432,144.65,95.76,-73.3,2.51,243.5,4.27,A,Normal,0
PCB_01965,LOT_20260304,SMD_Line_B,Mounter_04,FD_24,NZ_07,IC_QFP_48,6.11,6.51,-0.041,155.19,107.02,-70.13,3.99,240.7,4.29,A,Normal,0
PCB_01966,LOT_20260304,SMD_Line_B,Mounter_04,FD_08,NZ_06,CHIP_0603,-2.48,-1.64,-0.678,146.62,101.12,-77.25,3.33,242.0,3.65,A,Normal,0
PCB_01967,LOT_20260304,SMD_Line_A,Mounter_03,FD_23,NZ_07,IC_QFP_48,4.43,4.16,0.76,128.46,96.04,-67.34,3.63,249.6,4.75,F,Tombstone,1
PCB_01968,LOT_20260304,SMD_Line_A,Mounter_03,FD_22,NZ_04,CAP_3216,-1.98,-15.84,-0.578,132.95,114.96,-74.43,2.96,240.7,4.29,A,Normal,0
PCB_01969,LOT_20260304,SMD_Line_A,Mounter_03,FD_06,NZ_08,CHIP_0603,-10.26,15.83,0.19,152.85,89.26,-76.72,3.44,240.9,3.68,A,Normal,0
PCB_01970,LOT_20260304,SMD_Line_A,Mounter_01,FD_10,NZ_04,CHIP_1005,-13.83,-6.44,-1.018,114.98,103.68,-74.41,1.68,245.3,3.36,B,Normal,0
PCB_01971,LOT_20260304,SMD_Line_A,Mounter_02,FD_16,NZ_08,CHIP_1005,16.49,-2.1,0.92,141.77,80.04,-66.94,3.33,243.6,3.56,B,Normal,0
PCB_01972,LOT_20260304,SMD_Line_C,Mounter_04,FD_11,NZ_07,CAP_3216,8.09,-12.42,0.562,116.68,104.33,-69.78,2.41,240.9,4.24,A,Normal,0
PCB_01973,LOT_20260304,SMD_Line_A,Mounter_01,FD_13,NZ_02,CHIP_1005,12.96,-9.06,-0.717,147.15,92.08,-65.73,3.65,248.9,2.93,A,Normal,0
PCB_01974,LOT_20260304,SMD_Line_B,Mounter_03,FD_06,NZ_05,CHIP_0603,0.05,19.39,0.137,127.99,95.42,-70.95,2.88,243.2,3.62,A,Normal,0
PCB_01975,LOT_20260304,SMD_Line_A,Mounter_03,FD_24,NZ_08,CHIP_1005,2.82,1.63,-0.109,116.81,96.51,-67.25,2.87,239.6,4.44,A,Normal,0
PCB_01976,LOT_20260304,SMD_Line_C,Mounter_02,FD_01,NZ_01,IC_QFP_48,-2.23,-3.5,0.07,120.13,73.38,-73.25,2.5,246.3,3.98,B,Normal,0
PCB_01977,LOT_20260304,SMD_Line_A,Mounter_03,FD_21,NZ_05,CHIP_0603,14.47,-3.57,0.286,122.52,80.63,-76.58,3.31,248.4,3.31,A,Normal,0
PCB_01978,LOT_20260304,SMD_Line_B,Mounter_01,FD_19,NZ_07,CHIP_1005,-4.31,0.02,-0.36,144.29,109.96,-70.72,2.69,247.0,3.88,A,Normal,0
PCB_01979,LOT_20260304,SMD_Line_C,Mounter_01,FD_12,NZ_04,CAP_3216,-12.3,8.53,-0.024,150.09,101.26,-71.74,3.17,247.8,4.15,A,Normal,0
PCB_01980,LOT_20260304,SMD_Line_C,Mounter_02,FD_24,NZ_08,BGA_256,6.52,2.29,-0.814,123.97,117.5,-70.25,3.0,247.7,4.67,B,Normal,0
PCB_01981,LOT_20260304,SMD_Line_A,Mounter_01,FD_06,NZ_04,CHIP_0603,-1.9,2.54,0.037,116.91,83.59,-69.09,2.59,243.9,4.43,A,Normal,0
PCB_01982,LOT_20260304,SMD_Line_C,Mounter_04,FD_18,NZ_05,CAP_3216,3.12,-10.89,-0.927,160.45,110.21,-70.59,2.97,243.1,4.41,A,Normal,0
PCB_01983,LOT_20260304,SMD_Line_B,Mounter_01,FD_13,NZ_08,IC_QFP_48,8.89,-3.47,0.588,142.29,,-72.33,2.85,242.2,4.56,A,Normal,0
PCB_01984,LOT_20260304,SMD_Line_B,Mounter_01,FD_07,NZ_04,CHIP_0603,-7.24,1.85,-0.659,118.37,113.97,-72.17,3.78,245.0,3.36,F,Tombstone,1
PCB_01985,LOT_20260304,SMD_Line_A,Mounter_01,FD_23,NZ_06,CHIP_0603,-2.74,-0.37,0.132,135.39,98.71,-70.31,3.88,238.1,4.82,A,Normal,0
PCB_01986,LOT_20260304,SMD_Line_A,Mounter_04,FD_13,NZ_03,CHIP_0603,-3.88,-4.91,0.373,123.82,,-77.12,2.41,240.1,4.82,A,Normal,0
PCB_01987,LOT_20260304,SMD_Line_B,Mounter_03,FD_21,NZ_04,BGA_256,16.08,-5.99,0.839,110.72,89.47,-74.46,3.32,250.6,3.89,A,Normal,0
PCB_01988,LOT_20260304,SMD_Line_B,Mounter_01,FD_08,NZ_08,CHIP_0603,0.18,5.14,0.798,125.35,96.75,-64.65,3.03,248.8,2.7,A,Normal,0
PCB_01989,LOT_20260304,SMD_Line_B,Mounter_02,FD_21,NZ_07,CHIP_0603,1.95,5.43,0.627,109.44,94.1,-73.67,2.67,245.7,4.86,A,Normal,0
PCB_01990,LOT_20260304,SMD_Line_B,Mounter_04,FD_17,NZ_07,IC_QFP_48,-14.46,11.68,-0.007,122.79,84.09,-69.63,3.29,251.4,2.82,A,Normal,0
PCB_01991,LOT_20260304,SMD_Line_C,Mounter_02,FD_09,NZ_05,CHIP_1005,9.13,2.31,0.502,124.2,101.63,-73.38,3.48,246.6,4.39,F,Tombstone,1
PCB_01992,LOT_20260304,SMD_Line_A,Mounter_01,FD_20,NZ_05,IC_QFP_48,5.35,-24.5,0.124,121.9,111.3,-72.72,1.6,245.1,3.97,A,Normal,0
PCB_01993,LOT_20260304,SMD_Line_B,Mounter_02,FD_13,NZ_05,IC_QFP_48,-10.44,27.83,0.163,143.66,114.16,-79.6,3.8,239.3,3.9,B,Normal,0
PCB_01994,LOT_20260304,SMD_Line_A,Mounter_01,FD_02,NZ_07,CHIP_0603,24.04,-0.1,-0.279,136.06,90.27,-69.82,3.63,243.8,3.98,A,Normal,0
PCB_01995,LOT_20260304,SMD_Line_C,Mounter_04,FD_04,NZ_02,BGA_256,4.21,-4.84,0.784,120.41,99.56,-73.88,3.18,249.1,4.27,F,Tombstone,1
PCB_01996,LOT_20260304,SMD_Line_B,Mounter_02,FD_02,NZ_08,CHIP_0603,-7.8,-0.69,-0.361,134.84,98.38,-79.11,2.67,247.4,3.13,F,Tombstone,1
PCB_01997,LOT_20260304,SMD_Line_C,Mounter_02,FD_04,NZ_07,CHIP_1005,-0.04,-4.67,-0.482,149.59,117.7,-76.92,3.49,253.2,4.1,F,Tombstone,1
PCB_01998,LOT_20260304,SMD_Line_A,Mounter_01,FD_18,NZ_06,CHIP_1005,-4.61,-9.66,0.183,117.55,121.44,-71.62,2.81,245.1,3.49,A,Normal,0
PCB_01999,LOT_20260304,SMD_Line_A,Mounter_01,FD_05,NZ_07,CHIP_0603,19.3,7.25,-0.806,110.29,84.34,-74.41,3.96,234.3,3.95,B,Normal,0
PCB_02000,LOT_20260304,SMD_Line_A,Mounter_03,FD_19,NZ_06,CAP_3216,11.66,-1.75,0.053,113.73,105.84,-74.84,3.74,246.6,4.28,A,Normal,0
PCB_02001,LOT_20260305,SMD_Line_A,Mounter_01,FD_10,NZ_07,CHIP_1005,5.68,-1.06,0.736,135.65,106.37,-73.51,3.21,234.7,4.64,A,Normal,0
PCB_02002,LOT_20260305,SMD_Line_A,Mounter_01,FD_18,NZ_07,CHIP_0603,21.46,-29.53,0.187,152.35,,-82.97,2.72,243.0,3.83,B,Normal,0
PCB_02003,LOT_20260305,SMD_Line_C,Mounter_03,FD_21,NZ_02,CAP_3216,-12.98,-2.67,0.014,142.72,,,3.5,248.8,5.1,A,Normal,0
PCB_02004,LOT_20260305,SMD_Line_A,Mounter_01,FD_10,NZ_06,CHIP_1005,9.7,-12.7,-0.378,149.27,108.47,-69.76,3.68,252.1,3.75,A,Normal,0
PCB_02005,LOT_20260305,SMD_Line_A,Mounter_01,FD_05,NZ_02,IC_QFP_48,6.84,-6.16,-0.676,97.01,114.59,-70.2,3.0,240.7,3.77,A,Normal,0
PCB_02006,LOT_20260305,SMD_Line_C,Mounter_03,FD_17,NZ_06,CHIP_1005,-2.88,2.79,0.389,117.5,93.44,,3.45,246.7,4.71,A,Normal,0
PCB_02007,LOT_20260305,SMD_Line_B,Mounter_04,FD_22,NZ_02,BGA_256,-2.82,-7.24,0.013,113.23,114.36,-69.87,2.91,251.6,4.08,A,Normal,0
PCB_02008,LOT_20260305,SMD_Line_C,Mounter_04,FD_13,NZ_02,CHIP_0603,11.54,-5.61,0.281,138.38,100.05,-70.47,2.15,245.4,4.29,A,Normal,0
PCB_02009,LOT_20260305,SMD_Line_A,Mounter_01,FD_23,NZ_06,CHIP_0603,10.62,1.14,-0.986,127.01,117.06,-66.97,2.2,242.4,3.96,B,Normal,0
PCB_02010,LOT_20260305,SMD_Line_B,Mounter_01,FD_17,NZ_02,CHIP_1005,-17.78,-5.98,0.329,85.01,117.04,-69.9,3.29,252.8,4.01,A,Normal,0
PCB_02011,LOT_20260305,SMD_Line_A,Mounter_03,FD_09,NZ_07,CHIP_0603,22.71,-12.45,0.894,141.4,99.72,-71.87,4.11,249.2,4.37,B,Normal,0
PCB_02012,LOT_20260305,SMD_Line_A,Mounter_03,FD_24,NZ_06,IC_QFP_48,14.28,-20.31,0.604,147.52,105.01,-66.61,2.62,245.3,4.84,A,Normal,0
PCB_02013,LOT_20260305,SMD_Line_C,Mounter_04,FD_12,NZ_02,CHIP_1005,-3.52,3.97,0.133,160.14,91.57,,2.72,238.6,4.27,A,Normal,0
PCB_02014,LOT_20260305,SMD_Line_A,Mounter_02,FD_14,NZ_07,CHIP_0603,-9.89,-6.09,-0.47,132.48,80.52,,3.38,243.5,4.41,A,Normal,0
PCB_02015,LOT_20260305,SMD_Line_B,Mounter_01,FD_14,NZ_07,CHIP_0603,13.88,-19.65,0.055,139.29,103.01,-73.75,3.22,241.9,4.69,A,Normal,0
PCB_02016,LOT_20260305,SMD_Line_B,Mounter_02,FD_08,NZ_05,IC_QFP_48,6.21,14.7,0.069,112.88,82.4,-71.89,3.37,237.8,3.97,A,Normal,0
PCB_02017,LOT_20260305,SMD_Line_A,Mounter_02,FD_23,NZ_01,BGA_256,8.96,3.99,-0.223,105.37,125.12,,3.51,250.7,3.71,B,Normal,0
PCB_02018,LOT_20260305,SMD_Line_C,Mounter_03,FD_05,NZ_06,CHIP_1005,7.14,-14.02,-0.189,148.65,113.66,-77.3,3.19,247.4,3.69,A,Normal,0
PCB_02019,LOT_20260305,SMD_Line_A,Mounter_01,FD_19,NZ_02,CHIP_1005,15.18,-8.31,0.944,138.21,98.18,-78.01,3.28,242.0,3.76,A,Normal,0
PCB_02020,LOT_20260305,SMD_Line_B,Mounter_01,FD_14,NZ_05,CHIP_0603,10.7,12.35,-0.435,148.73,132.01,-72.77,2.52,242.5,3.68,C,Normal,0
PCB_02021,LOT_20260305,SMD_Line_C,Mounter_03,FD_09,NZ_01,CHIP_1005,-6.67,-2.07,-0.193,126.16,92.44,-67.21,2.95,243.1,4.75,A,Normal,0
PCB_02022,LOT_20260305,SMD_Line_B,Mounter_02,FD_07,NZ_08,CHIP_0603,-7.41,-4.94,0.252,165.55,95.29,-70.48,3.96,240.8,3.26,A,Normal,0
PCB_02023,LOT_20260305,SMD_Line_C,Mounter_03,FD_08,NZ_08,CHIP_1005,4.45,8.86,0.981,134.7,95.15,-68.96,3.48,257.0,4.5,F,Tombstone,1
PCB_02024,LOT_20260305,SMD_Line_A,Mounter_04,FD_14,NZ_02,CHIP_1005,28.62,-1.98,-0.135,118.7,99.23,-75.03,3.37,242.0,3.59,A,Normal,0
PCB_02025,LOT_20260305,SMD_Line_B,Mounter_01,FD_22,NZ_08,CAP_3216,-1.87,14.51,-0.809,125.23,,-70.94,2.68,243.6,5.1,A,Normal,0
PCB_02026,LOT_20260305,SMD_Line_A,Mounter_04,FD_14,NZ_01,CHIP_1005,4.54,-4.87,-0.961,105.94,105.48,-64.88,2.72,242.1,4.4,A,Normal,0
PCB_02027,LOT_20260305,SMD_Line_B,Mounter_03,FD_11,NZ_06,IC_QFP_48,11.18,-6.73,1.134,115.86,88.01,-69.2,2.56,237.5,3.76,B,Normal,0
PCB_02028,LOT_20260305,SMD_Line_C,Mounter_01,FD_14,NZ_07,CHIP_1005,-5.24,0.2,-0.859,124.19,101.54,-73.31,2.1,239.8,3.93,A,Normal,0
PCB_02029,LOT_20260305,SMD_Line_A,Mounter_04,FD_21,NZ_07,CAP_3216,9.97,11.38,0.034,153.25,93.49,-77.93,3.04,249.5,4.16,A,Normal,0
PCB_02030,LOT_20260305,SMD_Line_B,Mounter_04,FD_08,NZ_01,CHIP_1005,0.17,2.94,-0.681,129.01,100.75,-76.6,2.97,243.6,4.52,A,Normal,0
PCB_02031,LOT_20260305,SMD_Line_A,Mounter_02,FD_03,NZ_08,CHIP_0603,15.62,1.22,-0.355,146.27,87.01,-69.7,3.31,246.7,4.37,A,Normal,0
PCB_02032,LOT_20260305,SMD_Line_B,Mounter_01,FD_23,NZ_07,BGA_256,-11.81,-9.53,-0.292,128.5,89.63,-71.23,3.82,246.9,4.19,A,Normal,0
PCB_02033,LOT_20260305,SMD_Line_B,Mounter_04,FD_18,NZ_08,CHIP_0603,28.92,-11.26,-0.88,114.61,125.5,-65.71,2.82,246.9,3.85,F,Tombstone,1
PCB_02034,LOT_20260305,SMD_Line_C,Mounter_04,FD_03,NZ_03,CHIP_0603,-3.91,11.4,0.549,138.18,88.95,-71.77,3.95,242.1,4.06,A,Normal,0
PCB_02035,LOT_20260305,SMD_Line_B,Mounter_02,FD_13,NZ_04,CHIP_0603,6.52,12.64,0.194,117.33,106.28,-77.2,3.51,252.1,4.87,A,Normal,0
PCB_02036,LOT_20260305,SMD_Line_A,Mounter_04,FD_12,NZ_07,BGA_256,0.06,12.26,-0.192,124.04,93.56,-72.8,4.05,248.9,5.26,A,Normal,0
PCB_02037,LOT_20260305,SMD_Line_A,Mounter_04,FD_15,NZ_03,CHIP_0603,-13.48,9.33,-0.259,160.47,87.79,-71.85,2.52,247.0,4.75,A,Normal,0
PCB_02038,LOT_20260305,SMD_Line_A,Mounter_04,FD_18,NZ_06,BGA_256,10.42,5.27,0.49,139.07,100.77,-73.35,3.9,246.1,3.72,A,Normal,0
PCB_02039,LOT_20260305,SMD_Line_A,Mounter_02,FD_05,NZ_06,CHIP_1005,-3.3,5.09,0.04,117.7,89.57,-72.01,2.8,239.2,4.92,A,Normal,0
PCB_02040,LOT_20260305,SMD_Line_A,Mounter_04,FD_07,NZ_01,CHIP_0603,6.57,1.58,0.939,140.98,106.22,-70.69,2.72,248.5,4.03,A,Normal,0
PCB_02041,LOT_20260305,SMD_Line_C,Mounter_04,FD_11,NZ_07,CHIP_1005,-10.06,6.63,-0.201,115.93,98.5,-79.09,3.16,244.4,4.2,A,Normal,0
PCB_02042,LOT_20260305,SMD_Line_B,Mounter_01,FD_11,NZ_08,CHIP_0603,-3.25,-0.49,0.192,103.69,116.03,,2.69,241.6,3.57,A,Normal,0
PCB_02043,LOT_20260305,SMD_Line_B,Mounter_01,FD_15,NZ_07,CHIP_1005,-3.68,6.6,-0.554,146.39,,-67.58,3.46,240.7,4.26,A,Normal,0
PCB_02044,LOT_20260305,SMD_Line_A,Mounter_02,FD_10,NZ_08,IC_QFP_48,6.88,10.83,-0.195,134.42,103.31,-66.36,3.7,249.1,3.81,A,Normal,0
PCB_02045,LOT_20260305,SMD_Line_C,Mounter_03,FD_15,NZ_08,CHIP_1005,3.85,-14.84,0.467,127.04,104.44,-76.47,3.5,239.1,4.89,A,Normal,0
PCB_02046,LOT_20260305,SMD_Line_B,Mounter_01,FD_13,NZ_07,CHIP_0603,-2.21,12.94,0.53,105.02,88.04,-76.46,3.17,243.3,5.47,A,Normal,0
PCB_02047,LOT_20260305,SMD_Line_A,Mounter_02,FD_14,NZ_08,IC_QFP_48,-4.62,-0.68,0.829,125.27,92.03,-69.33,3.91,245.7,4.2,A,Normal,0
PCB_02048,LOT_20260305,SMD_Line_B,Mounter_04,FD_17,NZ_05,BGA_256,3.94,17.21,0.2,132.88,82.92,-64.91,3.46,244.4,4.44,A,Normal,0
PCB_02049,LOT_20260305,SMD_Line_B,Mounter_04,FD_13,NZ_02,IC_QFP_48,2.47,14.99,0.556,112.52,81.28,-71.23,3.11,246.7,4.05,B,Normal,0
PCB_02050,LOT_20260305,SMD_Line_A,Mounter_02,FD_10,NZ_04,BGA_256,1.61,-12.16,0.281,130.63,98.58,-71.62,3.12,249.9,4.26,A,Normal,0
PCB_02051,LOT_20260305,SMD_Line_B,Mounter_04,FD_01,NZ_07,CHIP_0603,24.62,0.01,-0.186,153.25,109.68,-74.48,2.67,247.6,3.9,F,Tombstone,1
PCB_02052,LOT_20260305,SMD_Line_B,Mounter_04,FD_01,NZ_02,BGA_256,6.9,-22.02,-0.681,133.4,98.42,-68.46,2.62,245.3,4.36,A,Normal,0
PCB_02053,LOT_20260305,SMD_Line_A,Mounter_03,FD_15,NZ_05,CHIP_0603,24.05,-4.56,-0.104,138.77,98.92,-73.06,2.93,243.1,4.4,A,Normal,0
PCB_02054,LOT_20260305,SMD_Line_C,Mounter_04,FD_16,NZ_08,CHIP_0603,-0.87,4.2,-0.515,123.4,84.42,-66.51,2.57,239.0,4.35,A,Normal,0
PCB_02055,LOT_20260305,SMD_Line_C,Mounter_01,FD_12,NZ_08,BGA_256,-0.61,9.99,0.475,114.23,,-70.74,2.51,244.7,4.57,F,Tombstone,1
PCB_02056,LOT_20260305,SMD_Line_B,Mounter_04,FD_24,NZ_06,CAP_3216,-6.32,0.82,0.5,121.58,104.1,-71.09,2.65,243.4,4.02,A,Normal,0
PCB_02057,LOT_20260305,SMD_Line_B,Mounter_02,FD_06,NZ_04,IC_QFP_48,3.77,5.22,-0.457,145.82,92.07,-74.88,3.84,247.2,5.54,A,Normal,0
PCB_02058,LOT_20260305,SMD_Line_B,Mounter_03,FD_06,NZ_03,CHIP_0603,-4.07,-8.29,0.5,128.54,78.39,-74.75,2.71,244.4,3.87,F,Tombstone,1
PCB_02059,LOT_20260305,SMD_Line_B,Mounter_04,FD_12,NZ_06,CHIP_0603,-5.85,-0.22,-0.531,126.97,93.47,-74.16,3.69,249.4,3.87,F,Tombstone,1
PCB_02060,LOT_20260305,SMD_Line_B,Mounter_02,FD_15,NZ_06,CHIP_1005,-23.75,-6.96,0.65,122.42,102.99,-72.32,2.82,243.2,2.94,A,Normal,0
PCB_02061,LOT_20260305,SMD_Line_A,Mounter_01,FD_04,NZ_08,BGA_256,18.32,3.33,-0.073,110.93,104.83,-68.13,3.31,242.6,4.58,A,Normal,0
PCB_02062,LOT_20260305,SMD_Line_B,Mounter_04,FD_24,NZ_01,CHIP_0603,-4.79,16.4,0.206,150.51,102.39,-69.12,2.71,246.8,2.77,A,Normal,0
PCB_02063,LOT_20260305,SMD_Line_C,Mounter_03,FD_04,NZ_05,BGA_256,18.44,-0.67,0.652,126.88,91.65,-73.64,3.32,245.5,4.03,F,Tombstone,1
PCB_02064,LOT_20260305,SMD_Line_B,Mounter_04,FD_02,NZ_01,CHIP_0603,-1.2,-16.18,0.269,122.03,107.13,-79.32,4.57,246.6,3.82,A,Normal,0
PCB_02065,LOT_20260305,SMD_Line_A,Mounter_02,FD_24,NZ_01,BGA_256,8.06,2.32,-0.06,131.2,99.75,-74.54,2.78,244.4,3.48,A,Normal,0
PCB_02066,LOT_20260305,SMD_Line_C,Mounter_03,FD_12,NZ_02,CAP_3216,0.93,8.32,0.394,122.06,89.49,-71.46,3.02,245.1,4.23,F,Tombstone,1
PCB_02067,LOT_20260305,SMD_Line_A,Mounter_04,FD_07,NZ_06,CHIP_1005,5.18,-10.83,-0.435,134.69,86.59,-71.19,2.49,243.8,5.08,A,Normal,0
PCB_02068,LOT_20260305,SMD_Line_A,Mounter_01,FD_20,NZ_08,CHIP_1005,-12.61,14.65,-0.868,119.73,,-65.58,3.86,245.6,4.56,A,Normal,0
PCB_02069,LOT_20260305,SMD_Line_A,Mounter_03,FD_09,NZ_05,BGA_256,14.78,-7.04,0.516,131.85,110.43,-66.99,3.96,250.2,3.82,A,Normal,0
PCB_02070,LOT_20260305,SMD_Line_A,Mounter_01,FD_09,NZ_01,CHIP_1005,-4.59,-8.97,-0.591,129.21,107.12,-69.22,2.64,242.9,5.2,F,Tombstone,1
PCB_02071,LOT_20260305,SMD_Line_C,Mounter_02,FD_08,NZ_08,IC_QFP_48,11.57,-21.01,0.415,157.83,101.96,-74.27,3.11,242.5,3.83,A,Normal,0
PCB_02072,LOT_20260305,SMD_Line_B,Mounter_04,FD_14,NZ_08,CHIP_1005,-18.26,3.17,0.064,158.66,107.6,-71.01,3.45,246.3,4.75,F,Tombstone,1
PCB_02073,LOT_20260305,SMD_Line_A,Mounter_01,FD_01,NZ_08,CHIP_0603,-9.43,21.43,-0.007,141.81,128.46,-70.2,3.24,244.2,3.33,B,Normal,0
PCB_02074,LOT_20260305,SMD_Line_C,Mounter_02,FD_23,NZ_03,BGA_256,4.65,4.33,-0.425,128.68,103.45,-67.39,2.64,250.9,4.08,A,Normal,0
PCB_02075,LOT_20260305,SMD_Line_C,Mounter_04,FD_21,NZ_04,CHIP_0603,-2.05,-8.66,-0.203,142.05,101.89,-75.46,2.62,247.9,3.61,A,Normal,0
PCB_02076,LOT_20260305,SMD_Line_C,Mounter_02,FD_23,NZ_08,CAP_3216,5.71,6.06,0.006,141.57,106.54,-68.88,2.46,248.6,5.24,A,Normal,0
PCB_02077,LOT_20260305,SMD_Line_A,Mounter_01,FD_12,NZ_07,CHIP_0603,2.59,9.44,0.089,122.95,109.0,-69.92,3.81,249.0,3.85,F,Tombstone,1
PCB_02078,LOT_20260305,SMD_Line_B,Mounter_02,FD_02,NZ_05,IC_QFP_48,22.85,13.7,-0.406,105.26,83.97,-73.78,3.6,242.2,3.69,B,Normal,0
PCB_02079,LOT_20260305,SMD_Line_C,Mounter_03,FD_13,NZ_02,CHIP_0603,6.75,-14.57,0.335,101.45,102.13,-67.44,4.2,245.5,4.43,A,Normal,0
PCB_02080,LOT_20260305,SMD_Line_C,Mounter_04,FD_04,NZ_05,CHIP_0603,-5.41,18.33,0.363,128.21,112.05,,2.6,247.8,4.08,A,Normal,0
PCB_02081,LOT_20260305,SMD_Line_A,Mounter_02,FD_20,NZ_06,CHIP_0603,-4.92,2.52,0.218,122.43,120.95,-64.39,3.38,245.0,5.27,A,Normal,0
PCB_02082,LOT_20260305,SMD_Line_A,Mounter_01,FD_18,NZ_02,IC_QFP_48,15.05,20.69,-0.197,121.84,100.24,-67.39,3.28,241.2,4.35,A,Normal,0
PCB_02083,LOT_20260305,SMD_Line_B,Mounter_04,FD_19,NZ_04,CHIP_1005,-19.1,1.84,0.387,117.93,94.55,-72.68,3.42,248.9,4.23,A,Normal,0
PCB_02084,LOT_20260305,SMD_Line_C,Mounter_03,FD_16,NZ_08,BGA_256,6.99,6.81,0.279,117.28,101.98,-73.48,3.57,244.3,4.56,F,Tombstone,1
PCB_02085,LOT_20260305,SMD_Line_B,Mounter_04,FD_14,NZ_03,CHIP_0603,-13.95,-11.19,-0.879,139.82,92.27,-72.12,5.12,246.3,4.09,A,Normal,0
PCB_02086,LOT_20260305,SMD_Line_B,Mounter_03,FD_08,NZ_01,IC_QFP_48,13.87,11.62,0.095,84.56,118.83,-74.63,5.09,247.4,4.32,A,Normal,0
PCB_02087,LOT_20260305,SMD_Line_A,Mounter_04,FD_12,NZ_05,IC_QFP_48,-5.4,-12.71,0.87,138.82,,-72.79,3.42,251.4,3.78,A,Normal,0
PCB_02088,LOT_20260305,SMD_Line_B,Mounter_02,FD_09,NZ_02,CHIP_0603,6.58,3.17,0.437,125.86,99.37,-69.13,4.17,245.9,3.89,A,Normal,0
PCB_02089,LOT_20260305,SMD_Line_C,Mounter_02,FD_06,NZ_08,CHIP_1005,0.46,-5.08,0.519,151.61,113.36,-74.48,2.68,236.5,3.74,A,Normal,0
PCB_02090,LOT_20260305,SMD_Line_A,Mounter_01,FD_18,NZ_04,CHIP_1005,-17.33,-1.04,-0.316,133.99,86.16,-68.71,3.14,245.8,4.4,F,Tombstone,1
PCB_02091,LOT_20260305,SMD_Line_C,Mounter_03,FD_02,NZ_01,CHIP_1005,8.0,12.81,0.057,104.0,75.14,-72.86,2.72,246.2,3.87,B,Normal,0
PCB_02092,LOT_20260305,SMD_Line_C,Mounter_01,FD_23,NZ_07,CHIP_0603,-9.01,-4.19,-0.082,101.93,105.06,-68.17,3.35,238.0,4.59,A,Normal,0
PCB_02093,LOT_20260305,SMD_Line_A,Mounter_02,FD_08,NZ_04,IC_QFP_48,10.02,13.05,-0.001,112.86,112.89,-67.23,3.52,251.2,3.77,A,Normal,0
PCB_02094,LOT_20260305,SMD_Line_B,Mounter_03,FD_24,NZ_03,CHIP_0603,-12.52,-4.8,-0.231,133.97,98.29,-75.5,4.58,233.9,3.72,A,Normal,0
PCB_02095,LOT_20260305,SMD_Line_A,Mounter_01,FD_14,NZ_01,IC_QFP_48,3.03,1.54,-0.556,104.31,91.85,-79.38,2.64,247.4,4.32,A,Normal,0
PCB_02096,LOT_20260305,SMD_Line_C,Mounter_01,FD_06,NZ_01,CAP_3216,0.49,25.37,0.029,131.66,88.52,-71.42,4.0,238.6,4.27,A,Normal,0
PCB_02097,LOT_20260305,SMD_Line_B,Mounter_01,FD_10,NZ_07,CHIP_1005,-7.53,1.44,-0.351,140.54,85.19,-71.1,2.95,249.5,4.63,A,Normal,0
PCB_02098,LOT_20260305,SMD_Line_B,Mounter_01,FD_08,NZ_08,CHIP_1005,17.25,-0.9,0.264,122.08,107.98,-76.28,2.87,247.4,3.61,A,Normal,0
PCB_02099,LOT_20260305,SMD_Line_C,Mounter_01,FD_17,NZ_01,CHIP_0603,0.42,1.65,-0.014,116.68,109.82,-66.16,3.06,251.2,3.43,A,Normal,0
PCB_02100,LOT_20260305,SMD_Line_A,Mounter_03,FD_12,NZ_02,BGA_256,-5.27,-3.9,-0.867,97.74,111.02,-73.27,4.39,247.2,4.81,A,Normal,0
PCB_02101,LOT_20260305,SMD_Line_C,Mounter_01,FD_17,NZ_01,CHIP_0603,3.73,-11.82,0.622,152.65,100.09,-69.76,2.02,246.5,3.52,A,Normal,0
PCB_02102,LOT_20260305,SMD_Line_B,Mounter_03,FD_13,NZ_04,CHIP_1005,-18.2,24.3,0.196,157.4,86.13,-74.56,3.47,243.6,4.61,B,Normal,0
PCB_02103,LOT_20260305,SMD_Line_A,Mounter_01,FD_19,NZ_02,CAP_3216,30.65,-4.79,-0.206,148.3,91.42,-77.23,3.88,237.7,3.02,B,Normal,0
PCB_02104,LOT_20260305,SMD_Line_B,Mounter_02,FD_12,NZ_01,CHIP_1005,-13.57,-17.97,-0.151,125.85,107.18,-67.91,2.62,254.2,4.48,A,Normal,0
PCB_02105,LOT_20260305,SMD_Line_C,Mounter_02,FD_16,NZ_04,IC_QFP_48,6.9,-1.83,-0.553,129.2,87.55,-75.24,3.52,243.0,4.19,A,Normal,0
PCB_02106,LOT_20260305,SMD_Line_A,Mounter_01,FD_05,NZ_04,CHIP_1005,0.76,4.21,-0.028,140.28,,-69.25,2.77,246.4,4.4,A,Normal,0
PCB_02107,LOT_20260305,SMD_Line_C,Mounter_04,FD_16,NZ_05,CHIP_0603,14.76,-2.45,0.307,132.2,87.79,-74.9,4.38,241.5,4.58,A,Normal,0
PCB_02108,LOT_20260305,SMD_Line_C,Mounter_02,FD_06,NZ_04,IC_QFP_48,2.22,-0.58,0.785,83.26,91.64,-72.77,2.43,240.5,4.67,A,Normal,0
PCB_02109,LOT_20260305,SMD_Line_A,Mounter_03,FD_11,NZ_07,CHIP_0603,-7.98,-1.93,-0.04,143.77,86.18,-72.56,3.55,245.3,4.43,A,Normal,0
PCB_02110,LOT_20260305,SMD_Line_C,Mounter_01,FD_17,NZ_06,IC_QFP_48,-23.22,5.02,0.022,148.28,100.2,-72.09,2.94,246.7,4.62,A,Normal,0
PCB_02111,LOT_20260305,SMD_Line_A,Mounter_03,FD_23,NZ_03,CHIP_0603,-22.25,9.66,0.537,146.08,82.44,-74.25,3.12,252.4,4.76,B,Normal,0
PCB_02112,LOT_20260305,SMD_Line_A,Mounter_04,FD_14,NZ_01,BGA_256,-2.98,-2.27,-0.521,136.78,90.88,-69.48,3.03,249.2,4.84,A,Normal,0
PCB_02113,LOT_20260305,SMD_Line_A,Mounter_01,FD_06,NZ_07,CHIP_0603,17.13,30.56,0.066,144.37,110.21,-68.7,3.87,246.2,4.46,F,Tombstone,1
PCB_02114,LOT_20260305,SMD_Line_C,Mounter_02,FD_23,NZ_01,CHIP_1005,-20.9,12.28,-0.34,108.81,112.59,-67.73,3.32,244.7,3.73,A,Normal,0
PCB_02115,LOT_20260305,SMD_Line_B,Mounter_03,FD_11,NZ_01,CHIP_1005,23.12,-0.06,0.059,128.6,108.05,-73.56,2.36,246.4,4.07,A,Normal,0
PCB_02116,LOT_20260305,SMD_Line_A,Mounter_02,FD_12,NZ_04,CHIP_1005,13.59,-15.56,0.422,119.97,116.99,-75.92,3.43,243.9,4.15,B,Normal,0
PCB_02117,LOT_20260305,SMD_Line_B,Mounter_02,FD_13,NZ_04,CHIP_0603,-16.86,1.35,-0.743,151.77,84.16,-71.25,3.37,246.1,3.86,B,Normal,0
PCB_02118,LOT_20260305,SMD_Line_B,Mounter_01,FD_04,NZ_01,CHIP_1005,-13.56,9.6,0.5,132.76,,-70.7,3.83,241.7,3.63,A,Normal,0
PCB_02119,LOT_20260305,SMD_Line_A,Mounter_03,FD_07,NZ_06,CHIP_0603,-12.31,9.69,0.162,127.61,100.91,-70.68,3.41,242.7,4.66,A,Normal,0
PCB_02120,LOT_20260305,SMD_Line_C,Mounter_04,FD_02,NZ_02,CHIP_1005,3.74,-21.86,0.063,114.73,123.42,-66.63,2.3,244.8,4.35,B,Normal,0
PCB_02121,LOT_20260305,SMD_Line_C,Mounter_02,FD_06,NZ_02,CHIP_1005,-0.7,1.36,0.606,114.11,97.15,-71.61,3.91,246.4,3.87,A,Normal,0
PCB_02122,LOT_20260305,SMD_Line_B,Mounter_01,FD_06,NZ_03,CHIP_1005,-1.17,-5.67,-0.356,113.07,109.62,-64.66,3.89,244.5,4.22,A,Normal,0
PCB_02123,LOT_20260305,SMD_Line_C,Mounter_01,FD_18,NZ_05,CHIP_0603,-6.31,17.67,-0.603,141.18,120.32,-68.92,3.52,245.8,4.35,B,Normal,0
PCB_02124,LOT_20260305,SMD_Line_B,Mounter_04,FD_20,NZ_08,CAP_3216,2.23,1.46,-0.461,138.97,101.56,-68.81,3.38,241.2,3.62,A,Normal,0
PCB_02125,LOT_20260305,SMD_Line_C,Mounter_01,FD_08,NZ_07,CHIP_1005,10.46,-26.95,0.24,133.75,94.37,-71.69,3.43,240.0,3.8,B,Normal,0
PCB_02126,LOT_20260305,SMD_Line_B,Mounter_02,FD_08,NZ_03,CHIP_0603,-1.6,4.35,-0.223,141.87,95.41,-73.09,3.9,244.8,4.04,A,Normal,0
PCB_02127,LOT_20260305,SMD_Line_B,Mounter_01,FD_08,NZ_08,CHIP_1005,-8.28,-23.01,-0.393,117.92,79.46,-74.14,4.03,237.9,4.12,B,Normal,0
PCB_02128,LOT_20260305,SMD_Line_A,Mounter_03,FD_08,NZ_01,BGA_256,12.4,5.31,-0.44,102.34,94.49,-71.36,3.53,248.6,3.4,A,Normal,0
PCB_02129,LOT_20260305,SMD_Line_C,Mounter_03,FD_01,NZ_07,CHIP_0603,-2.77,30.53,0.079,140.25,82.94,-68.93,3.59,239.2,4.57,B,Normal,0
PCB_02130,LOT_20260305,SMD_Line_B,Mounter_02,FD_02,NZ_01,IC_QFP_48,6.9,16.05,-0.012,129.16,109.39,-72.69,3.33,243.4,4.22,A,Normal,0
PCB_02131,LOT_20260305,SMD_Line_A,Mounter_03,FD_12,NZ_01,CHIP_1005,-1.25,3.05,-0.638,142.49,81.25,-73.3,4.65,247.1,4.08,A,Normal,0
PCB_02132,LOT_20260305,SMD_Line_A,Mounter_04,FD_15,NZ_05,CHIP_0603,13.56,-7.78,-0.623,136.39,104.71,-75.61,1.98,248.8,3.84,A,Normal,0
PCB_02133,LOT_20260305,SMD_Line_B,Mounter_01,FD_04,NZ_04,BGA_256,15.42,15.04,-0.237,128.9,113.65,-70.21,2.81,247.7,3.69,A,Normal,0
PCB_02134,LOT_20260305,SMD_Line_B,Mounter_02,FD_03,NZ_05,CHIP_1005,14.98,7.5,0.413,133.08,108.75,-75.74,2.73,247.0,4.21,A,Normal,0
PCB_02135,LOT_20260305,SMD_Line_B,Mounter_04,FD_14,NZ_03,CHIP_0603,-6.9,-3.15,-0.192,151.14,94.2,,4.47,255.8,4.28,A,Normal,0
PCB_02136,LOT_20260305,SMD_Line_C,Mounter_01,FD_22,NZ_04,BGA_256,-7.03,-6.36,-0.664,125.65,109.17,-71.01,3.08,240.6,5.18,A,Normal,0
PCB_02137,LOT_20260305,SMD_Line_A,Mounter_04,FD_23,NZ_04,CHIP_1005,10.92,-10.7,-0.039,141.05,100.12,-72.49,2.01,246.3,5.23,A,Normal,0
PCB_02138,LOT_20260305,SMD_Line_B,Mounter_02,FD_08,NZ_03,BGA_256,-0.81,4.42,0.017,134.64,94.51,-67.78,2.72,247.7,3.93,A,Normal,0
PCB_02139,LOT_20260305,SMD_Line_A,Mounter_02,FD_13,NZ_04,CHIP_1005,-0.43,-4.92,-0.668,104.88,95.64,-66.43,3.54,246.5,3.72,A,Normal,0
PCB_02140,LOT_20260305,SMD_Line_C,Mounter_04,FD_23,NZ_07,IC_QFP_48,-8.69,1.98,-0.548,110.29,105.31,-79.37,3.23,243.0,3.57,A,Normal,0
PCB_02141,LOT_20260305,SMD_Line_C,Mounter_01,FD_19,NZ_02,BGA_256,17.62,10.95,0.335,129.41,81.32,-77.2,3.15,247.3,4.24,F,Tombstone,1
PCB_02142,LOT_20260305,SMD_Line_B,Mounter_03,FD_22,NZ_03,CHIP_0603,13.01,-5.21,-0.554,122.53,93.95,-69.95,3.33,247.0,3.58,A,Normal,0
PCB_02143,LOT_20260305,SMD_Line_B,Mounter_03,FD_05,NZ_08,IC_QFP_48,-1.49,7.61,0.354,115.75,,-66.07,3.9,250.2,3.51,A,Normal,0
PCB_02144,LOT_20260305,SMD_Line_A,Mounter_04,FD_13,NZ_03,CHIP_1005,-8.07,14.42,-0.696,146.06,93.85,-76.77,3.77,247.0,3.83,A,Normal,0
PCB_02145,LOT_20260305,SMD_Line_B,Mounter_02,FD_20,NZ_02,CHIP_0603,-8.62,4.66,-0.679,107.57,84.5,-70.52,2.72,237.0,3.9,A,Normal,0
PCB_02146,LOT_20260305,SMD_Line_C,Mounter_01,FD_01,NZ_05,CHIP_1005,1.67,8.25,0.01,127.02,89.3,-78.11,3.39,248.3,3.83,A,Normal,0
PCB_02147,LOT_20260305,SMD_Line_B,Mounter_01,FD_16,NZ_05,CHIP_0603,4.83,4.75,-0.34,116.89,102.07,-78.49,4.14,243.3,3.39,A,Normal,0
PCB_02148,LOT_20260305,SMD_Line_A,Mounter_02,FD_23,NZ_05,IC_QFP_48,-10.78,0.19,-0.241,152.24,105.79,-64.76,3.34,244.2,4.15,A,Normal,0
PCB_02149,LOT_20260305,SMD_Line_B,Mounter_03,FD_24,NZ_04,CHIP_1005,-15.56,9.88,0.068,167.76,113.01,-70.64,2.86,240.2,4.15,A,Normal,0
PCB_02150,LOT_20260305,SMD_Line_C,Mounter_01,FD_02,NZ_02,CAP_3216,1.0,18.99,-0.254,125.33,109.37,-77.38,2.52,245.6,4.87,A,Normal,0
PCB_02151,LOT_20260305,SMD_Line_A,Mounter_04,FD_07,NZ_07,CHIP_0603,10.81,10.09,-0.427,142.73,109.23,,3.35,253.3,3.58,F,Tombstone,1
PCB_02152,LOT_20260305,SMD_Line_A,Mounter_03,FD_06,NZ_03,CHIP_1005,0.92,-2.28,0.221,149.05,76.94,-74.73,3.08,249.5,4.46,A,Normal,0
PCB_02153,LOT_20260305,SMD_Line_B,Mounter_04,FD_05,NZ_03,CHIP_0603,-3.12,-1.98,0.081,143.48,109.04,,3.07,240.0,5.09,A,Normal,0
PCB_02154,LOT_20260305,SMD_Line_C,Mounter_03,FD_04,NZ_03,CHIP_1005,-14.13,-1.53,0.019,141.87,93.79,-73.1,3.34,244.2,3.47,A,Normal,0
PCB_02155,LOT_20260305,SMD_Line_A,Mounter_02,FD_02,NZ_04,IC_QFP_48,-7.92,11.18,-0.008,103.41,,,2.8,249.2,3.65,A,Normal,0
PCB_02156,LOT_20260305,SMD_Line_A,Mounter_04,FD_10,NZ_04,IC_QFP_48,10.98,-6.21,-0.361,147.64,106.69,-70.43,3.98,244.2,3.57,A,Normal,0
PCB_02157,LOT_20260305,SMD_Line_A,Mounter_04,FD_22,NZ_06,BGA_256,-15.67,-12.09,-0.455,135.39,102.15,-74.4,3.16,236.4,4.42,A,Normal,0
PCB_02158,LOT_20260305,SMD_Line_A,Mounter_02,FD_05,NZ_07,BGA_256,22.16,5.53,-0.155,126.56,110.62,-74.58,4.39,242.7,4.4,A,Normal,0
PCB_02159,LOT_20260305,SMD_Line_B,Mounter_04,FD_18,NZ_05,CHIP_0603,1.06,0.26,-0.353,128.83,93.59,-70.58,3.82,250.8,4.68,A,Normal,0
PCB_02160,LOT_20260305,SMD_Line_B,Mounter_03,FD_10,NZ_08,CHIP_0603,-19.83,17.48,-0.006,133.87,,-74.28,3.15,251.3,4.24,A,Normal,0
PCB_02161,LOT_20260305,SMD_Line_B,Mounter_01,FD_23,NZ_06,IC_QFP_48,6.29,-26.63,-0.176,126.19,,-74.3,2.43,244.3,5.1,F,Tombstone,1
PCB_02162,LOT_20260305,SMD_Line_B,Mounter_01,FD_22,NZ_06,CHIP_1005,5.63,2.46,0.008,124.68,123.53,-71.63,3.6,243.8,4.47,A,Normal,0
PCB_02163,LOT_20260305,SMD_Line_A,Mounter_02,FD_15,NZ_04,CHIP_0603,-5.47,-4.76,-0.042,115.33,83.94,-71.89,3.48,235.4,4.83,A,Normal,0
PCB_02164,LOT_20260305,SMD_Line_C,Mounter_03,FD_09,NZ_05,CHIP_1005,11.74,9.56,0.794,137.65,90.28,-73.55,2.78,244.6,4.28,A,Normal,0
PCB_02165,LOT_20260305,SMD_Line_B,Mounter_04,FD_11,NZ_05,CHIP_1005,-7.75,-3.3,-0.624,127.58,87.63,-68.32,2.51,242.6,4.01,A,Normal,0
PCB_02166,LOT_20260305,SMD_Line_C,Mounter_04,FD_21,NZ_03,CHIP_1005,7.9,-6.8,-0.084,118.11,102.48,-70.27,3.19,237.0,4.11,A,Normal,0
PCB_02167,LOT_20260305,SMD_Line_B,Mounter_01,FD_17,NZ_04,BGA_256,-0.43,11.04,-0.498,131.47,89.82,-64.94,3.34,241.0,4.89,A,Normal,0
PCB_02168,LOT_20260305,SMD_Line_A,Mounter_04,FD_21,NZ_05,CHIP_1005,-3.54,15.09,-0.217,130.64,112.94,-72.87,3.3,239.5,4.6,A,Normal,0
PCB_02169,LOT_20260305,SMD_Line_B,Mounter_01,FD_09,NZ_08,CHIP_0603,16.79,-1.15,-0.368,137.59,103.78,-69.53,3.2,245.2,4.57,A,Normal,0
PCB_02170,LOT_20260305,SMD_Line_A,Mounter_02,FD_23,NZ_06,CHIP_0603,12.29,-0.93,0.288,129.55,82.12,-66.9,3.92,251.5,4.7,A,Normal,0
PCB_02171,LOT_20260305,SMD_Line_B,Mounter_04,FD_16,NZ_02,BGA_256,-13.84,14.99,-0.663,139.25,109.36,-75.13,2.82,244.4,4.33,A,Normal,0
PCB_02172,LOT_20260305,SMD_Line_A,Mounter_03,FD_06,NZ_02,CAP_3216,4.75,13.67,0.351,125.9,110.94,-73.25,4.34,246.1,5.61,A,Normal,0
PCB_02173,LOT_20260305,SMD_Line_A,Mounter_04,FD_22,NZ_04,IC_QFP_48,23.67,12.17,0.238,126.98,91.26,-67.71,2.2,255.3,4.09,A,Normal,0
PCB_02174,LOT_20260305,SMD_Line_C,Mounter_01,FD_11,NZ_03,CHIP_1005,17.11,-4.75,0.925,134.16,,-69.64,2.76,237.0,4.25,A,Normal,0
PCB_02175,LOT_20260305,SMD_Line_A,Mounter_02,FD_23,NZ_03,CAP_3216,-11.37,-7.77,0.811,135.81,104.78,-72.08,2.48,245.8,3.98,A,Normal,0
PCB_02176,LOT_20260305,SMD_Line_C,Mounter_01,FD_17,NZ_05,IC_QFP_48,19.95,19.31,-0.359,148.17,107.9,-76.84,3.33,249.8,4.45,B,Normal,0
PCB_02177,LOT_20260305,SMD_Line_A,Mounter_04,FD_04,NZ_08,BGA_256,11.63,7.19,0.557,145.72,87.96,-76.54,3.44,246.3,3.32,A,Normal,0
PCB_02178,LOT_20260305,SMD_Line_B,Mounter_01,FD_15,NZ_07,IC_QFP_48,-13.11,-8.75,-0.146,129.35,111.08,-73.59,4.25,238.2,2.72,A,Normal,0
PCB_02179,LOT_20260305,SMD_Line_B,Mounter_01,FD_01,NZ_04,CHIP_1005,2.6,-1.26,0.137,108.85,93.12,-74.81,3.33,253.1,3.88,A,Normal,0
PCB_02180,LOT_20260305,SMD_Line_B,Mounter_02,FD_22,NZ_07,CHIP_1005,5.97,1.0,0.774,140.26,114.2,-74.73,3.71,248.5,4.49,A,Normal,0
PCB_02181,LOT_20260305,SMD_Line_A,Mounter_03,FD_20,NZ_02,CHIP_0603,-13.46,-1.25,-0.341,137.92,81.04,-78.42,2.55,246.1,4.71,A,Normal,0
PCB_02182,LOT_20260305,SMD_Line_A,Mounter_04,FD_01,NZ_06,CHIP_0603,8.83,-3.45,0.025,133.26,91.2,-76.75,2.37,239.2,3.57,A,Normal,0
PCB_02183,LOT_20260305,SMD_Line_A,Mounter_02,FD_09,NZ_05,IC_QFP_48,30.37,14.52,-0.876,141.6,97.5,-75.08,3.98,254.6,3.37,B,Normal,0
PCB_02184,LOT_20260305,SMD_Line_A,Mounter_03,FD_12,NZ_06,BGA_256,17.07,6.24,0.4,124.47,88.11,-71.59,3.76,247.5,3.84,A,Normal,0
PCB_02185,LOT_20260305,SMD_Line_B,Mounter_01,FD_04,NZ_07,IC_QFP_48,2.02,26.59,0.946,106.07,,-73.2,3.34,246.9,3.83,F,Tombstone,1
PCB_02186,LOT_20260305,SMD_Line_C,Mounter_03,FD_22,NZ_05,CHIP_1005,-3.52,15.17,0.258,116.88,95.84,-71.8,2.67,247.5,4.31,A,Normal,0
PCB_02187,LOT_20260305,SMD_Line_C,Mounter_01,FD_13,NZ_01,CHIP_0603,4.1,1.61,0.616,86.55,97.48,-71.95,4.66,249.0,4.26,A,Normal,0
PCB_02188,LOT_20260305,SMD_Line_C,Mounter_01,FD_07,NZ_06,CHIP_0603,-12.19,16.72,0.514,136.66,95.15,,3.7,245.5,4.93,F,Tombstone,1
PCB_02189,LOT_20260305,SMD_Line_C,Mounter_02,FD_08,NZ_04,CHIP_1005,-5.97,4.16,-0.318,129.01,84.51,-68.28,2.79,244.5,3.99,A,Normal,0
PCB_02190,LOT_20260305,SMD_Line_B,Mounter_01,FD_13,NZ_06,CHIP_1005,-24.52,28.54,0.146,142.91,99.72,-69.43,3.23,235.6,3.54,B,Normal,0
PCB_02191,LOT_20260305,SMD_Line_A,Mounter_02,FD_11,NZ_06,CHIP_1005,5.43,-3.72,0.222,141.3,98.49,,2.32,241.7,4.35,A,Normal,0
PCB_02192,LOT_20260305,SMD_Line_C,Mounter_03,FD_09,NZ_05,CHIP_0603,-4.22,5.35,-0.525,122.65,87.89,-73.85,3.27,253.3,3.72,A,Normal,0
PCB_02193,LOT_20260305,SMD_Line_B,Mounter_03,FD_24,NZ_02,CAP_3216,7.73,-7.09,0.65,117.63,114.99,-67.24,2.92,241.5,3.72,A,Normal,0
PCB_02194,LOT_20260305,SMD_Line_B,Mounter_01,FD_16,NZ_07,CHIP_1005,1.5,-4.5,-0.227,118.18,103.78,-75.56,4.63,243.8,5.05,A,Normal,0
PCB_02195,LOT_20260305,SMD_Line_A,Mounter_02,FD_10,NZ_01,BGA_256,-12.64,-4.03,-0.098,158.73,108.64,-68.57,3.66,240.2,4.67,A,Normal,0
PCB_02196,LOT_20260305,SMD_Line_B,Mounter_01,FD_11,NZ_06,CHIP_1005,2.51,14.59,-0.119,127.73,90.3,-75.04,1.68,247.1,3.99,A,Normal,0
PCB_02197,LOT_20260305,SMD_Line_B,Mounter_02,FD_12,NZ_08,CHIP_0603,-8.92,2.45,0.017,125.9,72.29,-67.39,4.3,243.9,5.11,B,Normal,0
PCB_02198,LOT_20260305,SMD_Line_C,Mounter_02,FD_14,NZ_07,IC_QFP_48,20.69,-29.02,1.318,134.37,120.93,-70.37,3.44,243.8,4.61,F,Mount_Shift,1
PCB_02199,LOT_20260305,SMD_Line_B,Mounter_02,FD_19,NZ_08,IC_QFP_48,-10.54,1.11,-0.273,106.2,102.02,-68.87,4.12,241.6,4.39,A,Normal,0
PCB_02200,LOT_20260305,SMD_Line_A,Mounter_03,FD_12,NZ_07,CHIP_1005,-5.88,-11.49,-0.696,124.04,,-71.26,3.37,246.8,3.86,F,Tombstone,1
PCB_02201,LOT_20260305,SMD_Line_C,Mounter_02,FD_18,NZ_08,CHIP_1005,-12.67,-5.2,0.074,117.15,103.85,,3.29,251.2,3.17,A,Normal,0
PCB_02202,LOT_20260305,SMD_Line_A,Mounter_03,FD_21,NZ_02,CHIP_0603,-13.75,13.58,-0.388,114.0,104.79,-71.89,2.7,237.9,3.77,A,Normal,0
PCB_02203,LOT_20260305,SMD_Line_B,Mounter_02,FD_17,NZ_03,IC_QFP_48,0.38,-15.85,-0.184,126.07,87.24,-75.56,3.59,243.7,3.95,A,Normal,0
PCB_02204,LOT_20260305,SMD_Line_A,Mounter_03,FD_03,NZ_01,CAP_3216,-15.57,-14.49,0.279,130.71,87.65,-68.17,3.85,244.3,3.6,A,Normal,0
PCB_02205,LOT_20260305,SMD_Line_B,Mounter_04,FD_01,NZ_01,CHIP_0603,-2.35,-19.59,-0.489,111.18,87.69,-72.93,2.15,241.8,4.26,A,Normal,0
PCB_02206,LOT_20260305,SMD_Line_C,Mounter_03,FD_19,NZ_08,CHIP_0603,5.38,-4.57,-0.164,124.52,106.62,-71.66,2.71,249.9,3.18,A,Normal,0
PCB_02207,LOT_20260305,SMD_Line_A,Mounter_03,FD_04,NZ_08,CAP_3216,-5.3,-19.94,0.132,131.2,85.44,-77.55,2.46,249.9,4.87,A,Normal,0
PCB_02208,LOT_20260305,SMD_Line_C,Mounter_01,FD_23,NZ_08,CHIP_0603,-27.54,-18.95,-0.35,136.77,81.65,,4.27,246.0,3.97,B,Normal,0
PCB_02209,LOT_20260305,SMD_Line_A,Mounter_02,FD_16,NZ_07,IC_QFP_48,16.67,-2.71,-0.018,125.91,92.29,-70.61,3.87,242.1,4.57,A,Normal,0
PCB_02210,LOT_20260305,SMD_Line_C,Mounter_04,FD_12,NZ_05,CHIP_1005,3.33,3.7,0.132,134.95,96.73,-65.96,2.98,249.8,4.56,A,Normal,0
PCB_02211,LOT_20260305,SMD_Line_C,Mounter_01,FD_21,NZ_06,CHIP_1005,3.48,-10.75,-0.052,124.72,99.4,-72.23,3.85,243.8,3.58,A,Normal,0
PCB_02212,LOT_20260305,SMD_Line_C,Mounter_02,FD_21,NZ_03,CHIP_1005,-2.9,4.26,0.071,149.22,94.16,-73.2,2.38,249.1,3.33,A,Normal,0
PCB_02213,LOT_20260305,SMD_Line_A,Mounter_04,FD_13,NZ_08,CHIP_0603,10.14,1.31,0.161,138.16,105.81,,3.38,255.3,3.88,A,Normal,0
PCB_02214,LOT_20260305,SMD_Line_C,Mounter_04,FD_17,NZ_05,CHIP_0603,11.72,6.37,-0.303,119.93,114.0,-74.22,3.76,245.0,4.39,A,Normal,0
PCB_02215,LOT_20260305,SMD_Line_B,Mounter_04,FD_08,NZ_04,IC_QFP_48,12.97,-12.28,-0.661,122.57,100.59,-65.75,2.88,245.7,4.27,A,Normal,0
PCB_02216,LOT_20260305,SMD_Line_A,Mounter_02,FD_13,NZ_02,IC_QFP_48,3.36,23.41,-0.466,135.88,113.94,-75.73,3.19,242.1,4.78,B,Normal,0
PCB_02217,LOT_20260305,SMD_Line_C,Mounter_04,FD_20,NZ_02,IC_QFP_48,-17.2,-13.44,-0.539,122.12,106.6,-73.45,3.5,249.3,4.4,A,Normal,0
PCB_02218,LOT_20260305,SMD_Line_A,Mounter_04,FD_05,NZ_05,CHIP_1005,5.06,-7.38,0.555,101.05,,-67.02,3.89,245.9,4.43,A,Normal,0
PCB_02219,LOT_20260305,SMD_Line_C,Mounter_01,FD_18,NZ_07,CHIP_0603,3.34,6.08,-0.781,134.44,89.84,-67.97,2.28,239.7,3.8,A,Normal,0
PCB_02220,LOT_20260305,SMD_Line_A,Mounter_03,FD_15,NZ_02,CHIP_0603,-6.86,1.39,0.283,124.25,,-63.89,3.1,242.0,4.07,A,Normal,0
PCB_02221,LOT_20260305,SMD_Line_B,Mounter_02,FD_12,NZ_06,BGA_256,-10.02,9.99,-0.308,140.2,97.71,-68.24,2.65,253.2,4.09,A,Normal,0
PCB_02222,LOT_20260305,SMD_Line_B,Mounter_03,FD_17,NZ_02,CHIP_1005,6.79,-3.66,0.466,130.61,96.65,-71.14,3.53,244.0,4.51,A,Normal,0
PCB_02223,LOT_20260305,SMD_Line_A,Mounter_01,FD_15,NZ_06,CHIP_0603,-0.95,-14.48,-0.19,139.69,107.14,-69.83,3.02,240.4,4.58,A,Normal,0
PCB_02224,LOT_20260305,SMD_Line_A,Mounter_03,FD_02,NZ_04,CHIP_0603,-4.88,-18.0,0.014,167.79,98.12,-75.54,3.69,245.8,4.08,A,Normal,0
PCB_02225,LOT_20260305,SMD_Line_A,Mounter_04,FD_06,NZ_08,CHIP_0603,20.91,21.0,0.233,149.23,102.97,-72.35,2.39,242.8,4.1,B,Normal,0
PCB_02226,LOT_20260305,SMD_Line_B,Mounter_04,FD_17,NZ_03,CHIP_0603,8.39,-3.58,0.564,124.74,85.99,-75.38,2.92,244.2,4.38,A,Normal,0
PCB_02227,LOT_20260305,SMD_Line_A,Mounter_02,FD_16,NZ_01,BGA_256,5.43,-1.98,-0.257,136.35,102.9,-67.0,4.4,247.3,5.17,A,Normal,0
PCB_02228,LOT_20260305,SMD_Line_B,Mounter_02,FD_17,NZ_05,CAP_3216,15.23,21.26,-0.277,131.76,94.26,-77.14,3.08,246.4,3.33,A,Normal,0
PCB_02229,LOT_20260305,SMD_Line_A,Mounter_02,FD_20,NZ_05,BGA_256,4.13,-5.81,0.23,134.03,93.38,-72.86,3.85,245.1,3.74,A,Normal,0
PCB_02230,LOT_20260305,SMD_Line_A,Mounter_01,FD_09,NZ_06,CAP_3216,-8.8,0.29,-0.714,106.49,92.24,-75.67,2.57,242.4,3.76,A,Normal,0
PCB_02231,LOT_20260305,SMD_Line_B,Mounter_02,FD_05,NZ_04,CAP_3216,-4.87,-12.18,-0.773,145.82,118.14,-68.47,2.31,237.5,3.54,B,Normal,0
PCB_02232,LOT_20260305,SMD_Line_A,Mounter_01,FD_23,NZ_04,CHIP_1005,9.15,-15.49,0.165,95.42,85.84,-71.41,4.04,253.1,3.8,A,Normal,0
PCB_02233,LOT_20260305,SMD_Line_C,Mounter_04,FD_01,NZ_07,CHIP_0603,7.81,22.3,0.301,129.74,108.12,-72.1,3.68,252.8,4.39,A,Normal,0
PCB_02234,LOT_20260305,SMD_Line_C,Mounter_03,FD_06,NZ_01,IC_QFP_48,5.58,22.46,0.15,103.65,99.44,-76.14,2.95,245.1,4.67,A,Normal,0
PCB_02235,LOT_20260305,SMD_Line_B,Mounter_04,FD_24,NZ_08,CHIP_0603,-14.22,12.05,-0.044,119.45,83.68,-67.01,4.18,248.5,4.32,A,Normal,0
PCB_02236,LOT_20260305,SMD_Line_B,Mounter_04,FD_14,NZ_03,CHIP_0603,10.17,11.65,-0.242,133.14,96.43,-75.25,2.83,244.9,4.31,A,Normal,0
PCB_02237,LOT_20260305,SMD_Line_C,Mounter_04,FD_17,NZ_05,CHIP_0603,-0.81,8.9,0.714,143.03,71.96,-73.42,2.69,241.8,3.74,F,Tombstone,1
PCB_02238,LOT_20260305,SMD_Line_A,Mounter_02,FD_19,NZ_06,CHIP_1005,7.5,-8.72,0.773,145.33,120.64,-72.01,3.21,245.3,2.87,B,Normal,0
PCB_02239,LOT_20260305,SMD_Line_A,Mounter_02,FD_01,NZ_04,CHIP_0603,-10.38,3.43,0.048,127.1,95.58,-70.12,3.04,245.6,4.39,A,Normal,0
PCB_02240,LOT_20260305,SMD_Line_A,Mounter_02,FD_01,NZ_08,CHIP_0603,24.58,-5.94,-0.308,144.86,113.39,-73.01,2.5,251.3,4.87,B,Normal,0
PCB_02241,LOT_20260305,SMD_Line_C,Mounter_03,FD_13,NZ_05,CHIP_1005,3.09,-30.56,-0.454,129.06,,-66.97,3.13,245.4,4.68,B,Normal,0
PCB_02242,LOT_20260305,SMD_Line_A,Mounter_02,FD_14,NZ_06,BGA_256,-5.22,13.21,0.194,119.32,93.18,-71.81,3.35,252.2,4.15,A,Normal,0
PCB_02243,LOT_20260305,SMD_Line_B,Mounter_01,FD_06,NZ_02,CHIP_1005,8.08,6.54,-0.553,135.6,100.35,-66.17,3.7,244.3,4.24,A,Normal,0
PCB_02244,LOT_20260305,SMD_Line_C,Mounter_04,FD_06,NZ_08,BGA_256,10.73,-15.54,-0.542,116.24,102.22,-75.22,4.8,242.6,4.9,A,Normal,0
PCB_02245,LOT_20260305,SMD_Line_C,Mounter_03,FD_01,NZ_05,CHIP_0603,7.93,-4.25,-0.218,128.0,122.8,-70.15,3.93,251.3,3.85,A,Normal,0
PCB_02246,LOT_20260305,SMD_Line_B,Mounter_03,FD_14,NZ_03,CHIP_0603,-12.44,12.42,0.228,122.82,97.7,-74.59,2.56,250.9,3.97,A,Normal,0
PCB_02247,LOT_20260305,SMD_Line_A,Mounter_03,FD_03,NZ_08,CHIP_1005,14.28,1.56,0.661,106.75,99.35,-72.55,4.83,245.3,3.3,A,Normal,0
PCB_02248,LOT_20260305,SMD_Line_C,Mounter_03,FD_23,NZ_06,CHIP_1005,-4.31,-20.05,0.113,134.94,83.21,-76.66,3.23,246.4,4.43,A,Normal,0
PCB_02249,LOT_20260305,SMD_Line_B,Mounter_03,FD_10,NZ_03,IC_QFP_48,-0.2,-14.32,0.223,132.16,89.27,-67.19,3.4,246.2,3.95,A,Normal,0
PCB_02250,LOT_20260305,SMD_Line_A,Mounter_01,FD_19,NZ_05,IC_QFP_48,-27.61,21.92,0.442,147.26,94.0,-67.19,2.79,245.9,4.05,F,Tombstone,1
PCB_02251,LOT_20260305,SMD_Line_A,Mounter_04,FD_19,NZ_02,IC_QFP_48,-5.8,0.78,0.4,101.97,115.62,-67.71,3.19,243.4,4.54,A,Normal,0
PCB_02252,LOT_20260305,SMD_Line_C,Mounter_03,FD_19,NZ_03,CAP_3216,-5.88,12.49,-0.248,119.3,122.72,-68.63,3.19,255.1,3.82,B,Normal,0
PCB_02253,LOT_20260305,SMD_Line_B,Mounter_04,FD_23,NZ_04,CHIP_1005,5.63,21.69,0.392,146.92,106.01,-62.39,3.61,243.3,4.45,B,Normal,0
PCB_02254,LOT_20260305,SMD_Line_C,Mounter_02,FD_04,NZ_06,CHIP_0603,-6.56,-5.41,0.464,137.94,104.21,-71.26,3.74,247.3,4.47,A,Normal,0
PCB_02255,LOT_20260305,SMD_Line_C,Mounter_03,FD_20,NZ_05,CHIP_1005,-20.27,4.15,0.14,140.87,108.22,-66.1,2.97,245.8,4.02,A,Normal,0
PCB_02256,LOT_20260305,SMD_Line_B,Mounter_03,FD_19,NZ_02,CHIP_0603,3.05,-23.21,0.061,151.78,91.78,-72.03,3.92,234.4,4.62,A,Normal,0
PCB_02257,LOT_20260305,SMD_Line_B,Mounter_04,FD_10,NZ_04,CHIP_0603,-3.13,-7.16,0.27,118.53,116.68,,2.87,245.5,4.15,A,Normal,0
PCB_02258,LOT_20260305,SMD_Line_B,Mounter_03,FD_02,NZ_05,CHIP_0603,-9.11,6.79,0.223,117.04,82.83,-69.12,3.87,243.8,4.56,A,Normal,0
PCB_02259,LOT_20260305,SMD_Line_A,Mounter_03,FD_04,NZ_08,CHIP_1005,1.09,-2.27,-0.838,142.84,94.54,-78.35,2.81,242.7,3.89,A,Normal,0
PCB_02260,LOT_20260305,SMD_Line_B,Mounter_03,FD_24,NZ_07,CHIP_0603,-22.25,5.33,0.193,139.51,107.84,-72.39,2.52,240.6,4.49,A,Normal,0
PCB_02261,LOT_20260305,SMD_Line_C,Mounter_01,FD_06,NZ_02,CHIP_0603,7.76,10.97,0.531,128.12,94.23,-72.78,3.02,252.6,4.02,A,Normal,0
PCB_02262,LOT_20260305,SMD_Line_B,Mounter_01,FD_07,NZ_04,IC_QFP_48,-2.29,6.61,0.445,127.69,129.62,-72.09,3.05,240.3,4.37,B,Normal,0
PCB_02263,LOT_20260305,SMD_Line_C,Mounter_03,FD_16,NZ_03,CHIP_1005,-3.34,3.9,0.17,115.44,108.01,-74.51,2.61,244.2,4.38,A,Normal,0
PCB_02264,LOT_20260305,SMD_Line_B,Mounter_01,FD_07,NZ_05,IC_QFP_48,11.91,2.25,0.067,153.68,111.8,-71.42,2.97,242.8,4.0,A,Normal,0
PCB_02265,LOT_20260305,SMD_Line_B,Mounter_02,FD_18,NZ_05,IC_QFP_48,-6.7,-6.7,-0.179,160.4,90.89,-70.75,2.87,240.6,3.99,A,Normal,0
PCB_02266,LOT_20260305,SMD_Line_B,Mounter_03,FD_20,NZ_03,CHIP_0603,3.23,-10.9,-0.052,146.76,111.58,-75.52,3.2,248.2,4.09,A,Normal,0
PCB_02267,LOT_20260305,SMD_Line_B,Mounter_02,FD_22,NZ_07,CHIP_0603,-1.62,16.0,0.327,139.79,109.72,-71.87,3.53,246.9,4.24,A,Normal,0
PCB_02268,LOT_20260305,SMD_Line_B,Mounter_04,FD_19,NZ_01,CHIP_0603,40.2,9.35,0.173,138.85,118.77,-72.87,3.15,242.9,4.49,F,Mount_Shift,1
PCB_02269,LOT_20260305,SMD_Line_A,Mounter_02,FD_09,NZ_04,BGA_256,6.1,-9.31,0.407,134.97,73.69,-67.78,2.64,241.1,4.32,B,Normal,0
PCB_02270,LOT_20260305,SMD_Line_B,Mounter_04,FD_20,NZ_03,IC_QFP_48,-14.27,0.76,-0.234,103.56,90.63,-69.97,2.98,247.2,2.7,A,Normal,0
PCB_02271,LOT_20260305,SMD_Line_A,Mounter_03,FD_10,NZ_08,CHIP_0603,21.9,-16.42,0.488,122.86,104.04,-74.69,3.79,246.8,4.63,B,Normal,0
PCB_02272,LOT_20260305,SMD_Line_A,Mounter_04,FD_13,NZ_05,CHIP_0603,13.04,-5.64,-0.278,142.3,104.4,-68.58,2.8,244.4,4.4,A,Normal,0
PCB_02273,LOT_20260305,SMD_Line_B,Mounter_04,FD_18,NZ_08,CAP_3216,0.56,6.32,0.091,117.3,99.46,-72.18,2.62,251.0,4.79,A,Normal,0
PCB_02274,LOT_20260305,SMD_Line_B,Mounter_02,FD_16,NZ_04,CHIP_1005,-5.47,3.07,-0.253,132.33,81.66,-71.78,2.28,251.6,4.62,A,Normal,0
PCB_02275,LOT_20260305,SMD_Line_C,Mounter_02,FD_22,NZ_07,BGA_256,-16.58,1.37,-0.044,147.35,102.36,-75.23,2.79,242.9,3.99,A,Normal,0
PCB_02276,LOT_20260305,SMD_Line_B,Mounter_02,FD_17,NZ_04,CHIP_0603,5.38,-10.43,0.915,147.59,103.7,-71.29,3.7,253.8,3.62,A,Normal,0
PCB_02277,LOT_20260305,SMD_Line_B,Mounter_03,FD_22,NZ_08,CHIP_0603,-8.44,-12.82,0.229,144.06,99.96,-68.69,2.76,243.8,5.1,A,Normal,0
PCB_02278,LOT_20260305,SMD_Line_B,Mounter_03,FD_13,NZ_08,IC_QFP_48,-11.0,11.21,0.101,134.26,99.56,-72.84,3.18,243.9,4.84,A,Normal,0
PCB_02279,LOT_20260305,SMD_Line_B,Mounter_02,FD_12,NZ_01,IC_QFP_48,9.69,19.98,0.635,141.97,111.31,-66.47,2.91,248.0,4.57,B,Normal,0
PCB_02280,LOT_20260305,SMD_Line_A,Mounter_03,FD_10,NZ_05,IC_QFP_48,19.31,6.49,-1.154,126.38,98.15,-68.84,2.87,246.5,3.8,B,Normal,0
PCB_02281,LOT_20260305,SMD_Line_A,Mounter_03,FD_01,NZ_02,CHIP_1005,-5.95,-2.03,-0.071,155.55,85.0,-74.92,3.99,245.1,3.55,A,Normal,0
PCB_02282,LOT_20260305,SMD_Line_A,Mounter_04,FD_08,NZ_01,CHIP_1005,10.07,14.46,-0.225,106.14,116.84,-71.08,3.11,237.0,3.98,A,Normal,0
PCB_02283,LOT_20260305,SMD_Line_B,Mounter_04,FD_21,NZ_01,IC_QFP_48,2.65,-9.94,-0.386,131.02,116.16,,2.45,238.3,4.63,A,Normal,0
PCB_02284,LOT_20260305,SMD_Line_A,Mounter_02,FD_22,NZ_02,CHIP_0603,4.49,12.43,-0.688,122.93,99.52,-75.38,2.28,239.6,3.0,A,Normal,0
PCB_02285,LOT_20260305,SMD_Line_A,Mounter_03,FD_18,NZ_02,CHIP_1005,-10.23,-7.04,-0.099,140.24,110.5,-78.09,2.57,245.0,3.84,A,Normal,0
PCB_02286,LOT_20260305,SMD_Line_A,Mounter_04,FD_02,NZ_07,BGA_256,-2.65,-6.46,0.312,124.91,81.71,-77.62,2.5,242.8,5.54,A,Normal,0
PCB_02287,LOT_20260305,SMD_Line_C,Mounter_01,FD_16,NZ_07,CHIP_0603,-13.71,-3.93,-0.066,166.27,98.27,-73.04,3.72,243.4,4.02,A,Normal,0
PCB_02288,LOT_20260305,SMD_Line_A,Mounter_03,FD_12,NZ_01,CHIP_1005,-15.28,-1.19,0.36,143.74,79.43,-72.66,3.08,243.8,4.22,B,Normal,0
PCB_02289,LOT_20260305,SMD_Line_B,Mounter_01,FD_09,NZ_04,IC_QFP_48,6.48,10.8,0.032,115.02,113.5,-71.2,3.24,249.1,4.19,F,Tombstone,1
PCB_02290,LOT_20260305,SMD_Line_A,Mounter_02,FD_03,NZ_03,CAP_3216,-6.55,-15.39,0.525,90.01,82.05,-75.14,3.05,248.3,5.06,B,Normal,0
PCB_02291,LOT_20260305,SMD_Line_B,Mounter_03,FD_22,NZ_03,CHIP_1005,-11.44,-7.13,-0.226,112.93,,-69.08,3.08,243.3,4.04,A,Normal,0
PCB_02292,LOT_20260305,SMD_Line_A,Mounter_02,FD_21,NZ_01,CHIP_1005,-15.12,2.47,-0.843,138.42,102.59,-72.75,3.77,243.7,3.3,A,Normal,0
PCB_02293,LOT_20260305,SMD_Line_A,Mounter_02,FD_04,NZ_04,BGA_256,-18.92,6.58,-0.711,126.05,109.89,-70.91,3.81,241.4,4.72,A,Normal,0
PCB_02294,LOT_20260305,SMD_Line_B,Mounter_02,FD_02,NZ_02,BGA_256,-24.46,-20.12,-0.224,121.39,106.33,-83.28,4.27,243.6,3.67,B,Normal,0
PCB_02295,LOT_20260305,SMD_Line_A,Mounter_02,FD_08,NZ_06,IC_QFP_48,1.39,-9.33,-0.396,119.15,113.72,-71.99,2.67,250.5,3.45,A,Normal,0
PCB_02296,LOT_20260305,SMD_Line_A,Mounter_02,FD_10,NZ_01,CHIP_1005,-32.84,-20.63,-0.266,142.45,109.65,-69.24,2.97,248.9,4.96,F,Tombstone,1
PCB_02297,LOT_20260305,SMD_Line_A,Mounter_03,FD_16,NZ_05,CHIP_0603,5.89,-8.25,0.512,125.03,115.7,-79.97,3.32,246.6,4.57,F,Tombstone,1
PCB_02298,LOT_20260305,SMD_Line_A,Mounter_01,FD_23,NZ_04,CHIP_1005,5.8,-5.16,-0.675,123.47,78.94,-71.88,4.14,240.5,4.02,F,Tombstone,1
PCB_02299,LOT_20260305,SMD_Line_A,Mounter_03,FD_11,NZ_05,BGA_256,-1.24,5.93,0.679,144.92,94.18,-74.76,2.78,244.8,4.78,A,Normal,0
PCB_02300,LOT_20260305,SMD_Line_A,Mounter_03,FD_18,NZ_05,BGA_256,0.93,-27.03,-0.363,153.43,105.42,-66.61,3.77,243.4,4.69,A,Normal,0
PCB_02301,LOT_20260305,SMD_Line_C,Mounter_03,FD_22,NZ_01,CHIP_0603,-3.57,7.71,-0.56,113.29,118.88,-76.51,2.83,244.4,3.86,A,Normal,0
PCB_02302,LOT_20260305,SMD_Line_B,Mounter_04,FD_14,NZ_04,CHIP_1005,2.81,-6.01,-0.062,147.67,93.94,-64.44,3.78,248.3,4.3,A,Normal,0
PCB_02303,LOT_20260305,SMD_Line_B,Mounter_04,FD_08,NZ_05,CHIP_1005,2.67,-4.02,0.675,128.34,123.58,-67.48,3.26,249.5,4.15,B,Normal,0
PCB_02304,LOT_20260305,SMD_Line_A,Mounter_03,FD_23,NZ_07,CAP_3216,16.27,11.46,-0.321,143.77,104.24,-71.6,2.57,255.3,3.87,A,Normal,0
PCB_02305,LOT_20260305,SMD_Line_C,Mounter_01,FD_15,NZ_08,IC_QFP_48,19.16,15.87,-0.27,139.83,,-77.02,3.13,241.2,4.22,A,Normal,0
PCB_02306,LOT_20260305,SMD_Line_A,Mounter_03,FD_17,NZ_07,CHIP_1005,18.78,-7.73,-0.24,130.3,86.15,,3.57,250.2,4.58,A,Normal,0
PCB_02307,LOT_20260305,SMD_Line_A,Mounter_02,FD_21,NZ_04,CHIP_0603,-9.97,-7.81,0.518,130.94,108.83,-69.6,1.47,244.4,3.73,A,Normal,0
PCB_02308,LOT_20260305,SMD_Line_B,Mounter_04,FD_18,NZ_03,CHIP_1005,9.47,-4.18,-0.201,140.02,92.32,-71.61,3.75,242.0,4.61,A,Normal,0
PCB_02309,LOT_20260305,SMD_Line_A,Mounter_04,FD_06,NZ_08,CHIP_0603,6.33,-7.87,0.201,113.55,96.73,-75.84,2.32,254.1,3.27,A,Normal,0
PCB_02310,LOT_20260305,SMD_Line_A,Mounter_03,FD_23,NZ_06,BGA_256,-8.11,-16.93,0.054,112.86,101.94,-68.12,3.07,252.4,4.31,A,Normal,0
PCB_02311,LOT_20260305,SMD_Line_B,Mounter_03,FD_14,NZ_05,IC_QFP_48,-11.08,-0.37,-0.049,161.21,102.39,-72.34,3.13,243.8,3.83,A,Normal,0
PCB_02312,LOT_20260305,SMD_Line_C,Mounter_01,FD_23,NZ_05,CHIP_1005,-4.71,-7.79,-0.224,147.52,122.95,,1.56,242.0,4.99,A,Normal,0
PCB_02313,LOT_20260305,SMD_Line_B,Mounter_01,FD_03,NZ_04,CHIP_1005,-13.26,1.15,0.886,144.89,104.73,-68.52,2.83,237.6,3.39,A,Normal,0
PCB_02314,LOT_20260305,SMD_Line_B,Mounter_02,FD_07,NZ_07,BGA_256,-17.37,20.16,1.256,127.66,92.74,-68.91,3.45,250.3,4.08,B,Normal,0
PCB_02315,LOT_20260305,SMD_Line_C,Mounter_03,FD_15,NZ_06,CHIP_0603,6.22,-1.25,-0.398,105.42,91.04,-68.22,4.32,236.4,3.78,A,Normal,0
PCB_02316,LOT_20260305,SMD_Line_A,Mounter_03,FD_21,NZ_03,CHIP_0603,0.41,-8.92,-0.482,122.05,120.01,-69.55,3.69,244.4,3.92,A,Normal,0
PCB_02317,LOT_20260305,SMD_Line_A,Mounter_03,FD_24,NZ_05,CAP_3216,0.34,-3.21,0.018,136.15,,-74.34,3.74,241.2,3.63,A,Normal,0
PCB_02318,LOT_20260305,SMD_Line_A,Mounter_04,FD_16,NZ_01,BGA_256,11.58,1.52,-1.023,147.26,107.02,-72.15,1.9,250.9,4.29,A,Normal,0
PCB_02319,LOT_20260305,SMD_Line_B,Mounter_02,FD_16,NZ_07,BGA_256,-2.45,-1.95,0.022,136.42,102.31,-67.28,3.02,252.7,4.31,A,Normal,0
PCB_02320,LOT_20260305,SMD_Line_B,Mounter_01,FD_08,NZ_04,CHIP_0603,10.38,-6.64,0.903,136.84,105.05,-76.72,4.29,237.8,3.34,A,Normal,0
PCB_02321,LOT_20260305,SMD_Line_C,Mounter_04,FD_07,NZ_04,CHIP_0603,-9.24,-19.55,-0.27,127.43,116.78,-75.95,3.8,245.3,4.51,B,Normal,0
PCB_02322,LOT_20260305,SMD_Line_B,Mounter_04,FD_06,NZ_07,CHIP_0603,-9.32,7.48,0.486,139.75,103.39,-70.11,2.89,246.1,3.41,A,Normal,0
PCB_02323,LOT_20260305,SMD_Line_B,Mounter_04,FD_02,NZ_05,CHIP_0603,0.17,-10.54,0.661,116.36,109.81,-72.32,3.27,243.8,4.21,A,Normal,0
PCB_02324,LOT_20260305,SMD_Line_A,Mounter_04,FD_22,NZ_03,IC_QFP_48,26.52,17.26,-0.388,131.86,103.67,-77.86,3.79,242.3,5.08,B,Normal,0
PCB_02325,LOT_20260305,SMD_Line_C,Mounter_02,FD_13,NZ_05,CHIP_0603,16.07,-4.35,0.08,126.56,94.56,-69.55,3.77,251.6,3.77,A,Normal,0
PCB_02326,LOT_20260305,SMD_Line_C,Mounter_03,FD_12,NZ_07,IC_QFP_48,13.73,-6.09,0.159,151.68,105.93,-70.41,3.12,242.8,4.05,A,Normal,0
PCB_02327,LOT_20260305,SMD_Line_C,Mounter_01,FD_15,NZ_08,CHIP_0603,-17.15,-5.56,0.328,87.16,92.19,-62.78,3.05,253.3,3.81,A,Normal,0
PCB_02328,LOT_20260305,SMD_Line_A,Mounter_01,FD_09,NZ_02,CHIP_1005,1.81,1.77,0.361,127.72,86.04,-71.32,3.47,242.2,3.86,A,Normal,0
PCB_02329,LOT_20260305,SMD_Line_B,Mounter_04,FD_02,NZ_05,CAP_3216,10.26,-10.22,0.505,133.74,106.98,-64.58,3.78,248.2,4.36,A,Normal,0
PCB_02330,LOT_20260305,SMD_Line_A,Mounter_04,FD_17,NZ_06,CHIP_0603,26.07,-7.97,-0.352,102.2,105.57,-68.56,2.96,248.5,5.01,A,Normal,0
PCB_02331,LOT_20260305,SMD_Line_A,Mounter_02,FD_05,NZ_08,CHIP_1005,-21.05,7.34,0.078,141.11,104.34,-78.59,2.09,242.2,4.18,A,Normal,0
PCB_02332,LOT_20260305,SMD_Line_A,Mounter_04,FD_11,NZ_07,CHIP_0603,9.14,-12.01,0.667,128.03,,-71.89,3.15,237.5,4.8,A,Normal,0
PCB_02333,LOT_20260305,SMD_Line_B,Mounter_01,FD_22,NZ_08,CHIP_0603,13.3,6.47,0.716,115.69,99.13,-72.22,2.44,241.4,3.84,A,Normal,0
PCB_02334,LOT_20260305,SMD_Line_B,Mounter_01,FD_19,NZ_06,CHIP_1005,5.65,9.76,0.101,145.28,87.0,-72.31,4.36,240.0,4.75,A,Normal,0
PCB_02335,LOT_20260305,SMD_Line_A,Mounter_03,FD_24,NZ_08,CHIP_1005,-16.88,7.88,-0.239,118.84,77.65,-75.02,2.63,248.5,5.03,B,Normal,0
PCB_02336,LOT_20260305,SMD_Line_A,Mounter_03,FD_07,NZ_08,IC_QFP_48,3.17,2.76,0.466,142.13,110.65,-69.19,3.13,243.4,4.81,F,Tombstone,1
PCB_02337,LOT_20260305,SMD_Line_B,Mounter_01,FD_02,NZ_07,BGA_256,5.36,-21.29,0.241,132.8,110.49,-73.2,2.77,250.8,4.56,A,Normal,0
PCB_02338,LOT_20260305,SMD_Line_A,Mounter_01,FD_16,NZ_02,CHIP_1005,2.22,-14.29,0.232,123.85,,-67.88,2.89,247.4,4.52,A,Normal,0
PCB_02339,LOT_20260305,SMD_Line_A,Mounter_02,FD_12,NZ_06,CHIP_0603,-8.56,-15.99,0.349,114.86,117.66,-68.4,3.7,244.2,3.82,A,Normal,0
PCB_02340,LOT_20260305,SMD_Line_B,Mounter_02,FD_23,NZ_06,CHIP_1005,-10.11,-4.46,-0.428,119.3,,-72.84,3.83,245.4,3.46,A,Normal,0
PCB_02341,LOT_20260305,SMD_Line_C,Mounter_01,FD_15,NZ_01,CHIP_0603,5.7,0.37,0.381,143.2,104.06,-74.12,3.59,239.4,4.53,A,Normal,0
PCB_02342,LOT_20260305,SMD_Line_A,Mounter_04,FD_01,NZ_04,CHIP_1005,-8.45,-14.05,0.07,147.3,124.21,-73.95,3.78,244.2,3.81,B,Normal,0
PCB_02343,LOT_20260305,SMD_Line_A,Mounter_03,FD_13,NZ_06,IC_QFP_48,-8.17,-2.04,0.514,140.42,84.94,-71.91,2.88,245.6,3.85,A,Normal,0
PCB_02344,LOT_20260305,SMD_Line_A,Mounter_01,FD_23,NZ_04,CHIP_0603,-1.75,8.07,0.009,129.56,99.43,-70.87,2.54,243.4,3.46,A,Normal,0
PCB_02345,LOT_20260305,SMD_Line_C,Mounter_04,FD_06,NZ_07,BGA_256,2.0,-11.78,0.263,140.39,89.78,,2.75,242.6,3.91,A,Normal,0
PCB_02346,LOT_20260305,SMD_Line_B,Mounter_01,FD_13,NZ_03,CAP_3216,12.98,-9.66,0.206,134.75,95.59,-73.45,3.46,249.2,4.74,A,Normal,0
PCB_02347,LOT_20260305,SMD_Line_B,Mounter_03,FD_18,NZ_05,BGA_256,-14.95,13.94,-0.246,120.97,99.19,-71.0,3.93,241.0,4.68,F,Tombstone,1
PCB_02348,LOT_20260305,SMD_Line_A,Mounter_03,FD_03,NZ_01,CHIP_0603,-16.19,-10.94,-0.406,116.26,99.47,-68.38,2.46,247.5,3.54,A,Normal,0
PCB_02349,LOT_20260305,SMD_Line_B,Mounter_02,FD_01,NZ_07,CHIP_1005,-4.78,4.04,0.363,125.3,87.12,-71.15,2.99,249.6,3.72,A,Normal,0
PCB_02350,LOT_20260305,SMD_Line_A,Mounter_02,FD_15,NZ_02,CAP_3216,-22.5,14.62,-0.386,120.48,100.82,-72.1,3.04,247.1,3.3,A,Normal,0
PCB_02351,LOT_20260305,SMD_Line_B,Mounter_02,FD_13,NZ_03,CHIP_0603,7.33,-13.94,-0.151,131.95,90.1,-71.17,2.74,239.9,4.38,A,Normal,0
PCB_02352,LOT_20260305,SMD_Line_C,Mounter_02,FD_05,NZ_08,BGA_256,-24.92,-13.06,-0.165,154.09,114.36,-78.29,3.56,245.5,4.29,B,Normal,0
PCB_02353,LOT_20260305,SMD_Line_B,Mounter_03,FD_13,NZ_01,CHIP_0603,8.84,-2.73,0.165,134.2,109.17,-72.81,3.8,248.8,4.34,A,Normal,0
PCB_02354,LOT_20260305,SMD_Line_C,Mounter_04,FD_22,NZ_01,CHIP_0603,13.86,0.8,0.304,152.04,104.13,-76.4,4.67,243.8,3.98,A,Normal,0
PCB_02355,LOT_20260305,SMD_Line_B,Mounter_04,FD_05,NZ_07,IC_QFP_48,3.25,-7.57,-0.7,130.01,94.29,-73.91,4.38,241.4,4.53,A,Normal,0
PCB_02356,LOT_20260305,SMD_Line_A,Mounter_04,FD_19,NZ_02,IC_QFP_48,-23.22,23.26,-0.326,127.48,101.86,-75.2,3.67,241.3,4.05,B,Normal,0
PCB_02357,LOT_20260305,SMD_Line_C,Mounter_01,FD_21,NZ_02,IC_QFP_48,1.33,6.36,-0.347,107.27,108.48,-75.25,2.92,246.4,4.68,A,Normal,0
PCB_02358,LOT_20260305,SMD_Line_A,Mounter_02,FD_24,NZ_04,CAP_3216,-9.96,-9.49,-0.103,139.6,95.92,-75.45,3.62,243.6,3.65,A,Normal,0
PCB_02359,LOT_20260305,SMD_Line_B,Mounter_02,FD_18,NZ_05,CHIP_0603,-15.03,-16.12,-0.897,120.16,,-63.86,2.03,242.4,4.63,B,Normal,0
PCB_02360,LOT_20260305,SMD_Line_A,Mounter_03,FD_21,NZ_07,CHIP_0603,7.24,-0.74,0.51,117.09,108.63,-72.2,3.6,236.2,4.42,A,Normal,0
PCB_02361,LOT_20260305,SMD_Line_A,Mounter_03,FD_22,NZ_03,CAP_3216,9.59,5.18,0.027,114.8,106.36,-67.78,3.42,252.6,4.53,A,Normal,0
PCB_02362,LOT_20260305,SMD_Line_B,Mounter_01,FD_10,NZ_05,CHIP_0603,16.07,21.72,-0.06,135.31,103.85,-69.34,3.25,243.7,4.04,A,Normal,0
PCB_02363,LOT_20260305,SMD_Line_A,Mounter_01,FD_24,NZ_03,IC_QFP_48,-3.56,0.89,0.34,121.33,90.89,-69.59,2.73,248.4,5.08,A,Normal,0
PCB_02364,LOT_20260305,SMD_Line_B,Mounter_04,FD_08,NZ_01,CHIP_1005,2.15,-2.87,0.233,154.7,111.52,-70.1,3.68,250.6,3.84,A,Normal,0
PCB_02365,LOT_20260305,SMD_Line_B,Mounter_03,FD_15,NZ_06,CHIP_0603,20.82,-11.52,0.228,146.79,113.79,-64.7,2.61,259.3,5.34,B,Normal,0
PCB_02366,LOT_20260305,SMD_Line_A,Mounter_02,FD_21,NZ_06,CHIP_0603,26.19,4.37,-0.007,121.99,103.38,-70.5,3.83,247.9,4.42,A,Normal,0
PCB_02367,LOT_20260305,SMD_Line_A,Mounter_04,FD_20,NZ_07,CHIP_1005,13.5,12.0,0.047,94.39,,-78.23,3.56,246.4,4.77,A,Normal,0
PCB_02368,LOT_20260305,SMD_Line_B,Mounter_02,FD_23,NZ_02,BGA_256,-4.37,-21.09,0.38,131.78,95.5,-72.61,3.46,238.5,4.93,A,Normal,0
PCB_02369,LOT_20260305,SMD_Line_A,Mounter_04,FD_22,NZ_02,IC_QFP_48,0.09,0.88,0.239,125.35,95.26,-75.66,2.61,236.5,4.59,A,Normal,0
PCB_02370,LOT_20260305,SMD_Line_B,Mounter_02,FD_04,NZ_08,CHIP_1005,-2.23,-12.04,0.778,143.35,94.71,-76.9,2.81,235.0,5.14,A,Normal,0
PCB_02371,LOT_20260305,SMD_Line_B,Mounter_01,FD_02,NZ_01,CHIP_1005,8.82,-16.02,0.063,130.2,95.75,,2.31,244.3,4.67,A,Normal,0
PCB_02372,LOT_20260305,SMD_Line_C,Mounter_04,FD_24,NZ_01,CHIP_0603,-10.25,19.99,0.293,147.26,103.88,-79.26,3.7,240.8,4.57,A,Normal,0
PCB_02373,LOT_20260305,SMD_Line_B,Mounter_02,FD_06,NZ_03,CHIP_0603,4.02,10.47,-0.055,137.4,110.76,-71.62,3.22,243.0,4.44,A,Normal,0
PCB_02374,LOT_20260305,SMD_Line_B,Mounter_02,FD_03,NZ_01,CHIP_1005,4.08,-7.15,0.146,110.85,117.41,-77.77,2.88,251.0,4.39,A,Normal,0
PCB_02375,LOT_20260305,SMD_Line_B,Mounter_03,FD_07,NZ_08,CHIP_0603,4.8,-1.91,0.169,118.8,89.04,-72.61,3.12,247.2,4.76,A,Normal,0
PCB_02376,LOT_20260305,SMD_Line_A,Mounter_04,FD_10,NZ_07,CHIP_0603,-12.78,-3.74,-0.2,123.18,91.01,-69.28,3.83,244.9,3.78,A,Normal,0
PCB_02377,LOT_20260305,SMD_Line_A,Mounter_02,FD_23,NZ_03,CHIP_1005,3.09,-13.28,-0.291,127.47,110.13,-74.29,2.52,245.8,4.12,A,Normal,0
PCB_02378,LOT_20260305,SMD_Line_C,Mounter_03,FD_06,NZ_05,CHIP_1005,22.12,-6.38,0.289,125.96,89.04,-76.14,2.94,242.1,4.45,A,Normal,0
PCB_02379,LOT_20260305,SMD_Line_B,Mounter_02,FD_16,NZ_02,CHIP_0603,-5.71,9.25,0.204,140.78,86.1,-73.19,2.25,243.0,3.84,A,Normal,0
PCB_02380,LOT_20260305,SMD_Line_C,Mounter_04,FD_02,NZ_02,CHIP_1005,3.25,-6.68,0.66,137.54,,-69.83,2.57,239.2,4.68,A,Normal,0
PCB_02381,LOT_20260305,SMD_Line_C,Mounter_01,FD_24,NZ_06,CHIP_1005,-23.03,5.48,0.002,123.68,97.89,-70.94,3.05,248.3,4.09,A,Normal,0
PCB_02382,LOT_20260305,SMD_Line_C,Mounter_04,FD_17,NZ_06,CHIP_0603,3.16,-6.59,-0.447,139.94,119.63,-72.25,3.85,252.4,3.56,A,Normal,0
PCB_02383,LOT_20260305,SMD_Line_C,Mounter_04,FD_13,NZ_08,CAP_3216,2.71,-13.97,0.005,112.43,98.47,-74.93,3.59,250.7,3.9,F,Tombstone,1
PCB_02384,LOT_20260305,SMD_Line_B,Mounter_02,FD_01,NZ_07,CHIP_0603,1.46,14.09,0.346,140.49,103.29,-73.42,3.79,245.1,4.68,A,Normal,0
PCB_02385,LOT_20260305,SMD_Line_A,Mounter_02,FD_06,NZ_02,BGA_256,9.13,-25.14,-0.955,143.03,85.62,-69.59,3.6,249.0,3.68,B,Normal,0
PCB_02386,LOT_20260305,SMD_Line_B,Mounter_04,FD_05,NZ_08,CHIP_0603,-3.49,21.06,-0.003,134.13,112.89,-72.47,2.62,247.3,3.72,A,Normal,0
PCB_02387,LOT_20260305,SMD_Line_A,Mounter_03,FD_13,NZ_07,BGA_256,14.71,11.78,0.3,137.89,110.46,-71.15,4.22,245.7,4.46,A,Normal,0
PCB_02388,LOT_20260305,SMD_Line_B,Mounter_03,FD_23,NZ_05,CHIP_0603,-11.04,2.16,0.106,139.86,94.37,-73.26,3.65,246.5,3.54,A,Normal,0
PCB_02389,LOT_20260305,SMD_Line_B,Mounter_03,FD_18,NZ_05,IC_QFP_48,18.04,-5.26,-0.161,145.72,91.75,-75.96,4.28,239.5,4.48,A,Normal,0
PCB_02390,LOT_20260305,SMD_Line_B,Mounter_02,FD_12,NZ_04,CHIP_1005,2.66,-4.34,-0.541,141.13,111.5,-64.99,4.2,243.0,3.17,A,Normal,0
PCB_02391,LOT_20260305,SMD_Line_A,Mounter_02,FD_07,NZ_03,IC_QFP_48,-0.9,2.39,-0.005,148.11,97.29,-69.26,3.15,242.1,4.44,A,Normal,0
PCB_02392,LOT_20260305,SMD_Line_A,Mounter_04,FD_15,NZ_06,CHIP_1005,-17.9,2.18,-0.551,106.41,92.03,-71.03,2.91,238.6,4.15,A,Normal,0
PCB_02393,LOT_20260305,SMD_Line_B,Mounter_01,FD_03,NZ_03,CHIP_0603,-13.87,-11.32,0.303,131.99,95.6,-72.58,1.86,247.4,5.02,A,Normal,0
PCB_02394,LOT_20260305,SMD_Line_A,Mounter_02,FD_16,NZ_06,IC_QFP_48,4.39,0.8,0.028,129.31,102.86,-67.02,3.3,247.9,3.23,A,Normal,0
PCB_02395,LOT_20260305,SMD_Line_C,Mounter_04,FD_01,NZ_04,CHIP_0603,-8.96,3.05,0.673,132.28,108.78,-74.79,3.18,234.4,3.88,A,Normal,0
PCB_02396,LOT_20260305,SMD_Line_A,Mounter_04,FD_16,NZ_02,CAP_3216,12.44,-3.55,-0.879,143.51,,-69.66,2.82,244.9,4.46,A,Normal,0
PCB_02397,LOT_20260305,SMD_Line_A,Mounter_01,FD_24,NZ_08,CHIP_0603,3.59,26.42,-0.153,131.93,103.26,-71.87,2.9,243.6,4.18,A,Normal,0
PCB_02398,LOT_20260305,SMD_Line_A,Mounter_03,FD_12,NZ_07,CHIP_1005,-17.81,-1.58,0.33,131.33,97.11,-72.92,3.51,242.4,3.95,A,Normal,0
PCB_02399,LOT_20260305,SMD_Line_B,Mounter_04,FD_19,NZ_03,IC_QFP_48,9.51,-20.81,0.514,137.01,101.75,-72.97,2.07,238.1,3.32,F,Tombstone,1
PCB_02400,LOT_20260305,SMD_Line_B,Mounter_04,FD_08,NZ_06,CHIP_1005,-2.03,-11.92,0.348,107.4,95.3,-67.43,3.97,245.3,4.41,A,Normal,0
PCB_02401,LOT_20260305,SMD_Line_A,Mounter_04,FD_23,NZ_03,CHIP_0603,-0.57,8.3,-0.429,153.34,96.76,-78.55,3.72,245.1,5.33,A,Normal,0
PCB_02402,LOT_20260305,SMD_Line_A,Mounter_03,FD_12,NZ_02,IC_QFP_48,13.06,-8.52,-0.217,128.43,117.06,,2.99,243.4,3.83,A,Normal,0
PCB_02403,LOT_20260305,SMD_Line_B,Mounter_03,FD_15,NZ_07,IC_QFP_48,-17.43,-11.73,-1.006,152.16,100.51,-68.42,3.15,248.4,4.24,B,Normal,0
PCB_02404,LOT_20260305,SMD_Line_A,Mounter_01,FD_02,NZ_01,CAP_3216,-14.06,16.47,0.02,117.18,95.59,-71.87,3.39,248.2,4.38,A,Normal,0
PCB_02405,LOT_20260305,SMD_Line_B,Mounter_02,FD_17,NZ_06,CHIP_1005,4.07,2.0,0.523,116.31,91.91,-72.83,3.69,237.2,4.0,A,Normal,0
PCB_02406,LOT_20260305,SMD_Line_B,Mounter_03,FD_07,NZ_08,CHIP_1005,-21.23,-7.09,0.003,126.59,73.59,-72.04,4.42,248.2,4.18,B,Normal,0
PCB_02407,LOT_20260305,SMD_Line_A,Mounter_02,FD_13,NZ_01,CHIP_1005,-7.59,-32.67,0.26,130.54,125.04,-70.3,2.88,241.0,3.68,C,Normal,0
PCB_02408,LOT_20260305,SMD_Line_A,Mounter_02,FD_01,NZ_04,CHIP_0603,12.23,7.32,0.248,122.38,126.35,-67.68,4.02,243.9,3.51,B,Normal,0
PCB_02409,LOT_20260305,SMD_Line_C,Mounter_03,FD_06,NZ_07,IC_QFP_48,-1.36,0.18,-0.143,117.93,107.53,-70.31,3.07,251.9,4.95,A,Normal,0
PCB_02410,LOT_20260305,SMD_Line_B,Mounter_04,FD_13,NZ_05,CHIP_0603,-17.18,15.35,-1.094,135.56,87.58,-71.03,2.96,244.8,4.14,B,Normal,0
PCB_02411,LOT_20260305,SMD_Line_B,Mounter_01,FD_11,NZ_03,CHIP_1005,2.36,-12.92,0.603,151.75,132.82,-71.91,3.05,249.3,4.47,C,Normal,0
PCB_02412,LOT_20260305,SMD_Line_A,Mounter_02,FD_10,NZ_06,CHIP_1005,-5.06,-4.4,0.194,154.89,83.15,-78.45,3.85,243.9,4.42,A,Normal,0
PCB_02413,LOT_20260305,SMD_Line_B,Mounter_04,FD_16,NZ_08,IC_QFP_48,-8.78,3.52,-0.563,125.6,104.72,-77.81,2.86,248.9,3.72,A,Normal,0
PCB_02414,LOT_20260305,SMD_Line_A,Mounter_03,FD_24,NZ_03,CAP_3216,44.46,14.82,0.167,113.81,79.44,-68.15,3.26,244.8,3.55,C,Normal,0
PCB_02415,LOT_20260305,SMD_Line_B,Mounter_02,FD_23,NZ_04,IC_QFP_48,7.19,3.05,0.09,126.06,73.93,-70.35,2.89,243.9,3.89,B,Normal,0
PCB_02416,LOT_20260305,SMD_Line_C,Mounter_02,FD_20,NZ_04,CHIP_1005,-3.54,-8.35,0.59,155.67,102.78,-69.1,2.94,245.5,4.31,A,Normal,0
PCB_02417,LOT_20260305,SMD_Line_A,Mounter_02,FD_17,NZ_03,IC_QFP_48,11.23,15.31,0.212,145.43,104.31,-69.17,4.01,240.3,3.79,A,Normal,0
PCB_02418,LOT_20260305,SMD_Line_A,Mounter_04,FD_17,NZ_06,CHIP_1005,-3.64,-3.68,0.214,135.79,101.43,,3.19,242.8,3.97,F,Tombstone,1
PCB_02419,LOT_20260305,SMD_Line_A,Mounter_04,FD_04,NZ_08,CHIP_0603,-6.48,2.12,0.09,122.99,117.92,-68.96,2.8,247.6,3.2,A,Normal,0
PCB_02420,LOT_20260305,SMD_Line_A,Mounter_04,FD_05,NZ_07,CHIP_0603,3.74,8.86,-0.346,143.68,99.42,-74.99,2.94,248.5,4.18,A,Normal,0
PCB_02421,LOT_20260305,SMD_Line_A,Mounter_02,FD_23,NZ_02,CHIP_0603,6.36,18.45,0.303,163.94,109.75,-70.02,3.37,241.2,4.24,A,Normal,0
PCB_02422,LOT_20260305,SMD_Line_A,Mounter_02,FD_14,NZ_07,CHIP_1005,11.57,4.35,-0.011,127.86,,-70.41,3.17,252.2,4.2,A,Normal,0
PCB_02423,LOT_20260305,SMD_Line_C,Mounter_01,FD_20,NZ_02,BGA_256,17.8,30.53,-0.429,100.45,115.54,-67.37,3.2,252.6,3.7,F,Tombstone,1
PCB_02424,LOT_20260305,SMD_Line_B,Mounter_01,FD_10,NZ_08,CHIP_0603,14.84,-1.06,-0.297,114.61,116.56,-84.67,3.02,241.1,3.71,A,Normal,0
PCB_02425,LOT_20260305,SMD_Line_A,Mounter_04,FD_14,NZ_05,CHIP_1005,10.71,3.46,-0.511,130.94,96.95,-63.64,3.83,243.1,3.65,A,Normal,0
PCB_02426,LOT_20260305,SMD_Line_C,Mounter_04,FD_01,NZ_07,CAP_3216,11.99,-7.3,0.477,127.66,104.5,-69.03,3.55,244.9,3.99,A,Normal,0
PCB_02427,LOT_20260305,SMD_Line_A,Mounter_03,FD_11,NZ_08,BGA_256,14.81,3.81,0.89,150.41,,-71.1,3.07,250.1,3.84,A,Normal,0
PCB_02428,LOT_20260305,SMD_Line_C,Mounter_04,FD_23,NZ_03,IC_QFP_48,8.87,3.51,0.52,121.13,97.35,-75.33,3.28,247.4,4.91,A,Normal,0
PCB_02429,LOT_20260305,SMD_Line_A,Mounter_01,FD_18,NZ_03,CHIP_0603,-19.82,12.34,0.169,127.38,108.85,,2.71,243.7,5.1,A,Normal,0
PCB_02430,LOT_20260305,SMD_Line_C,Mounter_01,FD_16,NZ_06,CHIP_0603,6.22,5.25,-0.029,120.29,105.82,-70.79,3.16,239.7,4.65,A,Normal,0
PCB_02431,LOT_20260305,SMD_Line_B,Mounter_01,FD_18,NZ_03,CHIP_0603,17.21,-6.22,-0.131,141.68,79.25,-66.15,2.79,236.8,4.25,F,Tombstone,1
PCB_02432,LOT_20260305,SMD_Line_C,Mounter_02,FD_08,NZ_06,CHIP_0603,-10.04,3.03,-0.444,117.09,86.35,-66.66,3.32,246.2,4.04,A,Normal,0
PCB_02433,LOT_20260305,SMD_Line_C,Mounter_02,FD_10,NZ_08,CHIP_0603,-4.9,-7.93,0.876,126.48,92.94,,3.14,252.6,3.78,A,Normal,0
PCB_02434,LOT_20260305,SMD_Line_A,Mounter_04,FD_10,NZ_03,CHIP_1005,-0.75,6.48,-0.465,107.15,102.64,-69.44,3.06,245.0,4.23,A,Normal,0
PCB_02435,LOT_20260305,SMD_Line_C,Mounter_03,FD_05,NZ_04,CHIP_0603,2.38,-6.6,-0.382,122.07,,-71.3,3.29,246.7,4.12,A,Normal,0
PCB_02436,LOT_20260305,SMD_Line_A,Mounter_03,FD_10,NZ_01,CHIP_0603,-6.94,-16.5,-0.088,154.94,83.03,-75.56,3.38,245.9,3.68,A,Normal,0
PCB_02437,LOT_20260305,SMD_Line_A,Mounter_03,FD_18,NZ_08,CHIP_0603,0.72,-13.34,-0.051,156.64,68.45,-74.74,3.85,238.1,3.8,B,Normal,0
PCB_02438,LOT_20260305,SMD_Line_A,Mounter_02,FD_21,NZ_03,CHIP_1005,6.42,-13.86,0.271,140.11,125.03,-68.62,3.67,251.6,3.23,B,Normal,0
PCB_02439,LOT_20260305,SMD_Line_B,Mounter_01,FD_24,NZ_01,CHIP_1005,-25.13,-6.23,-0.303,136.62,,-69.53,3.77,241.7,3.69,A,Normal,0
PCB_02440,LOT_20260305,SMD_Line_A,Mounter_01,FD_06,NZ_02,CHIP_1005,0.93,-10.0,-0.895,120.56,82.69,-74.16,2.99,241.6,4.4,B,Normal,0
PCB_02441,LOT_20260305,SMD_Line_B,Mounter_02,FD_03,NZ_05,CHIP_0603,-4.78,-0.26,-0.104,132.99,112.4,-74.65,3.37,247.0,4.72,A,Normal,0
PCB_02442,LOT_20260305,SMD_Line_B,Mounter_03,FD_08,NZ_07,CHIP_1005,-21.34,-4.63,-0.074,132.49,117.92,-69.74,4.24,242.0,4.46,F,Tombstone,1
PCB_02443,LOT_20260305,SMD_Line_C,Mounter_03,FD_09,NZ_07,CHIP_0603,7.05,6.09,-0.11,130.26,102.56,-73.05,3.14,239.5,3.95,A,Normal,0
PCB_02444,LOT_20260305,SMD_Line_C,Mounter_04,FD_05,NZ_08,CHIP_0603,3.89,4.52,-0.116,142.1,107.48,-74.77,3.28,249.1,3.37,A,Normal,0
PCB_02445,LOT_20260305,SMD_Line_B,Mounter_04,FD_02,NZ_02,BGA_256,2.06,-3.82,-0.158,115.85,115.71,-70.8,3.29,245.5,3.6,A,Normal,0
PCB_02446,LOT_20260305,SMD_Line_A,Mounter_03,FD_02,NZ_03,CAP_3216,7.63,14.66,-0.596,168.43,107.27,-69.63,3.14,249.0,4.42,A,Normal,0
PCB_02447,LOT_20260305,SMD_Line_A,Mounter_02,FD_07,NZ_07,CHIP_1005,4.02,-10.93,0.658,154.37,107.59,-75.86,3.97,243.5,4.4,A,Normal,0
PCB_02448,LOT_20260305,SMD_Line_A,Mounter_03,FD_17,NZ_06,CAP_3216,-9.22,11.88,0.633,117.82,81.59,-73.19,2.93,243.1,3.87,B,Normal,0
PCB_02449,LOT_20260305,SMD_Line_A,Mounter_04,FD_10,NZ_02,CHIP_1005,9.04,1.84,0.628,131.61,67.25,-69.44,3.85,246.1,4.0,C,Normal,0
PCB_02450,LOT_20260305,SMD_Line_A,Mounter_03,FD_12,NZ_04,CHIP_0603,11.18,-4.65,-0.533,121.02,110.34,-66.49,3.66,246.5,5.16,F,Tombstone,1
PCB_02451,LOT_20260305,SMD_Line_A,Mounter_02,FD_02,NZ_01,CAP_3216,-13.57,13.33,0.182,139.54,97.31,-70.98,3.16,242.3,3.32,A,Normal,0
PCB_02452,LOT_20260305,SMD_Line_C,Mounter_01,FD_10,NZ_06,CHIP_0603,11.01,6.57,-0.19,128.66,94.54,-73.78,2.95,241.8,4.21,A,Normal,0
PCB_02453,LOT_20260305,SMD_Line_B,Mounter_02,FD_20,NZ_07,IC_QFP_48,-3.54,-12.69,-0.215,101.77,111.68,-74.9,3.18,248.8,3.59,A,Normal,0
PCB_02454,LOT_20260305,SMD_Line_A,Mounter_02,FD_01,NZ_06,CHIP_0603,7.66,4.29,-0.418,116.19,88.54,-72.01,3.9,246.4,3.62,A,Normal,0
PCB_02455,LOT_20260305,SMD_Line_B,Mounter_04,FD_04,NZ_03,CHIP_1005,1.9,4.28,1.155,149.9,99.56,-72.13,3.85,246.2,4.41,A,Normal,0
PCB_02456,LOT_20260305,SMD_Line_A,Mounter_02,FD_13,NZ_04,CHIP_1005,-2.15,11.89,-0.112,126.72,100.68,-79.55,3.68,236.7,5.05,F,Tombstone,1
PCB_02457,LOT_20260305,SMD_Line_B,Mounter_02,FD_12,NZ_01,CHIP_1005,6.74,6.91,-0.415,126.58,108.28,-77.94,3.15,246.1,4.51,A,Normal,0
PCB_02458,LOT_20260305,SMD_Line_B,Mounter_04,FD_11,NZ_04,CHIP_0603,-4.16,7.75,0.062,140.04,104.1,-79.99,3.23,246.6,4.98,A,Normal,0
PCB_02459,LOT_20260305,SMD_Line_B,Mounter_04,FD_10,NZ_02,CHIP_0603,13.5,-5.21,0.343,144.1,104.1,,3.58,243.7,3.23,A,Normal,0
PCB_02460,LOT_20260305,SMD_Line_B,Mounter_01,FD_15,NZ_03,CHIP_0603,15.56,-2.47,-0.064,128.66,95.14,-68.32,3.06,247.4,4.45,A,Normal,0
PCB_02461,LOT_20260305,SMD_Line_C,Mounter_03,FD_05,NZ_06,CAP_3216,-6.84,-2.98,0.11,97.51,95.46,-68.81,3.7,242.1,4.65,A,Normal,0
PCB_02462,LOT_20260305,SMD_Line_C,Mounter_02,FD_17,NZ_06,IC_QFP_48,-2.09,-18.86,0.451,117.95,104.08,-76.48,3.29,246.4,4.08,A,Normal,0
PCB_02463,LOT_20260305,SMD_Line_B,Mounter_04,FD_05,NZ_02,CHIP_1005,-4.68,15.18,-0.43,97.84,93.99,-75.21,3.81,238.6,4.62,A,Normal,0
PCB_02464,LOT_20260305,SMD_Line_B,Mounter_01,FD_02,NZ_06,CHIP_0603,4.69,-13.21,0.08,109.01,90.06,-76.56,2.35,248.8,5.49,A,Normal,0
PCB_02465,LOT_20260305,SMD_Line_B,Mounter_03,FD_09,NZ_05,BGA_256,16.38,3.17,-0.288,131.16,115.44,-71.69,2.84,241.8,4.28,F,Tombstone,1
PCB_02466,LOT_20260305,SMD_Line_A,Mounter_04,FD_06,NZ_03,CHIP_0603,-20.84,-3.91,-0.348,130.69,91.9,-68.76,3.0,246.8,4.0,A,Normal,0
PCB_02467,LOT_20260305,SMD_Line_A,Mounter_03,FD_18,NZ_02,CHIP_0603,-17.73,-2.81,0.788,149.13,94.5,-68.02,3.45,250.2,4.77,F,Tombstone,1
PCB_02468,LOT_20260305,SMD_Line_A,Mounter_03,FD_14,NZ_03,CHIP_1005,-1.04,8.0,-0.04,129.51,114.72,-74.38,2.97,249.1,4.75,A,Normal,0
PCB_02469,LOT_20260305,SMD_Line_B,Mounter_02,FD_19,NZ_01,BGA_256,2.32,-9.21,-0.478,116.83,91.72,-71.61,4.51,246.8,4.07,A,Normal,0
PCB_02470,LOT_20260305,SMD_Line_B,Mounter_02,FD_14,NZ_03,CHIP_0603,-11.77,5.39,-0.05,148.04,103.85,-74.6,2.47,248.5,3.92,A,Normal,0
PCB_02471,LOT_20260305,SMD_Line_A,Mounter_04,FD_08,NZ_03,CHIP_0603,2.26,5.5,-0.544,156.27,104.91,-71.92,3.81,251.3,4.75,A,Normal,0
PCB_02472,LOT_20260305,SMD_Line_C,Mounter_03,FD_17,NZ_01,CHIP_1005,-9.26,-9.15,-0.098,143.75,98.92,-74.22,3.94,245.5,3.98,F,Tombstone,1
PCB_02473,LOT_20260305,SMD_Line_C,Mounter_04,FD_03,NZ_02,CHIP_0603,-5.58,10.75,-0.305,128.99,95.34,-73.96,3.5,249.1,4.17,A,Normal,0
PCB_02474,LOT_20260305,SMD_Line_B,Mounter_04,FD_10,NZ_03,CHIP_1005,15.87,16.14,0.23,125.38,86.48,-76.63,3.01,240.1,4.35,A,Normal,0
PCB_02475,LOT_20260305,SMD_Line_B,Mounter_03,FD_17,NZ_04,CHIP_1005,-4.29,23.89,0.872,112.13,107.53,-82.52,3.19,242.0,4.11,B,Normal,0
PCB_02476,LOT_20260305,SMD_Line_C,Mounter_04,FD_11,NZ_03,CHIP_1005,-4.51,-3.09,-0.079,118.15,113.23,-73.34,3.69,251.3,4.21,A,Normal,0
PCB_02477,LOT_20260305,SMD_Line_A,Mounter_03,FD_08,NZ_02,CHIP_0603,1.65,2.26,-0.288,123.27,,-70.81,2.24,244.0,3.79,A,Normal,0
PCB_02478,LOT_20260305,SMD_Line_C,Mounter_03,FD_01,NZ_08,CHIP_0603,13.65,2.98,0.041,110.14,104.45,-71.29,2.82,242.8,4.48,A,Normal,0
PCB_02479,LOT_20260305,SMD_Line_A,Mounter_03,FD_13,NZ_06,BGA_256,-0.54,7.86,0.671,124.98,76.29,-77.24,2.88,243.8,4.0,B,Normal,0
PCB_02480,LOT_20260305,SMD_Line_C,Mounter_03,FD_21,NZ_07,BGA_256,-6.98,20.63,0.232,125.78,109.23,-79.9,3.53,242.0,4.97,A,Normal,0
PCB_02481,LOT_20260305,SMD_Line_A,Mounter_01,FD_04,NZ_01,CHIP_0603,7.24,5.74,-0.063,149.12,98.7,-72.28,3.85,244.3,4.26,A,Normal,0
PCB_02482,LOT_20260305,SMD_Line_C,Mounter_03,FD_07,NZ_06,CHIP_0603,10.16,6.07,-0.93,105.71,92.9,-76.06,4.39,240.6,4.71,A,Normal,0
PCB_02483,LOT_20260305,SMD_Line_C,Mounter_02,FD_14,NZ_02,CHIP_0603,14.31,-12.92,-0.024,132.59,107.89,-73.58,2.08,242.6,4.51,A,Normal,0
PCB_02484,LOT_20260305,SMD_Line_A,Mounter_02,FD_05,NZ_05,CHIP_1005,-0.45,24.17,0.349,109.59,102.71,-76.09,2.58,245.3,4.76,A,Normal,0
PCB_02485,LOT_20260305,SMD_Line_B,Mounter_02,FD_24,NZ_07,IC_QFP_48,5.94,-5.61,0.431,100.66,112.11,-77.45,2.99,251.6,3.98,A,Normal,0
PCB_02486,LOT_20260305,SMD_Line_C,Mounter_03,FD_11,NZ_06,CHIP_1005,9.88,-31.38,0.59,122.59,104.09,-67.9,3.53,244.8,3.61,B,Normal,0
PCB_02487,LOT_20260305,SMD_Line_B,Mounter_02,FD_17,NZ_03,IC_QFP_48,2.27,-26.85,-0.304,130.28,96.8,-70.39,3.66,237.8,3.75,A,Normal,0
PCB_02488,LOT_20260305,SMD_Line_C,Mounter_01,FD_05,NZ_07,IC_QFP_48,16.49,3.84,-0.181,149.08,95.81,-72.09,2.49,249.2,3.71,A,Normal,0
PCB_02489,LOT_20260305,SMD_Line_B,Mounter_04,FD_20,NZ_03,CAP_3216,8.14,-15.02,-0.054,125.96,107.34,-68.89,3.43,248.4,3.79,A,Normal,0
PCB_02490,LOT_20260305,SMD_Line_A,Mounter_03,FD_03,NZ_01,CHIP_0603,23.54,0.63,0.319,121.92,83.94,-71.94,1.66,241.7,3.61,B,Normal,0
PCB_02491,LOT_20260305,SMD_Line_A,Mounter_02,FD_05,NZ_03,CHIP_0603,11.47,-17.64,-0.118,119.47,93.98,-73.32,3.38,248.3,4.14,A,Normal,0
PCB_02492,LOT_20260305,SMD_Line_A,Mounter_01,FD_15,NZ_07,CHIP_0603,-24.08,3.6,0.236,122.24,73.67,-66.2,3.18,244.4,4.57,B,Normal,0
PCB_02493,LOT_20260305,SMD_Line_C,Mounter_04,FD_19,NZ_04,BGA_256,-4.98,6.66,-0.173,77.17,105.06,-65.97,3.14,251.1,3.55,A,Normal,0
PCB_02494,LOT_20260305,SMD_Line_A,Mounter_01,FD_16,NZ_04,IC_QFP_48,-20.22,2.07,-0.318,117.71,107.74,-75.53,2.96,255.0,3.86,A,Normal,0
PCB_02495,LOT_20260305,SMD_Line_B,Mounter_02,FD_08,NZ_08,CHIP_1005,-7.99,-8.22,0.499,142.02,90.77,-71.05,3.15,246.7,4.71,A,Normal,0
PCB_02496,LOT_20260305,SMD_Line_B,Mounter_01,FD_13,NZ_06,CHIP_0603,-4.64,10.37,0.141,93.2,86.88,-71.5,3.39,248.2,3.43,A,Normal,0
PCB_02497,LOT_20260305,SMD_Line_B,Mounter_04,FD_16,NZ_02,CHIP_0603,10.86,-4.71,0.336,123.77,111.44,-68.98,4.2,251.7,4.2,A,Normal,0
PCB_02498,LOT_20260305,SMD_Line_C,Mounter_02,FD_03,NZ_08,CHIP_0603,-5.5,-2.22,-0.093,125.67,91.43,-75.71,2.43,249.0,4.49,A,Normal,0
PCB_02499,LOT_20260305,SMD_Line_C,Mounter_04,FD_01,NZ_01,CHIP_1005,17.43,-6.01,0.362,140.75,107.72,-67.53,3.04,246.9,5.24,F,Tombstone,1
PCB_02500,LOT_20260305,SMD_Line_B,Mounter_01,FD_09,NZ_05,CHIP_0603,-8.36,-3.16,-0.478,131.75,99.83,-75.24,3.52,244.5,3.02,A,Normal,0
PCB_02501,LOT_20260306,SMD_Line_C,Mounter_03,FD_09,NZ_08,CHIP_0603,-3.61,22.08,-0.407,136.33,93.65,,3.16,240.2,3.54,A,Normal,0
PCB_02502,LOT_20260306,SMD_Line_C,Mounter_03,FD_22,NZ_06,IC_QFP_48,-15.5,-0.06,0.424,118.81,106.96,-75.98,3.27,243.8,4.35,A,Normal,0
PCB_02503,LOT_20260306,SMD_Line_B,Mounter_03,FD_17,NZ_02,CHIP_0603,18.06,-14.98,-0.032,103.63,100.38,-73.87,2.85,244.0,4.01,A,Normal,0
PCB_02504,LOT_20260306,SMD_Line_C,Mounter_03,FD_24,NZ_01,CHIP_1005,19.73,-11.32,-0.111,122.05,117.93,-75.62,3.7,245.1,2.83,B,Normal,0
PCB_02505,LOT_20260306,SMD_Line_A,Mounter_04,FD_02,NZ_07,CHIP_0603,-1.65,-3.26,-0.414,127.86,91.18,-75.34,1.9,237.3,3.98,A,Normal,0
PCB_02506,LOT_20260306,SMD_Line_A,Mounter_03,FD_09,NZ_01,BGA_256,-18.51,-9.38,0.362,147.37,84.1,-69.3,2.6,243.5,3.75,A,Normal,0
PCB_02507,LOT_20260306,SMD_Line_C,Mounter_04,FD_24,NZ_07,CHIP_1005,-2.6,11.21,0.839,108.58,,-72.15,4.37,243.9,3.38,A,Normal,0
PCB_02508,LOT_20260306,SMD_Line_B,Mounter_02,FD_19,NZ_06,CAP_3216,2.9,-16.72,0.273,161.33,105.72,-65.02,2.46,239.2,4.01,A,Normal,0
PCB_02509,LOT_20260306,SMD_Line_C,Mounter_03,FD_13,NZ_02,CHIP_1005,-7.94,-1.4,-0.202,132.59,97.75,,2.68,246.7,3.54,A,Normal,0
PCB_02510,LOT_20260306,SMD_Line_C,Mounter_04,FD_05,NZ_08,CAP_3216,29.39,11.93,0.624,118.58,121.58,-74.75,2.73,248.9,3.77,C,Normal,0
PCB_02511,LOT_20260306,SMD_Line_A,Mounter_03,FD_09,NZ_02,BGA_256,22.82,-7.44,0.162,117.8,114.55,-73.83,2.88,245.0,4.85,A,Normal,0
PCB_02512,LOT_20260306,SMD_Line_C,Mounter_03,FD_13,NZ_03,CHIP_1005,-21.86,5.18,-0.195,127.6,93.69,-72.54,3.19,239.8,5.13,A,Normal,0
PCB_02513,LOT_20260306,SMD_Line_B,Mounter_03,FD_01,NZ_05,CAP_3216,-14.42,-0.48,0.574,128.98,100.77,-70.91,3.85,244.6,3.75,A,Normal,0
PCB_02514,LOT_20260306,SMD_Line_B,Mounter_04,FD_15,NZ_04,CHIP_0603,5.73,-0.37,-0.081,130.2,78.34,-73.4,3.49,248.1,4.26,A,Normal,0
PCB_02515,LOT_20260306,SMD_Line_B,Mounter_01,FD_04,NZ_03,CHIP_1005,-13.4,6.04,-0.649,139.56,112.62,-76.51,3.06,247.9,4.51,A,Normal,0
PCB_02516,LOT_20260306,SMD_Line_C,Mounter_03,FD_04,NZ_01,CHIP_0603,2.29,-21.93,-0.143,120.08,91.83,,4.25,244.8,3.78,A,Normal,0
PCB_02517,LOT_20260306,SMD_Line_A,Mounter_03,FD_20,NZ_05,CHIP_1005,0.13,14.2,0.239,131.6,102.39,-67.73,2.95,246.7,3.72,A,Normal,0
PCB_02518,LOT_20260306,SMD_Line_B,Mounter_02,FD_10,NZ_05,IC_QFP_48,-0.49,-22.38,-0.323,124.98,96.91,-73.49,3.23,242.3,4.52,A,Normal,0
PCB_02519,LOT_20260306,SMD_Line_B,Mounter_01,FD_06,NZ_02,IC_QFP_48,12.73,13.4,-0.843,154.7,82.13,-66.8,3.27,248.1,4.09,B,Normal,0
PCB_02520,LOT_20260306,SMD_Line_B,Mounter_04,FD_24,NZ_05,CHIP_0603,22.59,5.12,0.661,102.88,,-73.77,3.71,243.3,4.09,A,Normal,0
PCB_02521,LOT_20260306,SMD_Line_B,Mounter_02,FD_12,NZ_06,CHIP_1005,4.95,5.58,1.347,162.18,,-68.35,2.51,241.8,3.62,B,Normal,0
PCB_02522,LOT_20260306,SMD_Line_A,Mounter_03,FD_20,NZ_05,CHIP_0603,-15.15,19.05,-0.214,116.75,93.77,-75.32,2.59,249.0,3.69,A,Normal,0
PCB_02523,LOT_20260306,SMD_Line_A,Mounter_02,FD_16,NZ_01,IC_QFP_48,1.8,13.96,-0.283,113.72,110.23,-63.69,3.77,245.6,4.23,A,Normal,0
PCB_02524,LOT_20260306,SMD_Line_A,Mounter_02,FD_03,NZ_06,CHIP_0603,-7.3,9.61,-0.606,125.56,,-78.15,4.27,245.3,3.98,A,Normal,0
PCB_02525,LOT_20260306,SMD_Line_C,Mounter_03,FD_14,NZ_06,CAP_3216,24.9,-3.48,-0.37,133.24,117.89,-75.85,2.98,247.2,4.25,F,Tombstone,1
PCB_02526,LOT_20260306,SMD_Line_A,Mounter_01,FD_01,NZ_03,CHIP_0603,8.66,-4.26,-0.688,124.55,88.16,-64.31,2.44,244.7,4.67,A,Normal,0
PCB_02527,LOT_20260306,SMD_Line_A,Mounter_01,FD_10,NZ_05,CHIP_0603,5.03,9.93,-0.587,138.96,85.96,-77.99,2.49,241.1,4.27,A,Normal,0
PCB_02528,LOT_20260306,SMD_Line_C,Mounter_02,FD_15,NZ_02,BGA_256,8.12,5.34,0.001,123.26,100.56,-72.87,3.82,244.1,3.87,A,Normal,0
PCB_02529,LOT_20260306,SMD_Line_A,Mounter_03,FD_07,NZ_07,CHIP_1005,-0.48,3.55,-0.711,120.35,119.61,,2.19,238.7,4.65,A,Normal,0
PCB_02530,LOT_20260306,SMD_Line_C,Mounter_04,FD_04,NZ_03,CHIP_0603,15.65,-0.67,-0.661,116.13,,-71.89,3.24,249.9,4.18,A,Normal,0
PCB_02531,LOT_20260306,SMD_Line_B,Mounter_02,FD_14,NZ_02,CHIP_1005,-7.14,-4.81,0.093,148.91,111.78,-71.11,3.09,240.3,4.86,A,Normal,0
PCB_02532,LOT_20260306,SMD_Line_C,Mounter_04,FD_24,NZ_05,CHIP_0603,12.0,-16.4,-0.278,135.77,83.91,-72.84,2.79,253.2,3.84,A,Normal,0
PCB_02533,LOT_20260306,SMD_Line_A,Mounter_02,FD_16,NZ_03,CAP_3216,19.9,7.59,0.161,112.65,95.6,-69.41,2.68,241.7,4.14,A,Normal,0
PCB_02534,LOT_20260306,SMD_Line_A,Mounter_02,FD_14,NZ_05,CHIP_1005,-10.17,-2.14,-0.154,123.22,96.37,-67.06,3.62,247.6,4.03,A,Normal,0
PCB_02535,LOT_20260306,SMD_Line_B,Mounter_03,FD_03,NZ_01,CHIP_0603,4.22,-2.91,-0.084,110.14,84.86,-74.03,3.67,252.9,4.25,F,Tombstone,1
PCB_02536,LOT_20260306,SMD_Line_C,Mounter_03,FD_17,NZ_03,CHIP_1005,5.21,-21.39,0.351,170.89,80.9,-78.26,3.9,246.1,4.32,F,Tombstone,1
PCB_02537,LOT_20260306,SMD_Line_B,Mounter_04,FD_21,NZ_02,CHIP_0603,-13.43,1.09,-0.247,132.75,97.1,-74.36,3.49,243.6,4.2,A,Normal,0
PCB_02538,LOT_20260306,SMD_Line_A,Mounter_04,FD_14,NZ_01,IC_QFP_48,-17.11,-16.09,0.319,100.15,118.96,-70.95,3.2,245.1,4.6,B,Normal,0
PCB_02539,LOT_20260306,SMD_Line_C,Mounter_01,FD_18,NZ_04,CAP_3216,-11.45,-5.13,-0.189,109.6,102.62,-71.43,3.3,241.4,4.4,A,Normal,0
PCB_02540,LOT_20260306,SMD_Line_C,Mounter_03,FD_03,NZ_02,BGA_256,-0.65,9.35,-0.369,111.24,91.8,-68.91,3.79,236.5,5.42,A,Normal,0
PCB_02541,LOT_20260306,SMD_Line_B,Mounter_02,FD_22,NZ_07,CHIP_0603,5.24,0.75,-0.483,134.39,75.55,-65.48,2.18,247.5,5.5,B,Normal,0
PCB_02542,LOT_20260306,SMD_Line_C,Mounter_02,FD_19,NZ_08,CHIP_0603,-4.62,-1.24,-0.746,104.53,95.54,-71.26,3.47,236.5,3.85,A,Normal,0
PCB_02543,LOT_20260306,SMD_Line_C,Mounter_01,FD_03,NZ_05,CHIP_0603,24.13,-8.57,-0.558,109.52,94.72,-73.42,2.85,239.3,3.94,A,Normal,0
PCB_02544,LOT_20260306,SMD_Line_B,Mounter_03,FD_12,NZ_02,IC_QFP_48,12.83,-6.46,-0.798,126.23,104.61,-74.54,3.43,245.2,3.56,A,Normal,0
PCB_02545,LOT_20260306,SMD_Line_A,Mounter_02,FD_22,NZ_04,CHIP_1005,5.66,18.71,-0.448,128.76,96.96,-72.65,2.58,242.2,5.01,A,Normal,0
PCB_02546,LOT_20260306,SMD_Line_B,Mounter_01,FD_05,NZ_02,CHIP_1005,-5.38,9.2,0.369,121.69,107.58,-69.02,3.71,247.1,3.98,A,Normal,0
PCB_02547,LOT_20260306,SMD_Line_A,Mounter_01,FD_10,NZ_01,CAP_3216,0.87,-5.45,-0.004,123.77,109.21,-74.11,3.55,251.7,4.33,A,Normal,0
PCB_02548,LOT_20260306,SMD_Line_B,Mounter_02,FD_09,NZ_06,CHIP_0603,13.77,-1.25,-0.175,108.47,99.16,-69.91,2.78,243.9,3.6,F,Tombstone,1
PCB_02549,LOT_20260306,SMD_Line_B,Mounter_02,FD_01,NZ_08,CHIP_0603,11.5,2.92,-0.311,136.69,99.33,-75.8,2.92,242.4,4.26,A,Normal,0
PCB_02550,LOT_20260306,SMD_Line_A,Mounter_04,FD_13,NZ_02,CHIP_0603,11.36,5.17,-0.037,99.98,100.41,-72.07,2.86,252.4,3.32,A,Normal,0
PCB_02551,LOT_20260306,SMD_Line_A,Mounter_03,FD_03,NZ_03,CHIP_0603,-3.8,-0.29,0.014,127.53,79.06,-77.42,3.23,247.9,4.8,A,Normal,0
PCB_02552,LOT_20260306,SMD_Line_A,Mounter_04,FD_19,NZ_07,CHIP_0603,-6.54,-20.89,-0.502,156.71,,-73.99,4.42,248.9,5.12,A,Normal,0
PCB_02553,LOT_20260306,SMD_Line_C,Mounter_01,FD_11,NZ_04,CHIP_1005,-17.84,-0.37,0.209,124.51,120.37,-66.83,2.11,248.5,4.55,B,Normal,0
PCB_02554,LOT_20260306,SMD_Line_C,Mounter_02,FD_16,NZ_02,CHIP_0603,6.61,-1.09,-0.147,109.01,100.71,-71.09,3.4,244.0,3.73,A,Normal,0
PCB_02555,LOT_20260306,SMD_Line_A,Mounter_04,FD_06,NZ_04,CHIP_0603,-18.98,24.28,0.134,128.25,90.61,-72.47,3.46,243.4,4.48,B,Normal,0
PCB_02556,LOT_20260306,SMD_Line_C,Mounter_01,FD_24,NZ_06,IC_QFP_48,-0.19,31.76,-0.014,125.38,99.92,-71.05,2.88,241.0,4.3,B,Normal,0
PCB_02557,LOT_20260306,SMD_Line_B,Mounter_03,FD_03,NZ_01,CHIP_0603,-5.25,7.58,-0.638,132.77,94.78,-70.2,2.2,248.1,4.89,A,Normal,0
PCB_02558,LOT_20260306,SMD_Line_A,Mounter_02,FD_19,NZ_03,IC_QFP_48,2.78,-7.99,0.585,132.52,100.33,-70.86,3.08,246.6,4.62,A,Normal,0
PCB_02559,LOT_20260306,SMD_Line_A,Mounter_04,FD_06,NZ_05,CHIP_0603,14.57,8.01,-0.005,144.43,96.26,-71.2,2.47,247.7,3.66,A,Normal,0
PCB_02560,LOT_20260306,SMD_Line_B,Mounter_03,FD_08,NZ_02,CHIP_1005,16.92,-20.04,-0.165,122.47,74.17,-75.49,3.53,237.1,4.78,B,Normal,0
PCB_02561,LOT_20260306,SMD_Line_C,Mounter_04,FD_22,NZ_01,CAP_3216,8.78,-6.29,0.262,117.46,101.15,-77.18,2.37,248.9,4.16,A,Normal,0
PCB_02562,LOT_20260306,SMD_Line_B,Mounter_01,FD_13,NZ_08,CHIP_0603,-9.55,-19.19,-0.521,117.84,126.69,-69.46,3.17,243.1,4.86,B,Normal,0
PCB_02563,LOT_20260306,SMD_Line_A,Mounter_03,FD_12,NZ_04,CHIP_1005,-0.28,6.5,-0.708,120.15,83.97,-76.58,2.74,236.2,3.42,A,Normal,0
PCB_02564,LOT_20260306,SMD_Line_A,Mounter_04,FD_10,NZ_06,BGA_256,-10.92,-14.29,0.25,134.3,113.17,-70.72,3.87,239.5,4.46,A,Normal,0
PCB_02565,LOT_20260306,SMD_Line_B,Mounter_03,FD_03,NZ_07,CHIP_1005,-8.18,-3.39,0.516,109.24,104.81,-68.47,4.14,242.9,4.05,A,Normal,0
PCB_02566,LOT_20260306,SMD_Line_A,Mounter_01,FD_04,NZ_04,CHIP_0603,6.03,-0.52,0.129,115.82,88.97,-75.61,2.98,242.0,4.25,A,Normal,0
PCB_02567,LOT_20260306,SMD_Line_A,Mounter_03,FD_01,NZ_07,CHIP_1005,-12.18,-0.34,0.363,130.75,83.88,-74.3,2.57,245.1,3.86,F,Tombstone,1
PCB_02568,LOT_20260306,SMD_Line_A,Mounter_04,FD_13,NZ_06,IC_QFP_48,-5.68,-5.58,-0.57,148.07,103.15,-72.54,4.2,246.9,4.45,A,Normal,0
PCB_02569,LOT_20260306,SMD_Line_C,Mounter_01,FD_24,NZ_07,BGA_256,-13.37,3.97,-0.162,116.73,104.33,-75.1,3.12,244.5,3.73,A,Normal,0
PCB_02570,LOT_20260306,SMD_Line_C,Mounter_02,FD_04,NZ_06,CHIP_0603,8.23,-14.8,-0.296,135.24,81.9,-75.16,3.39,243.0,3.42,A,Normal,0
PCB_02571,LOT_20260306,SMD_Line_B,Mounter_04,FD_22,NZ_01,CHIP_0603,-4.51,20.52,0.462,126.87,111.12,-73.87,3.13,245.6,3.82,A,Normal,0
PCB_02572,LOT_20260306,SMD_Line_C,Mounter_04,FD_11,NZ_02,CHIP_0603,-27.7,-12.2,0.222,137.55,94.07,-74.7,3.08,245.7,3.83,B,Normal,0
PCB_02573,LOT_20260306,SMD_Line_A,Mounter_01,FD_19,NZ_05,CHIP_0603,20.42,0.47,0.464,130.89,105.91,-70.3,2.9,250.3,4.04,A,Normal,0
PCB_02574,LOT_20260306,SMD_Line_B,Mounter_01,FD_11,NZ_02,CHIP_0603,12.67,7.37,-0.278,130.41,108.44,-71.73,2.07,242.4,4.56,A,Normal,0
PCB_02575,LOT_20260306,SMD_Line_A,Mounter_02,FD_12,NZ_08,CHIP_0603,-25.19,8.06,-0.509,168.29,110.75,-77.06,4.26,244.5,3.73,F,Tombstone,1
PCB_02576,LOT_20260306,SMD_Line_B,Mounter_04,FD_11,NZ_08,CHIP_0603,9.19,9.15,0.598,173.95,88.13,-65.95,3.32,251.9,4.59,A,Normal,0
PCB_02577,LOT_20260306,SMD_Line_C,Mounter_01,FD_06,NZ_03,CHIP_0603,19.03,-18.79,0.012,126.05,124.14,-73.04,3.15,239.9,4.49,B,Normal,0
PCB_02578,LOT_20260306,SMD_Line_B,Mounter_02,FD_12,NZ_02,CAP_3216,-2.33,-10.83,0.479,116.24,88.95,-72.24,3.76,243.5,4.7,A,Normal,0
PCB_02579,LOT_20260306,SMD_Line_A,Mounter_02,FD_09,NZ_06,CHIP_0603,1.86,1.6,-0.029,133.63,110.73,-73.83,2.86,241.2,4.02,A,Normal,0
PCB_02580,LOT_20260306,SMD_Line_B,Mounter_01,FD_10,NZ_06,CHIP_0603,-3.98,5.68,0.992,139.06,94.01,-72.04,3.42,239.7,4.98,A,Normal,0
PCB_02581,LOT_20260306,SMD_Line_A,Mounter_04,FD_03,NZ_03,CHIP_0603,6.5,14.83,0.53,149.81,100.62,-75.17,2.74,245.9,4.05,A,Normal,0
PCB_02582,LOT_20260306,SMD_Line_C,Mounter_03,FD_03,NZ_04,CAP_3216,12.91,-6.07,-0.072,96.33,98.5,-76.74,2.99,250.6,4.65,A,Normal,0
PCB_02583,LOT_20260306,SMD_Line_B,Mounter_03,FD_20,NZ_06,IC_QFP_48,-14.89,-10.68,0.009,123.84,,-73.16,3.55,253.8,5.04,A,Normal,0
PCB_02584,LOT_20260306,SMD_Line_B,Mounter_02,FD_23,NZ_03,IC_QFP_48,-8.83,-6.45,0.011,122.38,112.58,-66.98,3.36,244.8,4.8,A,Normal,0
PCB_02585,LOT_20260306,SMD_Line_B,Mounter_03,FD_16,NZ_06,CHIP_0603,1.27,26.66,-0.511,117.89,92.65,-70.03,3.0,247.1,4.14,B,Normal,0
PCB_02586,LOT_20260306,SMD_Line_B,Mounter_03,FD_03,NZ_05,BGA_256,3.88,17.71,-0.217,107.55,89.48,-67.74,3.64,247.3,3.65,A,Normal,0
PCB_02587,LOT_20260306,SMD_Line_A,Mounter_01,FD_10,NZ_06,CHIP_1005,5.09,-2.0,-0.251,126.63,75.25,-74.01,2.73,244.1,3.72,F,Tombstone,1
PCB_02588,LOT_20260306,SMD_Line_B,Mounter_02,FD_24,NZ_01,CHIP_0603,-2.41,15.16,0.105,140.57,102.16,-74.86,2.65,250.4,3.71,A,Normal,0
PCB_02589,LOT_20260306,SMD_Line_A,Mounter_04,FD_11,NZ_03,CHIP_1005,-11.03,-6.76,-0.367,111.33,97.97,-73.8,2.93,244.3,3.86,A,Normal,0
PCB_02590,LOT_20260306,SMD_Line_B,Mounter_02,FD_08,NZ_07,BGA_256,12.32,11.26,-0.068,131.32,101.3,-70.2,3.06,249.6,4.18,A,Normal,0
PCB_02591,LOT_20260306,SMD_Line_C,Mounter_01,FD_06,NZ_08,IC_QFP_48,-15.27,-16.27,-0.165,136.3,98.78,-68.43,3.0,243.5,4.52,A,Normal,0
PCB_02592,LOT_20260306,SMD_Line_C,Mounter_03,FD_20,NZ_02,BGA_256,-6.15,4.21,0.034,154.65,109.11,-72.97,2.94,240.2,4.59,A,Normal,0
PCB_02593,LOT_20260306,SMD_Line_B,Mounter_04,FD_11,NZ_03,CAP_3216,0.22,12.03,0.661,139.53,93.92,-76.92,3.74,240.4,4.68,A,Normal,0
PCB_02594,LOT_20260306,SMD_Line_B,Mounter_02,FD_21,NZ_04,CHIP_0603,6.06,-3.85,0.493,128.72,,-68.59,4.1,238.2,4.65,A,Normal,0
PCB_02595,LOT_20260306,SMD_Line_A,Mounter_03,FD_12,NZ_06,CHIP_1005,-3.65,7.24,-0.59,134.67,99.62,-68.12,3.12,250.3,4.14,A,Normal,0
PCB_02596,LOT_20260306,SMD_Line_C,Mounter_02,FD_16,NZ_03,CHIP_0603,9.41,-6.63,-0.023,141.44,88.47,-70.21,3.56,250.4,4.53,A,Normal,0
PCB_02597,LOT_20260306,SMD_Line_A,Mounter_04,FD_18,NZ_05,BGA_256,15.63,3.58,-0.136,131.81,91.76,-67.0,2.76,242.0,4.07,A,Normal,0
PCB_02598,LOT_20260306,SMD_Line_B,Mounter_02,FD_13,NZ_03,CHIP_0603,-7.79,-5.68,-0.291,141.8,111.04,-78.71,3.14,240.5,4.35,A,Normal,0
PCB_02599,LOT_20260306,SMD_Line_A,Mounter_02,FD_22,NZ_05,BGA_256,4.89,9.67,0.969,125.01,109.89,-75.23,3.48,241.7,4.09,A,Normal,0
PCB_02600,LOT_20260306,SMD_Line_A,Mounter_02,FD_03,NZ_08,CHIP_0603,3.08,-14.92,-0.237,148.01,108.87,-71.93,2.7,245.7,4.19,A,Normal,0
PCB_02601,LOT_20260306,SMD_Line_B,Mounter_03,FD_15,NZ_08,CHIP_1005,-4.26,-11.98,-0.206,122.36,97.97,-75.7,3.65,241.1,4.03,A,Normal,0
PCB_02602,LOT_20260306,SMD_Line_A,Mounter_04,FD_22,NZ_06,CHIP_0603,-23.83,15.41,0.789,119.71,73.08,-68.79,2.76,247.3,3.31,C,Normal,0
PCB_02603,LOT_20260306,SMD_Line_B,Mounter_04,FD_21,NZ_02,CHIP_0603,4.43,-29.02,0.436,122.98,80.03,-76.12,3.81,243.7,4.07,B,Normal,0
PCB_02604,LOT_20260306,SMD_Line_A,Mounter_03,FD_14,NZ_06,BGA_256,5.8,-7.56,-0.199,115.44,96.84,-67.29,3.71,249.6,4.5,A,Normal,0
PCB_02605,LOT_20260306,SMD_Line_A,Mounter_03,FD_18,NZ_04,CHIP_0603,13.59,-1.68,0.342,141.32,81.79,-74.97,3.87,247.8,4.67,A,Normal,0
PCB_02606,LOT_20260306,SMD_Line_B,Mounter_03,FD_14,NZ_01,CHIP_1005,-4.19,4.17,-0.108,106.41,113.74,-67.1,3.81,240.3,4.45,A,Normal,0
PCB_02607,LOT_20260306,SMD_Line_A,Mounter_01,FD_05,NZ_02,CHIP_0603,-8.34,-5.64,-0.078,123.5,90.29,-74.88,4.36,239.7,3.72,A,Normal,0
PCB_02608,LOT_20260306,SMD_Line_A,Mounter_02,FD_21,NZ_02,CHIP_1005,-11.43,-13.28,-0.362,134.87,96.7,-80.27,3.5,245.9,3.95,A,Normal,0
PCB_02609,LOT_20260306,SMD_Line_B,Mounter_02,FD_14,NZ_08,CHIP_0603,-37.48,14.47,-1.095,130.18,120.82,-71.51,2.33,244.2,3.4,C,Normal,0
PCB_02610,LOT_20260306,SMD_Line_A,Mounter_04,FD_08,NZ_01,CHIP_0603,-5.06,12.43,-0.641,129.37,112.37,-69.62,3.28,250.4,4.54,A,Normal,0
PCB_02611,LOT_20260306,SMD_Line_C,Mounter_02,FD_23,NZ_03,BGA_256,34.58,-4.48,-0.497,127.86,104.16,-75.63,2.93,246.6,3.75,B,Normal,0
PCB_02612,LOT_20260306,SMD_Line_A,Mounter_01,FD_15,NZ_06,CHIP_1005,15.89,-21.13,0.189,132.47,102.65,-66.45,2.38,243.1,4.39,A,Normal,0
PCB_02613,LOT_20260306,SMD_Line_A,Mounter_03,FD_15,NZ_03,CHIP_0603,-12.4,3.61,0.069,114.96,90.93,,3.97,252.1,4.42,A,Normal,0
PCB_02614,LOT_20260306,SMD_Line_B,Mounter_04,FD_19,NZ_03,CHIP_1005,-6.43,2.14,0.489,122.81,109.13,,3.02,243.2,3.76,A,Normal,0
PCB_02615,LOT_20260306,SMD_Line_A,Mounter_04,FD_20,NZ_06,CHIP_0603,-6.51,-7.87,-0.542,126.14,102.55,-70.89,2.31,239.4,4.34,A,Normal,0
PCB_02616,LOT_20260306,SMD_Line_A,Mounter_02,FD_06,NZ_04,CHIP_0603,17.48,-23.07,0.804,136.84,,-71.95,2.81,244.1,5.11,B,Normal,0
PCB_02617,LOT_20260306,SMD_Line_A,Mounter_04,FD_19,NZ_02,CHIP_1005,27.81,-3.2,0.762,144.14,107.69,-69.71,4.56,241.6,4.02,B,Normal,0
PCB_02618,LOT_20260306,SMD_Line_A,Mounter_03,FD_08,NZ_05,CHIP_0603,1.12,9.05,0.016,128.02,107.91,-69.02,4.02,249.1,4.74,A,Normal,0
PCB_02619,LOT_20260306,SMD_Line_C,Mounter_04,FD_06,NZ_01,IC_QFP_48,3.3,10.82,-0.309,141.01,,-77.8,3.64,240.3,4.33,A,Normal,0
PCB_02620,LOT_20260306,SMD_Line_A,Mounter_03,FD_20,NZ_02,CHIP_1005,6.5,-0.52,-0.286,131.35,111.0,-66.13,3.58,248.6,4.35,A,Normal,0
PCB_02621,LOT_20260306,SMD_Line_C,Mounter_01,FD_23,NZ_03,IC_QFP_48,-0.2,-7.36,0.089,128.94,98.97,,2.66,243.9,4.15,A,Normal,0
PCB_02622,LOT_20260306,SMD_Line_C,Mounter_01,FD_15,NZ_01,CAP_3216,3.52,8.67,0.847,141.77,101.0,-75.66,2.61,238.3,4.67,A,Normal,0
PCB_02623,LOT_20260306,SMD_Line_B,Mounter_03,FD_03,NZ_05,CHIP_0603,0.6,-13.42,-0.043,108.29,84.21,-66.92,3.53,246.8,4.12,A,Normal,0
PCB_02624,LOT_20260306,SMD_Line_C,Mounter_02,FD_10,NZ_02,CHIP_0603,5.97,-15.99,-0.712,136.63,84.58,-65.31,4.15,250.0,4.5,F,Tombstone,1
PCB_02625,LOT_20260306,SMD_Line_A,Mounter_04,FD_15,NZ_02,CHIP_0603,-25.02,-1.04,0.853,119.72,82.54,-78.0,2.59,245.4,4.67,B,Normal,0
PCB_02626,LOT_20260306,SMD_Line_C,Mounter_02,FD_24,NZ_04,CHIP_0603,-5.99,18.25,-0.18,145.58,128.72,-69.59,3.14,244.2,4.71,B,Normal,0
PCB_02627,LOT_20260306,SMD_Line_A,Mounter_04,FD_16,NZ_02,BGA_256,-14.79,18.69,0.654,120.13,127.22,-68.78,3.34,252.8,4.48,C,Normal,0
PCB_02628,LOT_20260306,SMD_Line_B,Mounter_01,FD_17,NZ_02,IC_QFP_48,8.63,-15.55,0.282,125.34,,-70.72,2.91,250.0,4.58,A,Normal,0
PCB_02629,LOT_20260306,SMD_Line_B,Mounter_01,FD_19,NZ_05,CHIP_1005,-9.82,-5.16,-0.067,106.53,,-67.9,3.09,248.2,4.21,A,Normal,0
PCB_02630,LOT_20260306,SMD_Line_A,Mounter_01,FD_11,NZ_05,CHIP_1005,-19.56,28.72,0.435,135.51,93.85,-71.3,2.58,236.6,3.99,B,Normal,0
PCB_02631,LOT_20260306,SMD_Line_B,Mounter_04,FD_16,NZ_01,CHIP_0603,-22.35,-8.12,-0.331,123.74,113.29,,3.39,242.1,4.36,A,Normal,0
PCB_02632,LOT_20260306,SMD_Line_B,Mounter_01,FD_05,NZ_03,CHIP_1005,5.62,19.11,-0.131,121.94,107.5,,3.3,244.1,4.37,A,Normal,0
PCB_02633,LOT_20260306,SMD_Line_A,Mounter_01,FD_05,NZ_05,IC_QFP_48,-11.61,11.52,-0.239,130.41,126.01,-74.3,3.57,246.9,4.37,F,Tombstone,1
PCB_02634,LOT_20260306,SMD_Line_A,Mounter_01,FD_14,NZ_01,CHIP_1005,-1.73,14.05,-0.09,104.95,96.35,-67.57,3.08,248.8,4.76,A,Normal,0
PCB_02635,LOT_20260306,SMD_Line_B,Mounter_01,FD_18,NZ_02,CHIP_0603,19.79,-5.26,0.246,119.6,,-74.44,3.63,240.6,4.22,A,Normal,0
PCB_02636,LOT_20260306,SMD_Line_B,Mounter_02,FD_08,NZ_08,IC_QFP_48,4.69,-4.91,0.243,127.21,100.67,-72.2,3.4,247.4,3.52,A,Normal,0
PCB_02637,LOT_20260306,SMD_Line_C,Mounter_01,FD_05,NZ_01,CHIP_1005,-6.38,-10.75,-0.7,151.97,97.91,-75.95,3.94,240.1,3.18,A,Normal,0
PCB_02638,LOT_20260306,SMD_Line_C,Mounter_01,FD_07,NZ_08,CHIP_1005,-14.69,9.43,-0.241,132.75,99.67,-74.32,3.04,248.0,4.29,A,Normal,0
PCB_02639,LOT_20260306,SMD_Line_C,Mounter_02,FD_16,NZ_01,CHIP_1005,5.44,-19.31,-0.163,135.94,101.28,-70.82,3.77,240.4,4.71,A,Normal,0
PCB_02640,LOT_20260306,SMD_Line_B,Mounter_02,FD_23,NZ_01,CHIP_1005,-1.61,-1.93,0.264,130.93,125.44,-72.49,3.07,250.2,4.1,B,Normal,0
PCB_02641,LOT_20260306,SMD_Line_A,Mounter_04,FD_14,NZ_08,IC_QFP_48,7.23,19.29,-0.63,181.15,101.44,-78.36,3.58,246.1,5.14,A,Normal,0
PCB_02642,LOT_20260306,SMD_Line_A,Mounter_03,FD_05,NZ_06,BGA_256,-29.8,7.02,0.318,143.48,87.24,-74.65,4.0,243.4,4.28,B,Normal,0
PCB_02643,LOT_20260306,SMD_Line_C,Mounter_01,FD_24,NZ_01,CHIP_0603,14.22,11.83,-0.507,99.5,96.51,-67.12,3.9,246.3,5.4,F,Tombstone,1
PCB_02644,LOT_20260306,SMD_Line_B,Mounter_01,FD_09,NZ_08,CAP_3216,-21.41,-19.4,0.112,133.33,108.71,-68.26,3.08,242.3,4.16,B,Normal,0
PCB_02645,LOT_20260306,SMD_Line_A,Mounter_01,FD_04,NZ_05,CHIP_1005,-6.05,-11.73,0.501,146.35,,-71.89,2.88,245.1,4.99,A,Normal,0
PCB_02646,LOT_20260306,SMD_Line_A,Mounter_04,FD_04,NZ_07,IC_QFP_48,17.37,13.97,-0.552,108.24,106.55,-70.82,3.78,240.8,4.0,A,Normal,0
PCB_02647,LOT_20260306,SMD_Line_C,Mounter_01,FD_16,NZ_07,BGA_256,-27.92,1.48,0.109,131.57,79.61,-74.26,2.93,246.2,4.74,B,Normal,0
PCB_02648,LOT_20260306,SMD_Line_B,Mounter_03,FD_24,NZ_07,CHIP_1005,-1.09,-12.27,-0.083,121.93,81.29,-67.15,3.79,243.9,4.5,A,Normal,0
PCB_02649,LOT_20260306,SMD_Line_B,Mounter_02,FD_17,NZ_07,BGA_256,-3.43,7.39,-0.44,117.18,,-72.92,2.48,244.1,4.38,A,Normal,0
PCB_02650,LOT_20260306,SMD_Line_B,Mounter_04,FD_15,NZ_06,CHIP_0603,-0.36,-6.3,-0.551,150.04,105.35,-76.31,3.48,244.8,4.38,A,Normal,0
PCB_02651,LOT_20260306,SMD_Line_A,Mounter_02,FD_04,NZ_03,CHIP_0603,4.45,29.94,-0.318,120.05,90.03,-77.96,2.98,241.3,4.91,B,Normal,0
PCB_02652,LOT_20260306,SMD_Line_A,Mounter_01,FD_06,NZ_08,IC_QFP_48,0.19,7.07,-0.365,120.19,117.93,-78.09,2.2,253.7,4.12,A,Normal,0
PCB_02653,LOT_20260306,SMD_Line_A,Mounter_01,FD_16,NZ_01,BGA_256,-16.75,-10.89,-0.093,116.48,106.49,-74.77,2.74,244.1,4.26,A,Normal,0
PCB_02654,LOT_20260306,SMD_Line_A,Mounter_01,FD_04,NZ_04,BGA_256,1.22,10.4,-0.192,113.68,93.78,-66.24,2.97,249.6,5.57,A,Normal,0
PCB_02655,LOT_20260306,SMD_Line_C,Mounter_03,FD_06,NZ_07,CHIP_1005,-0.23,19.05,0.191,121.8,133.36,-62.64,4.35,240.1,4.48,C,Normal,0
PCB_02656,LOT_20260306,SMD_Line_B,Mounter_03,FD_05,NZ_02,CHIP_1005,-0.75,-0.07,0.364,121.06,94.41,-68.26,1.4,235.5,4.83,A,Normal,0
PCB_02657,LOT_20260306,SMD_Line_C,Mounter_04,FD_16,NZ_07,CHIP_0603,26.08,-9.06,-0.688,112.18,95.57,-78.1,3.0,246.1,4.09,B,Normal,0
PCB_02658,LOT_20260306,SMD_Line_C,Mounter_02,FD_16,NZ_07,CAP_3216,16.72,0.52,-0.113,129.59,95.01,-75.9,2.99,249.5,3.94,A,Normal,0
PCB_02659,LOT_20260306,SMD_Line_A,Mounter_01,FD_10,NZ_02,CHIP_0603,22.84,-7.23,-0.427,92.05,100.5,-75.88,2.62,250.1,4.59,A,Normal,0
PCB_02660,LOT_20260306,SMD_Line_B,Mounter_01,FD_09,NZ_06,IC_QFP_48,4.3,-3.05,-0.488,131.52,87.1,-73.0,2.97,248.9,4.32,A,Normal,0
PCB_02661,LOT_20260306,SMD_Line_B,Mounter_01,FD_04,NZ_02,CHIP_1005,22.32,-16.39,-0.706,144.64,108.85,-74.94,3.11,244.1,4.11,B,Normal,0
PCB_02662,LOT_20260306,SMD_Line_C,Mounter_01,FD_14,NZ_02,CHIP_1005,-10.7,10.33,-0.739,122.04,110.5,-69.82,2.8,247.4,3.37,A,Normal,0
PCB_02663,LOT_20260306,SMD_Line_A,Mounter_03,FD_04,NZ_06,CHIP_1005,-4.49,-13.56,-0.234,135.31,108.01,-73.0,3.41,242.3,3.31,A,Normal,0
PCB_02664,LOT_20260306,SMD_Line_B,Mounter_02,FD_12,NZ_02,CAP_3216,-7.25,7.18,0.177,126.21,94.56,-68.94,4.15,242.4,3.24,A,Normal,0
PCB_02665,LOT_20260306,SMD_Line_B,Mounter_02,FD_24,NZ_01,CHIP_1005,-6.2,-3.59,0.175,165.28,94.62,-69.92,3.17,245.9,4.38,A,Normal,0
PCB_02666,LOT_20260306,SMD_Line_A,Mounter_04,FD_10,NZ_07,CAP_3216,0.52,2.63,-0.474,144.6,107.36,-67.41,2.79,246.0,3.67,A,Normal,0
PCB_02667,LOT_20260306,SMD_Line_A,Mounter_03,FD_04,NZ_03,CHIP_0603,2.55,-5.6,-0.519,117.0,102.59,-74.55,3.13,242.8,3.34,A,Normal,0
PCB_02668,LOT_20260306,SMD_Line_B,Mounter_01,FD_18,NZ_06,CHIP_1005,5.39,2.32,0.108,149.37,90.38,-68.66,2.99,245.8,3.77,A,Normal,0
PCB_02669,LOT_20260306,SMD_Line_B,Mounter_02,FD_13,NZ_04,IC_QFP_48,21.81,5.11,-0.194,166.17,75.71,-74.64,3.86,249.8,3.25,B,Normal,0
PCB_02670,LOT_20260306,SMD_Line_A,Mounter_02,FD_13,NZ_06,IC_QFP_48,-19.06,-4.14,0.4,126.75,95.26,-72.19,2.92,241.3,3.9,A,Normal,0
PCB_02671,LOT_20260306,SMD_Line_B,Mounter_03,FD_14,NZ_05,CAP_3216,-15.07,-20.41,-0.5,137.3,,-74.92,3.49,247.8,3.87,A,Normal,0
PCB_02672,LOT_20260306,SMD_Line_A,Mounter_04,FD_18,NZ_04,CHIP_0603,-30.52,3.98,-0.836,145.19,,-70.76,3.37,239.3,4.45,B,Normal,0
PCB_02673,LOT_20260306,SMD_Line_B,Mounter_04,FD_01,NZ_05,CHIP_0603,-10.52,4.61,0.276,113.21,81.83,-67.36,3.26,237.9,4.28,A,Normal,0
PCB_02674,LOT_20260306,SMD_Line_A,Mounter_01,FD_21,NZ_08,CHIP_1005,-5.55,-16.91,-0.851,102.49,110.05,-67.9,2.52,246.3,3.96,B,Normal,0
PCB_02675,LOT_20260306,SMD_Line_C,Mounter_04,FD_16,NZ_08,CHIP_0603,-8.73,-11.58,-0.651,132.39,122.21,-70.74,2.83,244.7,4.53,B,Normal,0
PCB_02676,LOT_20260306,SMD_Line_A,Mounter_02,FD_15,NZ_06,CAP_3216,-14.24,-4.1,-0.301,117.67,95.79,-72.49,3.09,245.5,3.58,A,Normal,0
PCB_02677,LOT_20260306,SMD_Line_A,Mounter_04,FD_22,NZ_05,CHIP_0603,1.11,-27.08,-0.128,126.73,97.56,-72.06,2.49,245.4,3.96,A,Normal,0
PCB_02678,LOT_20260306,SMD_Line_A,Mounter_01,FD_05,NZ_04,CHIP_1005,-4.83,8.35,0.271,145.37,93.72,-66.65,2.61,249.0,3.81,A,Normal,0
PCB_02679,LOT_20260306,SMD_Line_A,Mounter_02,FD_06,NZ_01,CHIP_0603,-11.06,-5.77,-0.456,138.48,95.76,-74.95,2.91,247.2,4.17,A,Normal,0
PCB_02680,LOT_20260306,SMD_Line_B,Mounter_04,FD_06,NZ_06,CHIP_1005,1.89,3.41,0.593,138.37,114.54,-70.37,3.41,247.0,3.17,A,Normal,0
PCB_02681,LOT_20260306,SMD_Line_A,Mounter_04,FD_03,NZ_06,CHIP_1005,-7.16,-12.53,-0.682,128.07,90.59,-68.06,4.04,250.8,5.34,A,Normal,0
PCB_02682,LOT_20260306,SMD_Line_C,Mounter_03,FD_16,NZ_02,CHIP_0603,14.46,23.81,-0.167,120.33,102.91,-72.03,3.36,248.8,4.38,A,Normal,0
PCB_02683,LOT_20260306,SMD_Line_A,Mounter_01,FD_12,NZ_06,CHIP_0603,-2.05,-16.76,0.374,119.37,96.7,-68.76,3.28,245.8,4.39,A,Normal,0
PCB_02684,LOT_20260306,SMD_Line_A,Mounter_04,FD_04,NZ_07,CHIP_1005,-4.37,-5.88,0.397,156.16,102.29,-64.24,3.24,249.4,3.18,A,Normal,0
PCB_02685,LOT_20260306,SMD_Line_A,Mounter_03,FD_01,NZ_08,CAP_3216,3.27,14.15,-1.33,163.84,96.57,-72.32,3.0,243.8,4.31,B,Normal,0
PCB_02686,LOT_20260306,SMD_Line_A,Mounter_02,FD_04,NZ_07,CHIP_0603,-25.07,-13.56,1.219,146.18,109.85,-72.89,3.14,244.0,4.09,C,Normal,0
PCB_02687,LOT_20260306,SMD_Line_A,Mounter_03,FD_01,NZ_06,CHIP_1005,15.17,1.07,-0.145,125.79,112.49,-71.23,3.54,250.5,4.76,A,Normal,0
PCB_02688,LOT_20260306,SMD_Line_B,Mounter_03,FD_21,NZ_08,CAP_3216,9.81,7.4,0.125,113.31,104.49,,3.77,244.0,4.06,A,Normal,0
PCB_02689,LOT_20260306,SMD_Line_B,Mounter_04,FD_08,NZ_08,IC_QFP_48,-9.91,-17.78,-0.15,170.82,97.41,,1.74,246.7,4.02,A,Normal,0
PCB_02690,LOT_20260306,SMD_Line_B,Mounter_04,FD_24,NZ_01,CAP_3216,-14.13,-7.89,0.961,136.8,109.44,-67.6,3.63,246.5,4.17,B,Normal,0
PCB_02691,LOT_20260306,SMD_Line_B,Mounter_04,FD_05,NZ_02,CAP_3216,-12.62,2.24,0.58,136.48,,-70.85,3.02,245.7,4.89,A,Normal,0
PCB_02692,LOT_20260306,SMD_Line_B,Mounter_03,FD_02,NZ_03,CHIP_1005,-17.62,5.35,0.948,121.03,105.15,-78.89,3.5,252.6,3.41,B,Normal,0
PCB_02693,LOT_20260306,SMD_Line_A,Mounter_02,FD_12,NZ_05,IC_QFP_48,-21.21,-9.7,0.213,140.32,93.83,-77.07,3.42,244.5,3.33,A,Normal,0
PCB_02694,LOT_20260306,SMD_Line_B,Mounter_01,FD_22,NZ_04,CHIP_0603,-18.03,21.72,0.41,126.88,102.58,-68.61,3.12,252.4,3.08,B,Normal,0
PCB_02695,LOT_20260306,SMD_Line_C,Mounter_03,FD_17,NZ_03,CHIP_1005,-33.09,5.68,-0.47,114.17,88.48,-74.2,3.52,240.5,4.74,B,Normal,0
PCB_02696,LOT_20260306,SMD_Line_B,Mounter_04,FD_07,NZ_02,BGA_256,-4.55,9.16,-0.119,124.92,114.21,-68.35,3.37,244.8,4.68,A,Normal,0
PCB_02697,LOT_20260306,SMD_Line_B,Mounter_01,FD_11,NZ_07,CHIP_1005,-1.71,8.47,0.411,136.04,84.92,-69.11,3.18,244.0,3.6,A,Normal,0
PCB_02698,LOT_20260306,SMD_Line_A,Mounter_02,FD_04,NZ_07,IC_QFP_48,16.01,-18.45,0.143,153.0,98.46,-72.65,3.13,248.3,3.49,A,Normal,0
PCB_02699,LOT_20260306,SMD_Line_C,Mounter_01,FD_05,NZ_07,IC_QFP_48,12.34,-1.35,0.048,106.38,82.28,-74.89,2.61,239.3,4.68,A,Normal,0
PCB_02700,LOT_20260306,SMD_Line_C,Mounter_04,FD_06,NZ_01,CHIP_0603,-9.17,-0.19,-0.349,111.42,113.95,-72.59,3.21,246.6,3.48,A,Normal,0
PCB_02701,LOT_20260306,SMD_Line_B,Mounter_03,FD_11,NZ_08,BGA_256,-3.1,-3.0,0.524,123.6,118.65,-71.29,2.01,248.9,4.06,A,Normal,0
PCB_02702,LOT_20260306,SMD_Line_C,Mounter_03,FD_01,NZ_07,CHIP_1005,13.79,2.45,0.518,115.96,85.71,-76.84,3.37,243.6,3.93,F,Tombstone,1
PCB_02703,LOT_20260306,SMD_Line_A,Mounter_04,FD_10,NZ_04,CHIP_0603,-5.61,-24.87,0.469,130.04,103.89,-68.75,3.65,242.4,5.83,A,Normal,0
PCB_02704,LOT_20260306,SMD_Line_A,Mounter_03,FD_20,NZ_05,BGA_256,2.13,1.51,0.131,122.62,96.45,-69.54,2.33,242.4,4.12,A,Normal,0
PCB_02705,LOT_20260306,SMD_Line_C,Mounter_04,FD_24,NZ_06,CHIP_1005,-7.57,-3.58,0.005,131.87,,-71.35,3.03,247.1,4.84,A,Normal,0
PCB_02706,LOT_20260306,SMD_Line_C,Mounter_03,FD_21,NZ_06,IC_QFP_48,0.49,-24.97,0.506,132.51,118.92,-71.33,4.05,238.3,4.43,B,Normal,0
PCB_02707,LOT_20260306,SMD_Line_A,Mounter_03,FD_11,NZ_03,CHIP_1005,1.05,4.98,0.422,109.69,104.62,-67.02,4.51,239.5,3.96,A,Normal,0
PCB_02708,LOT_20260306,SMD_Line_A,Mounter_03,FD_24,NZ_05,CHIP_1005,-4.36,-13.94,-0.402,126.87,90.81,-74.56,3.14,245.4,3.91,A,Normal,0
PCB_02709,LOT_20260306,SMD_Line_A,Mounter_02,FD_17,NZ_02,BGA_256,13.32,-4.49,0.142,118.02,91.71,-73.25,3.24,247.5,4.24,A,Normal,0
PCB_02710,LOT_20260306,SMD_Line_A,Mounter_02,FD_08,NZ_05,CHIP_1005,-10.8,-3.0,0.296,147.07,95.75,-71.78,3.16,246.2,4.24,A,Normal,0
PCB_02711,LOT_20260306,SMD_Line_C,Mounter_04,FD_13,NZ_01,CHIP_1005,1.44,-21.79,-0.303,119.81,91.27,,3.29,247.5,3.95,A,Normal,0
PCB_02712,LOT_20260306,SMD_Line_B,Mounter_02,FD_20,NZ_03,CHIP_0603,22.29,-20.47,0.407,122.57,109.12,-72.45,3.94,240.6,4.48,B,Normal,0
PCB_02713,LOT_20260306,SMD_Line_A,Mounter_04,FD_18,NZ_03,BGA_256,3.89,6.44,0.323,116.38,110.15,-77.51,3.2,237.7,4.22,A,Normal,0
PCB_02714,LOT_20260306,SMD_Line_A,Mounter_01,FD_22,NZ_01,CHIP_0603,-9.96,-7.13,-0.187,129.55,115.12,-73.33,2.38,248.7,3.85,A,Normal,0
PCB_02715,LOT_20260306,SMD_Line_A,Mounter_01,FD_16,NZ_05,BGA_256,4.34,-4.64,-0.611,127.72,94.9,-72.42,3.35,239.7,4.02,A,Normal,0
PCB_02716,LOT_20260306,SMD_Line_A,Mounter_02,FD_02,NZ_07,CHIP_1005,30.4,0.86,0.264,152.23,113.85,-74.62,2.97,247.2,4.45,B,Normal,0
PCB_02717,LOT_20260306,SMD_Line_B,Mounter_01,FD_05,NZ_01,CHIP_1005,0.49,-20.75,0.884,129.55,120.2,-67.47,2.53,237.3,3.67,B,Normal,0
PCB_02718,LOT_20260306,SMD_Line_C,Mounter_01,FD_18,NZ_07,CAP_3216,9.92,-4.81,0.115,150.18,84.08,-70.47,2.53,247.8,3.67,A,Normal,0
PCB_02719,LOT_20260306,SMD_Line_C,Mounter_03,FD_03,NZ_04,CHIP_0603,0.06,-1.31,0.289,153.07,94.15,-72.38,3.13,245.0,3.56,A,Normal,0
PCB_02720,LOT_20260306,SMD_Line_A,Mounter_03,FD_22,NZ_01,CHIP_1005,3.44,20.82,-0.524,124.69,,-74.09,3.58,249.4,4.02,A,Normal,0
PCB_02721,LOT_20260306,SMD_Line_C,Mounter_04,FD_17,NZ_07,IC_QFP_48,-0.98,-10.86,-0.022,127.37,109.87,-77.39,3.54,248.3,4.08,A,Normal,0
PCB_02722,LOT_20260306,SMD_Line_C,Mounter_01,FD_16,NZ_05,IC_QFP_48,-12.73,9.31,-0.05,121.39,116.08,-74.39,3.92,243.6,3.64,A,Normal,0
PCB_02723,LOT_20260306,SMD_Line_C,Mounter_04,FD_06,NZ_07,CHIP_1005,4.67,-0.02,-0.399,111.58,,-71.77,2.75,242.7,4.2,A,Normal,0
PCB_02724,LOT_20260306,SMD_Line_B,Mounter_04,FD_19,NZ_01,CHIP_1005,-15.29,-13.4,0.198,165.38,91.97,-72.25,2.98,246.3,4.2,A,Normal,0
PCB_02725,LOT_20260306,SMD_Line_A,Mounter_01,FD_07,NZ_02,IC_QFP_48,-3.91,-7.47,0.181,121.47,113.75,-74.62,3.58,242.9,4.66,A,Normal,0
PCB_02726,LOT_20260306,SMD_Line_A,Mounter_02,FD_18,NZ_06,BGA_256,23.9,10.22,-0.132,116.47,89.78,-66.15,3.63,231.2,4.65,A,Normal,0
PCB_02727,LOT_20260306,SMD_Line_A,Mounter_01,FD_14,NZ_01,IC_QFP_48,-0.9,9.17,-0.006,114.09,109.58,-68.16,2.89,243.8,3.2,A,Normal,0
PCB_02728,LOT_20260306,SMD_Line_A,Mounter_03,FD_06,NZ_06,CHIP_1005,-11.54,-6.14,0.924,120.62,106.88,-73.53,2.79,241.4,4.34,A,Normal,0
PCB_02729,LOT_20260306,SMD_Line_A,Mounter_01,FD_08,NZ_01,CAP_3216,3.01,4.06,-0.279,125.45,109.33,-69.95,3.48,242.8,3.21,A,Normal,0
PCB_02730,LOT_20260306,SMD_Line_B,Mounter_02,FD_15,NZ_05,CHIP_1005,-6.92,-12.24,-0.509,148.64,109.48,-67.46,3.73,246.2,4.48,A,Normal,0
PCB_02731,LOT_20260306,SMD_Line_B,Mounter_04,FD_15,NZ_04,CHIP_0603,1.36,-2.08,-0.52,157.19,94.88,-70.78,3.06,250.2,4.47,A,Normal,0
PCB_02732,LOT_20260306,SMD_Line_B,Mounter_04,FD_15,NZ_04,CHIP_1005,-14.71,-5.07,0.112,98.78,,-72.58,3.48,252.7,3.7,A,Normal,0
PCB_02733,LOT_20260306,SMD_Line_A,Mounter_03,FD_16,NZ_06,CHIP_0603,9.75,10.99,-1.145,153.81,95.85,-78.35,3.2,247.1,4.37,B,Normal,0
PCB_02734,LOT_20260306,SMD_Line_C,Mounter_03,FD_01,NZ_08,CHIP_0603,1.56,5.46,-0.23,155.16,102.7,-72.24,2.81,242.5,3.68,A,Normal,0
PCB_02735,LOT_20260306,SMD_Line_C,Mounter_03,FD_11,NZ_08,CHIP_0603,-12.52,-7.98,-0.436,120.7,74.43,-74.65,3.64,249.1,4.13,B,Normal,0
PCB_02736,LOT_20260306,SMD_Line_C,Mounter_04,FD_05,NZ_05,CHIP_0603,4.5,-6.8,-0.026,116.34,105.79,-74.08,3.06,238.7,4.24,A,Normal,0
PCB_02737,LOT_20260306,SMD_Line_C,Mounter_03,FD_05,NZ_07,IC_QFP_48,24.19,-0.34,-0.024,137.83,120.67,-73.12,2.29,242.1,4.07,B,Normal,0
PCB_02738,LOT_20260306,SMD_Line_B,Mounter_01,FD_21,NZ_05,CHIP_0603,-9.95,-1.9,0.155,120.43,102.37,-72.77,2.81,244.0,4.57,A,Normal,0
PCB_02739,LOT_20260306,SMD_Line_C,Mounter_04,FD_06,NZ_08,CHIP_0603,9.47,-3.3,0.277,152.47,98.53,-73.32,1.85,236.9,3.81,F,Tombstone,1
PCB_02740,LOT_20260306,SMD_Line_A,Mounter_02,FD_02,NZ_05,CHIP_0603,5.22,-4.15,0.514,137.36,100.88,-76.67,4.82,246.0,4.45,A,Normal,0
PCB_02741,LOT_20260306,SMD_Line_A,Mounter_04,FD_06,NZ_02,CHIP_0603,5.04,16.27,-0.159,118.68,106.37,-78.12,3.98,241.5,3.58,A,Normal,0
PCB_02742,LOT_20260306,SMD_Line_A,Mounter_01,FD_14,NZ_03,CHIP_0603,11.25,-5.33,-0.3,134.39,113.72,-69.12,2.41,246.0,3.15,A,Normal,0
PCB_02743,LOT_20260306,SMD_Line_A,Mounter_01,FD_11,NZ_08,CHIP_1005,-3.46,3.54,0.384,131.05,99.19,-66.05,2.85,243.9,3.34,A,Normal,0
PCB_02744,LOT_20260306,SMD_Line_A,Mounter_03,FD_04,NZ_08,CAP_3216,1.9,28.59,-0.747,101.2,98.0,-71.63,3.34,241.5,3.7,B,Normal,0
PCB_02745,LOT_20260306,SMD_Line_B,Mounter_04,FD_24,NZ_01,BGA_256,1.23,-9.99,0.341,115.19,83.51,-75.83,4.16,240.8,4.53,A,Normal,0
PCB_02746,LOT_20260306,SMD_Line_C,Mounter_04,FD_09,NZ_05,BGA_256,-10.7,2.27,0.064,120.13,100.56,-68.54,3.63,244.8,4.47,A,Normal,0
PCB_02747,LOT_20260306,SMD_Line_B,Mounter_04,FD_24,NZ_05,CHIP_0603,5.73,2.88,0.202,135.69,85.58,-64.75,3.33,248.0,4.09,F,Tombstone,1
PCB_02748,LOT_20260306,SMD_Line_A,Mounter_02,FD_03,NZ_05,CHIP_0603,-4.53,-0.13,0.164,138.5,93.43,-67.75,2.85,247.9,3.15,A,Normal,0
PCB_02749,LOT_20260306,SMD_Line_C,Mounter_03,FD_16,NZ_04,CHIP_0603,22.88,0.49,0.061,148.1,110.53,-67.29,3.49,246.2,5.11,A,Normal,0
PCB_02750,LOT_20260306,SMD_Line_B,Mounter_01,FD_11,NZ_05,IC_QFP_48,-6.35,-10.37,0.08,119.43,112.25,-76.09,3.46,247.4,3.44,A,Normal,0
PCB_02751,LOT_20260306,SMD_Line_A,Mounter_01,FD_04,NZ_08,CHIP_0603,-16.5,4.23,-0.5,107.77,105.56,-73.97,3.22,245.3,4.38,A,Normal,0
PCB_02752,LOT_20260306,SMD_Line_B,Mounter_03,FD_01,NZ_01,CHIP_1005,14.01,-21.68,-0.293,117.29,114.57,-67.78,3.15,242.2,4.0,B,Normal,0
PCB_02753,LOT_20260306,SMD_Line_A,Mounter_01,FD_21,NZ_07,CHIP_0603,-9.3,21.21,0.8,119.41,80.2,-76.23,2.93,250.9,4.4,B,Normal,0
PCB_02754,LOT_20260306,SMD_Line_A,Mounter_01,FD_22,NZ_07,CHIP_0603,-15.17,20.21,0.303,117.97,,-73.94,3.97,242.2,4.86,A,Normal,0
PCB_02755,LOT_20260306,SMD_Line_C,Mounter_03,FD_16,NZ_05,CAP_3216,4.84,-3.88,0.477,129.68,89.81,,2.19,251.6,4.29,A,Normal,0
PCB_02756,LOT_20260306,SMD_Line_A,Mounter_01,FD_19,NZ_01,IC_QFP_48,16.66,12.41,-0.155,140.47,103.61,-70.12,3.39,247.7,4.55,A,Normal,0
PCB_02757,LOT_20260306,SMD_Line_B,Mounter_04,FD_16,NZ_02,BGA_256,9.22,-3.46,0.036,123.82,92.01,,3.21,243.9,5.74,A,Normal,0
PCB_02758,LOT_20260306,SMD_Line_C,Mounter_02,FD_11,NZ_07,CHIP_1005,-7.15,0.12,0.237,137.52,103.72,-71.96,2.02,239.6,4.71,A,Normal,0
PCB_02759,LOT_20260306,SMD_Line_B,Mounter_03,FD_08,NZ_08,BGA_256,1.61,-8.04,0.543,144.55,100.21,-71.42,2.97,246.4,3.39,A,Normal,0
PCB_02760,LOT_20260306,SMD_Line_A,Mounter_02,FD_23,NZ_03,CHIP_1005,-3.59,9.67,-0.069,129.84,113.65,-72.79,2.59,244.8,2.82,A,Normal,0
PCB_02761,LOT_20260306,SMD_Line_A,Mounter_01,FD_01,NZ_04,CAP_3216,20.76,-6.86,0.215,112.94,129.58,-73.76,2.58,250.1,4.47,F,Tombstone,1
PCB_02762,LOT_20260306,SMD_Line_A,Mounter_01,FD_21,NZ_01,CHIP_0603,-5.47,9.26,0.32,125.81,110.58,-72.43,2.73,240.6,3.97,A,Normal,0
PCB_02763,LOT_20260306,SMD_Line_B,Mounter_04,FD_09,NZ_07,CHIP_1005,1.24,-0.5,0.421,145.31,98.57,-73.89,3.95,249.4,4.6,A,Normal,0
PCB_02764,LOT_20260306,SMD_Line_B,Mounter_03,FD_12,NZ_07,IC_QFP_48,2.12,-0.2,-0.091,139.45,118.39,-68.87,3.16,251.2,2.93,A,Normal,0
PCB_02765,LOT_20260306,SMD_Line_A,Mounter_01,FD_22,NZ_06,CHIP_1005,-14.5,-17.6,0.577,113.99,79.64,-70.93,3.65,242.0,4.78,B,Normal,0
PCB_02766,LOT_20260306,SMD_Line_C,Mounter_03,FD_08,NZ_02,BGA_256,-2.41,0.71,-0.64,147.66,93.03,-72.26,2.48,248.1,4.15,A,Normal,0
PCB_02767,LOT_20260306,SMD_Line_B,Mounter_03,FD_17,NZ_03,CAP_3216,-2.21,-13.52,-0.508,125.04,97.23,-72.84,2.83,250.9,5.24,A,Normal,0
PCB_02768,LOT_20260306,SMD_Line_A,Mounter_03,FD_10,NZ_03,CHIP_1005,17.21,0.73,0.216,113.91,96.67,-68.35,2.94,250.7,4.2,A,Normal,0
PCB_02769,LOT_20260306,SMD_Line_B,Mounter_03,FD_07,NZ_03,CHIP_1005,2.44,22.89,0.204,129.52,91.13,-73.29,3.3,249.4,4.47,F,Tombstone,1
PCB_02770,LOT_20260306,SMD_Line_B,Mounter_03,FD_19,NZ_08,CHIP_1005,-4.73,-16.4,-0.106,107.13,108.35,-69.46,3.52,252.2,4.01,A,Normal,0
PCB_02771,LOT_20260306,SMD_Line_A,Mounter_02,FD_06,NZ_01,BGA_256,-1.81,-1.73,-0.199,139.75,,-67.85,3.36,245.3,3.97,A,Normal,0
PCB_02772,LOT_20260306,SMD_Line_A,Mounter_04,FD_21,NZ_02,CHIP_1005,-0.84,-7.5,-0.193,147.17,98.36,,2.72,244.8,4.35,F,Tombstone,1
PCB_02773,LOT_20260306,SMD_Line_C,Mounter_03,FD_24,NZ_05,CHIP_0603,-0.49,-12.28,-0.405,114.98,,-77.64,3.64,251.6,4.05,A,Normal,0
PCB_02774,LOT_20260306,SMD_Line_B,Mounter_02,FD_24,NZ_06,CHIP_1005,11.59,-9.34,-0.02,127.47,,-73.48,2.83,235.1,3.9,A,Normal,0
PCB_02775,LOT_20260306,SMD_Line_B,Mounter_01,FD_19,NZ_02,CHIP_0603,12.23,17.36,-0.7,143.07,,-74.99,3.36,243.8,4.38,F,Tombstone,1
PCB_02776,LOT_20260306,SMD_Line_B,Mounter_03,FD_18,NZ_02,IC_QFP_48,-12.38,20.49,0.509,110.04,96.71,-76.19,2.38,241.6,3.91,A,Normal,0
PCB_02777,LOT_20260306,SMD_Line_A,Mounter_01,FD_15,NZ_07,CHIP_0603,13.35,-12.35,0.172,111.68,96.97,,3.05,245.2,4.4,F,Tombstone,1
PCB_02778,LOT_20260306,SMD_Line_A,Mounter_03,FD_02,NZ_02,CHIP_1005,9.39,4.73,0.582,126.44,90.87,-70.68,3.51,246.8,3.41,A,Normal,0
PCB_02779,LOT_20260306,SMD_Line_B,Mounter_02,FD_14,NZ_01,IC_QFP_48,-0.66,-10.84,0.072,125.82,82.54,-80.98,3.26,247.5,4.2,A,Normal,0
PCB_02780,LOT_20260306,SMD_Line_A,Mounter_02,FD_21,NZ_06,CHIP_0603,-18.42,-8.0,-0.017,130.73,92.06,-72.04,2.71,245.3,4.1,F,Tombstone,1
PCB_02781,LOT_20260306,SMD_Line_A,Mounter_02,FD_10,NZ_01,CHIP_0603,2.66,-24.18,0.056,128.42,78.68,-74.32,3.53,245.7,3.08,B,Normal,0
PCB_02782,LOT_20260306,SMD_Line_C,Mounter_04,FD_16,NZ_06,CHIP_1005,-4.42,25.16,-0.315,110.05,103.07,-68.76,2.73,249.1,3.59,A,Normal,0
PCB_02783,LOT_20260306,SMD_Line_C,Mounter_01,FD_07,NZ_06,CHIP_0603,6.94,12.96,-0.56,105.77,96.22,-74.31,2.15,242.6,2.92,A,Normal,0
PCB_02784,LOT_20260306,SMD_Line_C,Mounter_04,FD_08,NZ_07,CHIP_0603,8.08,-7.69,-0.443,110.23,113.01,-70.89,3.82,243.6,4.25,A,Normal,0
PCB_02785,LOT_20260306,SMD_Line_C,Mounter_03,FD_10,NZ_01,CAP_3216,16.49,3.36,-0.192,137.54,91.3,-70.93,2.6,241.2,3.8,A,Normal,0
PCB_02786,LOT_20260306,SMD_Line_A,Mounter_01,FD_15,NZ_06,BGA_256,-13.26,-4.72,-0.398,144.27,96.91,-74.87,3.67,244.9,4.04,A,Normal,0
PCB_02787,LOT_20260306,SMD_Line_C,Mounter_02,FD_08,NZ_02,BGA_256,26.73,11.16,0.607,128.67,114.61,-75.53,3.06,238.2,4.87,B,Normal,0
PCB_02788,LOT_20260306,SMD_Line_A,Mounter_01,FD_13,NZ_01,CAP_3216,11.19,-4.03,-0.317,140.66,110.68,-64.9,3.59,250.5,4.2,A,Normal,0
PCB_02789,LOT_20260306,SMD_Line_C,Mounter_02,FD_12,NZ_06,CHIP_0603,8.93,-2.3,0.177,120.88,101.64,-70.63,2.73,248.3,4.35,A,Normal,0
PCB_02790,LOT_20260306,SMD_Line_C,Mounter_04,FD_08,NZ_08,CHIP_0603,23.96,-7.81,0.263,124.49,87.58,-71.82,3.71,240.9,3.96,B,Normal,0
PCB_02791,LOT_20260306,SMD_Line_B,Mounter_04,FD_15,NZ_03,CHIP_0603,3.97,7.13,0.557,143.86,107.04,-67.77,2.87,250.2,3.83,A,Normal,0
PCB_02792,LOT_20260306,SMD_Line_C,Mounter_02,FD_12,NZ_01,BGA_256,12.92,26.07,0.307,136.98,96.54,-65.85,3.04,243.9,3.48,B,Normal,0
PCB_02793,LOT_20260306,SMD_Line_B,Mounter_02,FD_11,NZ_07,IC_QFP_48,2.12,-3.35,-0.078,132.65,93.76,,1.91,242.1,4.56,A,Normal,0
PCB_02794,LOT_20260306,SMD_Line_A,Mounter_03,FD_19,NZ_08,CHIP_0603,10.51,-3.49,0.768,127.79,115.98,-76.81,2.23,246.6,4.97,A,Normal,0
PCB_02795,LOT_20260306,SMD_Line_B,Mounter_04,FD_14,NZ_08,CHIP_1005,14.52,-0.3,-0.56,112.63,117.6,-71.89,3.65,238.1,4.79,A,Normal,0
PCB_02796,LOT_20260306,SMD_Line_B,Mounter_04,FD_18,NZ_04,CHIP_1005,13.24,3.07,-0.423,131.28,89.36,-72.97,2.8,243.5,3.61,A,Normal,0
PCB_02797,LOT_20260306,SMD_Line_A,Mounter_03,FD_13,NZ_01,CHIP_1005,-18.9,-3.53,0.099,134.65,120.59,-65.37,2.02,246.6,4.83,B,Normal,0
PCB_02798,LOT_20260306,SMD_Line_B,Mounter_04,FD_04,NZ_08,BGA_256,-5.17,-4.63,0.039,163.12,98.92,-69.51,2.83,252.5,4.12,A,Normal,0
PCB_02799,LOT_20260306,SMD_Line_C,Mounter_02,FD_17,NZ_01,CHIP_1005,14.65,0.97,0.368,128.82,109.39,-76.53,3.52,239.7,4.94,A,Normal,0
PCB_02800,LOT_20260306,SMD_Line_A,Mounter_01,FD_19,NZ_01,CAP_3216,6.23,-20.66,0.072,124.46,121.98,-78.44,2.48,240.0,4.39,B,Normal,0
PCB_02801,LOT_20260306,SMD_Line_C,Mounter_01,FD_09,NZ_06,CHIP_1005,-0.62,-6.46,0.166,134.23,98.05,-66.32,3.82,244.0,4.36,A,Normal,0
PCB_02802,LOT_20260306,SMD_Line_C,Mounter_04,FD_23,NZ_01,IC_QFP_48,6.35,-23.61,0.448,151.72,103.14,-72.04,2.87,243.6,4.37,A,Normal,0
PCB_02803,LOT_20260306,SMD_Line_C,Mounter_03,FD_07,NZ_04,CAP_3216,-13.8,-5.81,0.063,135.28,108.68,,2.97,248.3,3.35,A,Normal,0
PCB_02804,LOT_20260306,SMD_Line_C,Mounter_02,FD_01,NZ_05,CAP_3216,9.83,-11.19,0.306,127.31,118.96,-73.2,2.74,251.4,3.57,A,Normal,0
PCB_02805,LOT_20260306,SMD_Line_B,Mounter_01,FD_07,NZ_01,CHIP_0603,4.64,7.4,-0.34,118.22,,-74.91,2.07,249.3,3.89,A,Normal,0
PCB_02806,LOT_20260306,SMD_Line_C,Mounter_02,FD_07,NZ_03,CHIP_0603,1.07,-8.68,-0.31,117.51,109.71,-71.86,3.01,243.1,4.02,A,Normal,0
PCB_02807,LOT_20260306,SMD_Line_C,Mounter_04,FD_20,NZ_04,CHIP_1005,-2.24,-4.31,0.396,141.72,90.71,,3.14,251.1,4.26,A,Normal,0
PCB_02808,LOT_20260306,SMD_Line_A,Mounter_04,FD_07,NZ_05,CHIP_1005,2.89,-25.34,0.054,125.68,82.22,-72.1,3.41,244.7,3.97,B,Normal,0
PCB_02809,LOT_20260306,SMD_Line_B,Mounter_01,FD_08,NZ_06,CHIP_1005,-3.43,12.06,0.076,160.1,91.86,-68.33,2.73,247.2,3.95,A,Normal,0
PCB_02810,LOT_20260306,SMD_Line_B,Mounter_04,FD_16,NZ_01,CAP_3216,-4.05,-12.82,-0.312,131.26,91.83,-69.59,2.21,246.8,4.82,A,Normal,0
PCB_02811,LOT_20260306,SMD_Line_A,Mounter_03,FD_03,NZ_05,CHIP_0603,22.36,-5.7,-0.184,137.32,111.7,-68.84,4.22,246.9,4.88,A,Normal,0
PCB_02812,LOT_20260306,SMD_Line_B,Mounter_04,FD_13,NZ_03,CHIP_1005,-19.83,9.18,0.129,121.69,99.12,-71.36,3.3,248.7,4.5,A,Normal,0
PCB_02813,LOT_20260306,SMD_Line_B,Mounter_04,FD_10,NZ_04,CHIP_0603,-19.57,9.23,-0.135,117.66,92.67,-72.57,3.14,248.4,3.84,A,Normal,0
PCB_02814,LOT_20260306,SMD_Line_A,Mounter_04,FD_18,NZ_04,BGA_256,9.77,-13.11,-0.388,141.46,89.35,-76.03,3.82,248.0,4.41,A,Normal,0
PCB_02815,LOT_20260306,SMD_Line_B,Mounter_02,FD_07,NZ_06,CAP_3216,-15.25,6.22,-0.383,147.93,94.99,-68.55,2.6,242.8,4.84,A,Normal,0
PCB_02816,LOT_20260306,SMD_Line_C,Mounter_02,FD_21,NZ_06,CHIP_1005,-25.04,-13.55,-0.287,115.09,111.01,-71.1,2.5,241.4,4.08,B,Normal,0
PCB_02817,LOT_20260306,SMD_Line_B,Mounter_01,FD_21,NZ_06,CHIP_0603,12.68,2.74,-0.153,118.98,89.32,-72.89,3.56,248.1,4.87,A,Normal,0
PCB_02818,LOT_20260306,SMD_Line_A,Mounter_01,FD_05,NZ_05,IC_QFP_48,15.75,-9.25,-0.124,120.12,98.47,-75.98,4.26,246.4,5.17,A,Normal,0
PCB_02819,LOT_20260306,SMD_Line_A,Mounter_01,FD_23,NZ_01,IC_QFP_48,-16.35,-11.98,0.706,140.15,95.41,-67.56,2.34,248.7,4.69,A,Normal,0
PCB_02820,LOT_20260306,SMD_Line_A,Mounter_04,FD_24,NZ_02,CHIP_1005,-22.44,0.42,0.416,135.43,104.25,-72.05,3.16,243.1,4.51,A,Normal,0
PCB_02821,LOT_20260306,SMD_Line_C,Mounter_02,FD_22,NZ_08,BGA_256,-15.23,-8.54,0.134,128.51,122.09,-65.41,3.38,248.1,4.37,B,Normal,0
PCB_02822,LOT_20260306,SMD_Line_A,Mounter_03,FD_07,NZ_04,CAP_3216,-8.75,23.82,0.838,118.3,92.18,-79.25,3.44,243.7,4.52,B,Normal,0
PCB_02823,LOT_20260306,SMD_Line_B,Mounter_04,FD_22,NZ_02,CHIP_1005,23.92,-7.29,-0.052,154.12,103.81,-70.9,2.99,243.5,4.41,A,Normal,0
PCB_02824,LOT_20260306,SMD_Line_A,Mounter_04,FD_17,NZ_07,CHIP_1005,-5.37,-14.07,0.214,144.66,99.82,,2.62,249.9,3.59,A,Normal,0
PCB_02825,LOT_20260306,SMD_Line_A,Mounter_04,FD_04,NZ_04,CHIP_0603,10.4,-10.61,0.148,100.07,94.41,-74.56,1.93,249.6,4.87,A,Normal,0
PCB_02826,LOT_20260306,SMD_Line_C,Mounter_03,FD_24,NZ_08,CHIP_1005,9.02,-0.21,0.213,142.85,100.6,-72.97,4.38,245.9,4.24,A,Normal,0
PCB_02827,LOT_20260306,SMD_Line_B,Mounter_01,FD_23,NZ_06,CHIP_1005,16.53,1.32,-0.337,125.67,121.84,-69.82,4.13,243.5,5.42,B,Normal,0
PCB_02828,LOT_20260306,SMD_Line_A,Mounter_03,FD_16,NZ_08,CHIP_0603,-7.82,3.65,-0.137,120.98,99.17,-71.05,2.77,244.7,5.58,A,Normal,0
PCB_02829,LOT_20260306,SMD_Line_B,Mounter_01,FD_19,NZ_01,CHIP_0603,-0.13,10.76,-0.365,141.49,99.17,-73.92,3.17,245.6,4.07,A,Normal,0
PCB_02830,LOT_20260306,SMD_Line_A,Mounter_03,FD_10,NZ_01,CHIP_0603,-2.74,-19.72,0.183,135.26,95.45,-74.34,2.8,243.4,4.3,A,Normal,0
PCB_02831,LOT_20260306,SMD_Line_B,Mounter_02,FD_03,NZ_04,CHIP_0603,6.72,11.29,0.001,131.33,104.98,-78.0,2.98,246.4,3.98,A,Normal,0
PCB_02832,LOT_20260306,SMD_Line_B,Mounter_04,FD_03,NZ_05,CHIP_1005,15.2,-10.78,-0.847,116.51,88.0,-74.14,3.08,242.9,3.72,F,Tombstone,1
PCB_02833,LOT_20260306,SMD_Line_A,Mounter_04,FD_17,NZ_07,CHIP_1005,27.23,4.74,0.231,145.22,101.46,-74.6,2.43,251.5,4.17,A,Normal,0
PCB_02834,LOT_20260306,SMD_Line_A,Mounter_04,FD_10,NZ_08,CHIP_1005,-4.88,20.31,0.098,111.45,105.35,-67.83,3.12,236.7,4.22,A,Normal,0
PCB_02835,LOT_20260306,SMD_Line_A,Mounter_01,FD_17,NZ_06,CHIP_1005,1.77,-9.42,0.767,141.61,89.82,-73.39,3.23,242.3,3.55,A,Normal,0
PCB_02836,LOT_20260306,SMD_Line_C,Mounter_03,FD_22,NZ_01,CHIP_1005,10.83,-9.91,0.417,131.35,119.17,-73.36,2.18,248.2,3.64,A,Normal,0
PCB_02837,LOT_20260306,SMD_Line_C,Mounter_02,FD_17,NZ_07,BGA_256,7.65,-12.09,0.501,129.46,118.73,-71.27,2.73,251.6,2.71,A,Normal,0
PCB_02838,LOT_20260306,SMD_Line_A,Mounter_03,FD_21,NZ_07,CHIP_1005,21.44,-3.99,-0.508,121.73,,-67.22,2.32,242.5,3.62,A,Normal,0
PCB_02839,LOT_20260306,SMD_Line_C,Mounter_04,FD_04,NZ_01,CAP_3216,-1.35,14.93,0.503,132.47,106.86,-67.29,2.53,244.0,4.62,A,Normal,0
PCB_02840,LOT_20260306,SMD_Line_A,Mounter_02,FD_21,NZ_03,CHIP_1005,-4.97,-13.15,-0.088,109.37,104.99,-63.63,3.02,246.9,4.92,A,Normal,0
PCB_02841,LOT_20260306,SMD_Line_A,Mounter_02,FD_23,NZ_08,CHIP_1005,17.2,-5.83,-0.311,148.52,99.06,-76.9,3.07,247.1,3.21,A,Normal,0
PCB_02842,LOT_20260306,SMD_Line_C,Mounter_04,FD_06,NZ_07,CHIP_0603,3.79,11.51,-1.055,123.96,100.82,-71.43,3.07,245.6,3.53,A,Normal,0
PCB_02843,LOT_20260306,SMD_Line_C,Mounter_03,FD_12,NZ_01,IC_QFP_48,6.75,7.36,0.591,119.65,111.12,-72.36,4.42,248.3,4.81,A,Normal,0
PCB_02844,LOT_20260306,SMD_Line_C,Mounter_04,FD_22,NZ_03,BGA_256,-0.91,-5.9,-0.128,127.05,100.21,-78.38,3.35,246.2,3.77,A,Normal,0
PCB_02845,LOT_20260306,SMD_Line_B,Mounter_03,FD_20,NZ_01,CAP_3216,11.59,-2.49,-0.055,124.4,98.19,-76.08,3.4,246.3,3.97,A,Normal,0
PCB_02846,LOT_20260306,SMD_Line_A,Mounter_02,FD_17,NZ_01,CAP_3216,-10.81,10.81,0.144,148.65,106.71,-68.81,3.24,251.6,3.86,A,Normal,0
PCB_02847,LOT_20260306,SMD_Line_C,Mounter_02,FD_17,NZ_07,CHIP_0603,-5.73,18.66,0.838,104.0,92.48,-70.16,2.3,244.3,4.66,B,Normal,0
PCB_02848,LOT_20260306,SMD_Line_A,Mounter_04,FD_10,NZ_05,CHIP_1005,-33.1,20.07,-0.102,128.89,118.96,-70.18,3.09,244.0,5.04,C,Normal,0
PCB_02849,LOT_20260306,SMD_Line_B,Mounter_02,FD_07,NZ_05,CHIP_1005,-7.84,16.28,-0.007,153.74,100.1,-70.43,3.17,243.7,4.24,A,Normal,0
PCB_02850,LOT_20260306,SMD_Line_A,Mounter_01,FD_16,NZ_06,CHIP_1005,11.64,-7.91,0.436,131.02,109.18,-77.9,3.61,242.5,3.98,F,Tombstone,1
PCB_02851,LOT_20260306,SMD_Line_B,Mounter_02,FD_13,NZ_08,CHIP_0603,0.58,21.46,-0.126,132.83,90.38,-75.84,2.5,244.5,4.09,A,Normal,0
PCB_02852,LOT_20260306,SMD_Line_A,Mounter_01,FD_03,NZ_01,BGA_256,-11.55,-8.72,-0.374,129.58,99.48,-73.88,2.83,242.4,4.65,F,Tombstone,1
PCB_02853,LOT_20260306,SMD_Line_A,Mounter_02,FD_02,NZ_08,CAP_3216,17.87,-19.48,-0.985,120.26,95.28,-69.1,2.52,246.9,4.46,B,Normal,0
PCB_02854,LOT_20260306,SMD_Line_C,Mounter_04,FD_16,NZ_06,CHIP_1005,1.73,1.33,0.601,138.1,95.78,-71.54,2.77,247.0,4.07,A,Normal,0
PCB_02855,LOT_20260306,SMD_Line_A,Mounter_04,FD_06,NZ_06,CHIP_0603,21.17,17.42,0.107,127.12,86.35,-68.84,2.99,246.0,4.18,B,Normal,0
PCB_02856,LOT_20260306,SMD_Line_B,Mounter_01,FD_06,NZ_06,CHIP_0603,10.71,7.83,0.246,132.11,112.68,-65.15,2.45,246.7,3.84,A,Normal,0
PCB_02857,LOT_20260306,SMD_Line_A,Mounter_04,FD_13,NZ_06,IC_QFP_48,2.35,-0.87,-0.219,138.24,105.81,-77.56,3.67,248.4,3.87,A,Normal,0
PCB_02858,LOT_20260306,SMD_Line_A,Mounter_02,FD_07,NZ_04,CHIP_0603,22.94,3.44,0.306,136.63,82.97,-72.42,2.58,240.7,3.5,B,Normal,0
PCB_02859,LOT_20260306,SMD_Line_A,Mounter_02,FD_05,NZ_07,CAP_3216,-4.68,6.28,-0.263,131.45,,-72.4,3.58,246.1,4.77,A,Normal,0
PCB_02860,LOT_20260306,SMD_Line_A,Mounter_04,FD_24,NZ_07,IC_QFP_48,-13.69,1.74,0.073,143.48,97.39,-74.9,2.9,251.7,3.07,A,Normal,0
PCB_02861,LOT_20260306,SMD_Line_C,Mounter_02,FD_07,NZ_04,CHIP_1005,19.99,-3.49,0.049,145.18,104.79,-70.46,2.89,242.8,4.34,A,Normal,0
PCB_02862,LOT_20260306,SMD_Line_A,Mounter_03,FD_02,NZ_01,CHIP_1005,7.56,-8.74,0.508,141.77,98.26,-62.01,3.69,255.5,4.19,A,Normal,0
PCB_02863,LOT_20260306,SMD_Line_C,Mounter_03,FD_17,NZ_04,CHIP_0603,17.42,1.33,0.291,145.83,113.04,-75.32,3.56,243.7,4.15,A,Normal,0
PCB_02864,LOT_20260306,SMD_Line_B,Mounter_02,FD_13,NZ_01,CAP_3216,11.02,-1.45,-0.282,150.34,111.57,-69.89,3.45,246.0,3.89,F,Tombstone,1
PCB_02865,LOT_20260306,SMD_Line_B,Mounter_04,FD_21,NZ_05,CHIP_1005,20.54,0.04,0.271,111.9,126.48,-75.66,2.14,246.2,4.05,B,Normal,0
PCB_02866,LOT_20260306,SMD_Line_B,Mounter_01,FD_21,NZ_07,CAP_3216,-6.39,12.34,-0.165,171.37,73.28,-78.32,3.91,239.0,5.08,B,Normal,0
PCB_02867,LOT_20260306,SMD_Line_B,Mounter_04,FD_16,NZ_02,CHIP_1005,-2.36,-2.92,-0.366,132.35,116.41,-74.15,4.06,241.6,4.24,A,Normal,0
PCB_02868,LOT_20260306,SMD_Line_C,Mounter_01,FD_20,NZ_03,IC_QFP_48,-2.49,-2.46,0.248,126.35,,-71.04,3.02,247.8,4.28,A,Normal,0
PCB_02869,LOT_20260306,SMD_Line_A,Mounter_04,FD_02,NZ_07,CHIP_0603,-2.32,2.24,0.087,132.53,97.9,-70.6,2.6,244.0,4.3,A,Normal,0
PCB_02870,LOT_20260306,SMD_Line_A,Mounter_02,FD_05,NZ_04,CHIP_1005,-19.59,30.99,-0.538,107.86,96.92,-65.78,2.45,241.3,3.85,B,Normal,0
PCB_02871,LOT_20260306,SMD_Line_C,Mounter_03,FD_18,NZ_04,IC_QFP_48,2.04,-12.88,-0.232,133.51,98.94,-71.03,3.0,250.1,3.92,A,Normal,0
PCB_02872,LOT_20260306,SMD_Line_C,Mounter_04,FD_07,NZ_05,IC_QFP_48,9.89,12.88,0.335,118.1,102.97,,2.52,246.3,4.46,A,Normal,0
PCB_02873,LOT_20260306,SMD_Line_C,Mounter_01,FD_11,NZ_04,IC_QFP_48,-8.51,-3.53,0.175,131.09,93.51,-69.08,3.05,244.4,3.78,F,Tombstone,1
PCB_02874,LOT_20260306,SMD_Line_B,Mounter_03,FD_11,NZ_01,CHIP_0603,-11.42,-0.72,0.194,132.17,80.76,-71.13,2.84,254.6,4.15,A,Normal,0
PCB_02875,LOT_20260306,SMD_Line_C,Mounter_01,FD_22,NZ_01,CAP_3216,-1.7,-15.48,0.83,121.11,93.76,-72.08,2.38,240.8,4.78,A,Normal,0
PCB_02876,LOT_20260306,SMD_Line_B,Mounter_02,FD_17,NZ_02,CAP_3216,9.81,22.19,0.448,102.94,96.81,-72.63,2.77,240.7,3.86,A,Normal,0
PCB_02877,LOT_20260306,SMD_Line_B,Mounter_03,FD_16,NZ_02,CHIP_0603,-13.45,2.63,-0.053,134.11,106.84,-69.77,3.23,243.3,4.15,A,Normal,0
PCB_02878,LOT_20260306,SMD_Line_A,Mounter_01,FD_13,NZ_07,CAP_3216,29.19,7.77,-0.182,129.98,85.74,-70.15,2.63,246.2,4.06,B,Normal,0
PCB_02879,LOT_20260306,SMD_Line_B,Mounter_04,FD_22,NZ_02,CHIP_0603,-16.24,-17.69,-0.306,132.89,107.71,-72.92,2.97,246.9,4.45,A,Normal,0
PCB_02880,LOT_20260306,SMD_Line_A,Mounter_02,FD_05,NZ_01,IC_QFP_48,-7.13,-7.58,-0.207,123.68,85.54,-66.96,3.72,241.9,4.27,A,Normal,0
PCB_02881,LOT_20260306,SMD_Line_A,Mounter_02,FD_20,NZ_08,CHIP_0603,14.18,4.87,-0.72,120.15,104.77,-69.05,2.73,239.2,3.86,A,Normal,0
PCB_02882,LOT_20260306,SMD_Line_C,Mounter_02,FD_16,NZ_06,CAP_3216,12.09,-1.9,-0.547,126.77,106.63,-68.63,2.62,247.5,3.93,A,Normal,0
PCB_02883,LOT_20260306,SMD_Line_A,Mounter_04,FD_22,NZ_06,CHIP_0603,11.0,5.27,0.296,132.09,98.44,-75.2,3.25,243.1,3.88,A,Normal,0
PCB_02884,LOT_20260306,SMD_Line_A,Mounter_04,FD_22,NZ_02,CHIP_1005,-8.57,24.81,0.691,140.11,100.55,-73.8,3.88,245.0,3.84,B,Normal,0
PCB_02885,LOT_20260306,SMD_Line_A,Mounter_03,FD_16,NZ_02,CHIP_1005,-6.2,5.95,0.025,117.85,108.37,-66.69,3.44,245.4,3.32,A,Normal,0
PCB_02886,LOT_20260306,SMD_Line_C,Mounter_04,FD_16,NZ_01,CHIP_0603,-10.71,-5.3,-0.316,141.87,93.02,-68.36,2.78,249.0,4.29,A,Normal,0
PCB_02887,LOT_20260306,SMD_Line_B,Mounter_03,FD_14,NZ_05,CHIP_1005,-4.0,-7.69,-1.532,139.81,103.71,-76.95,2.78,242.8,3.87,B,Normal,0
PCB_02888,LOT_20260306,SMD_Line_B,Mounter_02,FD_06,NZ_07,CHIP_0603,4.78,-9.03,0.767,137.81,95.79,-70.83,2.89,251.7,4.44,F,Tombstone,1
PCB_02889,LOT_20260306,SMD_Line_C,Mounter_03,FD_02,NZ_04,IC_QFP_48,-10.77,-5.05,-0.602,157.45,118.6,-68.65,2.98,244.4,4.24,A,Normal,0
PCB_02890,LOT_20260306,SMD_Line_C,Mounter_01,FD_14,NZ_07,CAP_3216,-21.85,-4.55,-0.662,103.61,106.52,-75.59,4.68,239.4,4.01,A,Normal,0
PCB_02891,LOT_20260306,SMD_Line_A,Mounter_02,FD_16,NZ_03,BGA_256,14.62,1.4,-0.134,159.26,87.47,-68.46,3.26,240.8,3.97,A,Normal,0
PCB_02892,LOT_20260306,SMD_Line_B,Mounter_02,FD_23,NZ_06,BGA_256,-2.25,6.23,-0.019,120.2,121.81,-71.82,4.27,240.6,3.54,A,Normal,0
PCB_02893,LOT_20260306,SMD_Line_C,Mounter_03,FD_20,NZ_08,CHIP_1005,9.35,5.14,0.005,133.62,112.02,-66.73,3.69,241.9,4.26,A,Normal,0
PCB_02894,LOT_20260306,SMD_Line_B,Mounter_02,FD_13,NZ_06,CHIP_0603,-3.86,1.56,-0.385,130.66,85.52,,1.68,246.1,4.16,A,Normal,0
PCB_02895,LOT_20260306,SMD_Line_A,Mounter_04,FD_15,NZ_01,CHIP_1005,6.78,2.37,0.187,109.93,81.68,-77.06,2.89,249.2,3.89,A,Normal,0
PCB_02896,LOT_20260306,SMD_Line_C,Mounter_01,FD_12,NZ_07,CHIP_0603,29.08,29.92,-0.235,137.94,85.27,,3.16,235.7,3.21,C,Normal,0
PCB_02897,LOT_20260306,SMD_Line_B,Mounter_03,FD_09,NZ_08,CAP_3216,-14.29,-8.52,-0.224,142.96,,-75.93,3.3,248.8,4.1,A,Normal,0
PCB_02898,LOT_20260306,SMD_Line_A,Mounter_03,FD_18,NZ_01,CHIP_0603,-9.72,-0.43,-0.125,136.33,101.82,-74.0,3.24,250.9,4.13,A,Normal,0
PCB_02899,LOT_20260306,SMD_Line_B,Mounter_02,FD_21,NZ_03,CAP_3216,-11.26,-21.07,-0.305,107.85,100.99,-78.36,2.16,253.6,4.75,F,Tombstone,1
PCB_02900,LOT_20260306,SMD_Line_A,Mounter_04,FD_14,NZ_08,CHIP_0603,26.3,-4.52,-0.564,111.4,108.82,-74.83,2.14,246.8,4.22,B,Normal,0
PCB_02901,LOT_20260306,SMD_Line_A,Mounter_02,FD_20,NZ_07,BGA_256,-0.23,-10.61,-0.535,119.54,,,3.17,237.5,4.8,F,Tombstone,1
PCB_02902,LOT_20260306,SMD_Line_C,Mounter_02,FD_04,NZ_08,CHIP_0603,11.09,-8.61,-0.497,149.09,,-71.48,2.95,239.4,3.89,A,Normal,0
PCB_02903,LOT_20260306,SMD_Line_A,Mounter_03,FD_08,NZ_03,CHIP_0603,-33.05,-13.99,0.205,131.44,101.35,-72.81,3.96,248.7,4.07,B,Normal,0
PCB_02904,LOT_20260306,SMD_Line_B,Mounter_02,FD_08,NZ_02,IC_QFP_48,4.68,-15.96,0.18,99.99,113.51,-75.07,3.2,245.4,3.7,F,Tombstone,1
PCB_02905,LOT_20260306,SMD_Line_B,Mounter_01,FD_22,NZ_07,CHIP_0603,-4.51,1.44,-0.121,160.96,77.29,-71.27,3.66,242.4,4.07,F,Tombstone,1
PCB_02906,LOT_20260306,SMD_Line_A,Mounter_02,FD_22,NZ_03,IC_QFP_48,17.36,8.38,-0.099,152.5,96.92,-72.77,3.59,238.7,4.61,A,Normal,0
PCB_02907,LOT_20260306,SMD_Line_C,Mounter_02,FD_16,NZ_04,CHIP_1005,8.23,-9.1,0.525,113.7,,-63.64,3.16,240.5,4.63,A,Normal,0
PCB_02908,LOT_20260306,SMD_Line_A,Mounter_03,FD_24,NZ_04,CHIP_0603,-5.25,-23.93,0.231,123.86,100.81,-71.92,3.86,247.2,4.31,A,Normal,0
PCB_02909,LOT_20260306,SMD_Line_A,Mounter_02,FD_10,NZ_06,CAP_3216,19.75,1.31,0.704,125.71,96.46,-70.41,2.92,247.0,3.53,F,Tombstone,1
PCB_02910,LOT_20260306,SMD_Line_A,Mounter_04,FD_21,NZ_04,CHIP_1005,20.9,5.54,-0.26,137.85,90.22,-74.22,3.17,249.1,3.5,A,Normal,0
PCB_02911,LOT_20260306,SMD_Line_A,Mounter_03,FD_17,NZ_07,IC_QFP_48,18.82,7.95,-0.524,132.98,110.83,-72.06,3.24,250.5,4.08,A,Normal,0
PCB_02912,LOT_20260306,SMD_Line_A,Mounter_02,FD_01,NZ_04,CHIP_1005,9.53,-12.05,0.449,119.78,94.22,-70.38,2.69,241.3,3.86,A,Normal,0
PCB_02913,LOT_20260306,SMD_Line_B,Mounter_01,FD_18,NZ_04,CHIP_1005,-3.47,-7.15,-0.009,149.67,,-75.23,2.5,248.9,4.53,A,Normal,0
PCB_02914,LOT_20260306,SMD_Line_C,Mounter_01,FD_10,NZ_08,CHIP_0603,2.9,-13.1,-0.361,156.16,116.36,-69.92,2.43,241.9,4.44,A,Normal,0
PCB_02915,LOT_20260306,SMD_Line_A,Mounter_03,FD_21,NZ_02,CHIP_0603,-5.21,-8.72,0.22,129.26,87.44,-71.55,2.57,244.5,4.37,A,Normal,0
PCB_02916,LOT_20260306,SMD_Line_B,Mounter_03,FD_04,NZ_06,CHIP_1005,2.77,-9.32,-0.317,121.39,119.58,-79.97,3.12,241.9,3.91,A,Normal,0
PCB_02917,LOT_20260306,SMD_Line_B,Mounter_02,FD_01,NZ_01,CHIP_1005,-7.43,-6.02,0.31,153.93,102.03,-69.12,3.38,248.2,4.27,A,Normal,0
PCB_02918,LOT_20260306,SMD_Line_C,Mounter_04,FD_04,NZ_06,CHIP_1005,-2.12,-2.97,0.219,97.08,100.29,-70.29,2.44,242.6,4.37,A,Normal,0
PCB_02919,LOT_20260306,SMD_Line_B,Mounter_02,FD_04,NZ_06,IC_QFP_48,26.79,1.35,-0.102,116.58,103.42,-71.17,3.23,247.7,4.03,A,Normal,0
PCB_02920,LOT_20260306,SMD_Line_A,Mounter_01,FD_04,NZ_06,IC_QFP_48,3.89,-9.98,-0.759,144.69,,-74.22,3.05,247.0,4.08,A,Normal,0
PCB_02921,LOT_20260306,SMD_Line_A,Mounter_04,FD_17,NZ_03,CHIP_0603,-5.37,-1.65,-0.415,150.87,93.66,-63.37,3.76,249.8,4.35,A,Normal,0
PCB_02922,LOT_20260306,SMD_Line_B,Mounter_04,FD_09,NZ_01,CHIP_0603,-13.75,-10.7,0.683,125.21,104.13,-74.06,2.9,247.5,3.65,A,Normal,0
PCB_02923,LOT_20260306,SMD_Line_C,Mounter_04,FD_19,NZ_03,CHIP_1005,-1.25,-20.71,0.785,164.2,94.12,-82.46,4.15,252.9,3.91,A,Normal,0
PCB_02924,LOT_20260306,SMD_Line_A,Mounter_02,FD_13,NZ_02,CHIP_0603,9.32,6.38,1.167,93.33,105.14,-70.19,3.66,242.3,3.87,B,Normal,0
PCB_02925,LOT_20260306,SMD_Line_A,Mounter_01,FD_04,NZ_02,CHIP_0603,1.71,-7.82,0.18,146.42,127.75,-72.47,3.0,248.3,4.69,B,Normal,0
PCB_02926,LOT_20260306,SMD_Line_C,Mounter_03,FD_05,NZ_05,CHIP_0603,-0.67,-20.45,-0.491,131.3,107.92,-77.05,2.87,246.7,3.93,F,Tombstone,1
PCB_02927,LOT_20260306,SMD_Line_C,Mounter_02,FD_13,NZ_05,CAP_3216,5.32,6.61,0.603,122.7,97.74,-72.89,3.73,241.8,4.21,A,Normal,0
PCB_02928,LOT_20260306,SMD_Line_C,Mounter_03,FD_23,NZ_08,IC_QFP_48,4.93,-2.96,-0.119,143.17,103.07,-72.24,3.0,249.0,4.52,A,Normal,0
PCB_02929,LOT_20260306,SMD_Line_C,Mounter_04,FD_16,NZ_02,CHIP_0603,8.82,5.34,-0.307,124.15,96.16,-74.64,3.22,248.6,3.82,A,Normal,0
PCB_02930,LOT_20260306,SMD_Line_A,Mounter_04,FD_22,NZ_02,CHIP_0603,9.15,4.94,0.151,113.69,97.79,,2.89,242.3,4.64,A,Normal,0
PCB_02931,LOT_20260306,SMD_Line_B,Mounter_02,FD_05,NZ_03,IC_QFP_48,-1.11,-12.91,0.854,131.73,98.66,-70.76,2.87,238.0,4.68,A,Normal,0
PCB_02932,LOT_20260306,SMD_Line_B,Mounter_01,FD_08,NZ_08,CHIP_1005,-1.73,10.98,-0.047,129.19,105.7,-72.16,2.47,244.6,3.14,A,Normal,0
PCB_02933,LOT_20260306,SMD_Line_A,Mounter_04,FD_16,NZ_02,IC_QFP_48,0.01,-21.63,0.008,118.29,110.88,-75.23,4.02,242.1,4.38,A,Normal,0
PCB_02934,LOT_20260306,SMD_Line_B,Mounter_03,FD_01,NZ_07,CAP_3216,7.0,-4.69,-0.689,121.4,,-70.36,2.96,245.7,4.72,A,Normal,0
PCB_02935,LOT_20260306,SMD_Line_B,Mounter_03,FD_23,NZ_01,CHIP_1005,14.01,-5.47,0.048,123.8,107.78,-77.66,3.28,245.0,4.01,A,Normal,0
PCB_02936,LOT_20260306,SMD_Line_A,Mounter_02,FD_06,NZ_03,CHIP_0603,-4.21,-9.16,0.299,105.61,86.84,-70.58,3.49,252.5,4.47,A,Normal,0
PCB_02937,LOT_20260306,SMD_Line_C,Mounter_03,FD_11,NZ_02,IC_QFP_48,-2.05,14.47,-0.039,104.64,84.63,-70.92,4.01,241.9,3.54,A,Normal,0
PCB_02938,LOT_20260306,SMD_Line_B,Mounter_01,FD_16,NZ_03,CAP_3216,-10.17,3.55,-0.006,144.0,99.19,-72.76,2.86,247.5,3.41,A,Normal,0
PCB_02939,LOT_20260306,SMD_Line_C,Mounter_04,FD_05,NZ_03,CHIP_1005,-18.69,-16.62,0.101,108.64,112.01,-73.79,1.82,239.3,3.99,A,Normal,0
PCB_02940,LOT_20260306,SMD_Line_A,Mounter_03,FD_16,NZ_04,IC_QFP_48,-15.47,-14.91,-0.472,129.73,97.5,-76.3,3.25,240.9,3.71,A,Normal,0
PCB_02941,LOT_20260306,SMD_Line_A,Mounter_03,FD_07,NZ_08,CHIP_0603,-12.55,25.42,-1.025,101.96,97.69,-73.86,3.5,243.1,4.38,B,Normal,0
PCB_02942,LOT_20260306,SMD_Line_B,Mounter_04,FD_19,NZ_05,CHIP_1005,-8.32,-5.63,-0.046,152.59,110.8,-74.85,2.88,241.4,4.36,A,Normal,0
PCB_02943,LOT_20260306,SMD_Line_A,Mounter_02,FD_01,NZ_08,IC_QFP_48,5.75,-9.39,-0.102,125.95,,-75.53,3.53,246.8,5.08,A,Normal,0
PCB_02944,LOT_20260306,SMD_Line_B,Mounter_03,FD_09,NZ_03,CAP_3216,-13.39,13.65,0.257,146.77,112.41,-76.22,3.2,244.9,4.6,A,Normal,0
PCB_02945,LOT_20260306,SMD_Line_C,Mounter_02,FD_18,NZ_08,CHIP_1005,0.22,-20.97,1.079,161.72,81.94,-67.4,2.99,248.5,3.9,B,Normal,0
PCB_02946,LOT_20260306,SMD_Line_A,Mounter_02,FD_13,NZ_06,IC_QFP_48,10.47,16.37,0.583,110.67,105.72,,4.0,240.7,4.22,A,Normal,0
PCB_02947,LOT_20260306,SMD_Line_B,Mounter_03,FD_15,NZ_07,CHIP_0603,-10.37,-9.41,-0.926,119.79,78.69,,3.01,245.8,4.31,B,Normal,0
PCB_02948,LOT_20260306,SMD_Line_B,Mounter_01,FD_03,NZ_07,CHIP_0603,-6.15,6.08,1.134,143.08,103.2,-71.17,4.19,241.9,4.46,A,Normal,0
PCB_02949,LOT_20260306,SMD_Line_A,Mounter_02,FD_24,NZ_03,CHIP_1005,-16.5,-5.65,0.299,120.51,110.81,-69.48,3.22,250.3,3.15,A,Normal,0
PCB_02950,LOT_20260306,SMD_Line_C,Mounter_03,FD_10,NZ_06,CHIP_0603,-11.91,-18.58,-0.119,134.36,80.46,-72.25,2.7,240.7,3.97,F,Tombstone,1
PCB_02951,LOT_20260306,SMD_Line_C,Mounter_02,FD_09,NZ_07,CHIP_1005,17.12,2.11,0.664,131.54,72.46,-66.71,2.06,237.6,4.72,B,Normal,0
PCB_02952,LOT_20260306,SMD_Line_B,Mounter_04,FD_13,NZ_04,CHIP_0603,6.31,11.18,-1.149,94.86,110.21,-72.18,3.91,242.5,4.4,B,Normal,0
PCB_02953,LOT_20260306,SMD_Line_B,Mounter_01,FD_16,NZ_02,IC_QFP_48,26.87,-27.71,-0.245,144.16,105.39,-68.59,3.77,240.3,4.22,B,Normal,0
PCB_02954,LOT_20260306,SMD_Line_B,Mounter_01,FD_03,NZ_03,BGA_256,-9.21,-13.64,0.089,127.94,86.82,-71.35,3.68,245.6,3.94,A,Normal,0
PCB_02955,LOT_20260306,SMD_Line_C,Mounter_04,FD_22,NZ_04,CHIP_1005,18.86,14.61,0.03,112.09,102.93,-65.56,3.97,247.4,4.13,A,Normal,0
PCB_02956,LOT_20260306,SMD_Line_B,Mounter_04,FD_23,NZ_08,CHIP_0603,-9.11,4.69,0.681,153.2,93.5,-73.69,4.28,248.1,4.22,A,Normal,0
PCB_02957,LOT_20260306,SMD_Line_B,Mounter_02,FD_15,NZ_01,CHIP_1005,-6.26,5.48,0.531,119.46,97.85,-67.98,1.92,236.0,3.74,A,Normal,0
PCB_02958,LOT_20260306,SMD_Line_C,Mounter_04,FD_17,NZ_08,CAP_3216,34.03,10.98,0.307,118.63,96.78,-72.38,2.14,248.0,4.33,B,Normal,0
PCB_02959,LOT_20260306,SMD_Line_A,Mounter_01,FD_14,NZ_04,CHIP_1005,-10.44,5.52,-0.125,102.99,84.03,-74.93,3.03,246.0,4.24,A,Normal,0
PCB_02960,LOT_20260306,SMD_Line_C,Mounter_04,FD_07,NZ_05,CHIP_0603,19.83,1.74,0.433,138.93,110.81,-72.18,3.79,247.9,3.99,A,Normal,0
PCB_02961,LOT_20260306,SMD_Line_A,Mounter_03,FD_20,NZ_05,CHIP_0603,-0.4,13.17,-0.269,130.64,87.29,,3.37,248.7,3.99,A,Normal,0
PCB_02962,LOT_20260306,SMD_Line_A,Mounter_03,FD_16,NZ_02,CHIP_0603,-13.46,-4.6,0.348,103.93,101.11,-68.73,3.37,242.4,3.58,A,Normal,0
PCB_02963,LOT_20260306,SMD_Line_A,Mounter_02,FD_21,NZ_08,CHIP_0603,-17.88,-0.2,-0.328,133.68,107.82,-69.67,2.93,241.2,4.75,F,Tombstone,1
PCB_02964,LOT_20260306,SMD_Line_C,Mounter_01,FD_08,NZ_06,BGA_256,1.31,9.75,0.132,142.41,90.04,-65.35,2.69,246.4,4.45,A,Normal,0
PCB_02965,LOT_20260306,SMD_Line_C,Mounter_03,FD_04,NZ_02,BGA_256,-14.04,-9.03,-0.655,136.93,96.7,-75.37,3.14,249.1,4.34,A,Normal,0
PCB_02966,LOT_20260306,SMD_Line_B,Mounter_04,FD_20,NZ_07,CHIP_0603,-3.69,16.81,0.466,149.87,,-74.6,3.05,239.7,4.47,A,Normal,0
PCB_02967,LOT_20260306,SMD_Line_B,Mounter_03,FD_24,NZ_06,CHIP_0603,-23.81,3.44,-0.2,120.94,,-76.42,2.93,245.3,2.82,A,Normal,0
PCB_02968,LOT_20260306,SMD_Line_B,Mounter_03,FD_15,NZ_06,CHIP_0603,4.43,-13.56,-0.616,156.52,110.98,-70.72,3.58,242.8,5.05,A,Normal,0
PCB_02969,LOT_20260306,SMD_Line_C,Mounter_02,FD_05,NZ_06,CAP_3216,-19.28,-2.28,-0.434,130.05,109.12,-73.45,3.19,242.8,2.88,A,Normal,0
PCB_02970,LOT_20260306,SMD_Line_B,Mounter_04,FD_13,NZ_06,CHIP_1005,-0.75,-16.35,-0.138,142.01,126.52,-74.89,3.47,243.4,4.64,B,Normal,0
PCB_02971,LOT_20260306,SMD_Line_A,Mounter_04,FD_06,NZ_05,IC_QFP_48,-17.3,1.01,-0.41,149.16,,-70.6,3.13,247.8,4.25,A,Normal,0
PCB_02972,LOT_20260306,SMD_Line_A,Mounter_04,FD_05,NZ_08,CHIP_1005,15.32,-4.47,0.324,169.74,95.97,,3.61,247.4,3.67,A,Normal,0
PCB_02973,LOT_20260306,SMD_Line_C,Mounter_02,FD_17,NZ_07,CHIP_1005,-26.37,-10.2,-0.125,113.78,82.72,-71.63,2.54,241.3,4.25,B,Normal,0
PCB_02974,LOT_20260306,SMD_Line_B,Mounter_04,FD_07,NZ_05,CHIP_1005,-3.54,-21.01,0.421,118.91,91.61,-73.68,2.35,239.2,4.44,A,Normal,0
PCB_02975,LOT_20260306,SMD_Line_A,Mounter_04,FD_06,NZ_03,CHIP_0603,6.99,-9.34,-0.127,132.85,101.91,-67.9,3.0,249.5,3.95,A,Normal,0
PCB_02976,LOT_20260306,SMD_Line_A,Mounter_03,FD_02,NZ_07,CHIP_1005,4.49,-2.13,0.323,124.44,111.18,-72.89,3.66,248.4,4.8,A,Normal,0
PCB_02977,LOT_20260306,SMD_Line_C,Mounter_03,FD_11,NZ_05,CHIP_1005,-15.59,-4.39,0.004,117.97,92.15,-72.94,2.98,250.2,3.45,A,Normal,0
PCB_02978,LOT_20260306,SMD_Line_A,Mounter_04,FD_07,NZ_02,CHIP_0603,-21.75,-16.76,-0.117,107.13,119.0,-70.2,4.42,247.3,3.67,B,Normal,0
PCB_02979,LOT_20260306,SMD_Line_B,Mounter_01,FD_22,NZ_05,CHIP_0603,9.77,0.25,-0.468,131.89,,-74.4,2.59,250.6,3.57,A,Normal,0
PCB_02980,LOT_20260306,SMD_Line_C,Mounter_01,FD_21,NZ_07,CHIP_1005,-1.55,-11.63,0.031,141.93,95.49,-68.41,3.08,235.3,3.48,A,Normal,0
PCB_02981,LOT_20260306,SMD_Line_B,Mounter_04,FD_08,NZ_07,CHIP_1005,-13.4,10.88,0.331,135.28,104.85,-75.21,2.1,244.5,4.28,A,Normal,0
PCB_02982,LOT_20260306,SMD_Line_A,Mounter_01,FD_05,NZ_02,CHIP_1005,10.22,12.62,-0.309,105.55,101.57,-74.14,4.09,242.1,5.0,A,Normal,0
PCB_02983,LOT_20260306,SMD_Line_B,Mounter_02,FD_18,NZ_01,CAP_3216,-7.03,-3.03,-0.006,105.91,105.72,-76.03,3.13,253.3,4.63,A,Normal,0
PCB_02984,LOT_20260306,SMD_Line_C,Mounter_03,FD_22,NZ_08,CHIP_0603,-8.22,18.6,-0.248,130.92,101.54,-68.98,1.79,240.0,4.05,A,Normal,0
PCB_02985,LOT_20260306,SMD_Line_B,Mounter_02,FD_16,NZ_07,CHIP_0603,-10.83,-1.66,0.871,126.42,107.78,-67.26,3.01,239.4,4.89,A,Normal,0
PCB_02986,LOT_20260306,SMD_Line_C,Mounter_03,FD_14,NZ_05,CHIP_0603,-9.49,-15.35,0.14,125.23,97.07,-72.53,1.66,242.4,4.72,A,Normal,0
PCB_02987,LOT_20260306,SMD_Line_A,Mounter_01,FD_12,NZ_02,CHIP_1005,-9.94,13.99,0.04,125.84,96.39,-70.44,3.93,242.8,3.86,A,Normal,0
PCB_02988,LOT_20260306,SMD_Line_B,Mounter_01,FD_17,NZ_06,CHIP_1005,4.1,19.05,-0.219,122.53,,-70.72,2.65,243.4,4.05,A,Normal,0
PCB_02989,LOT_20260306,SMD_Line_B,Mounter_04,FD_05,NZ_08,IC_QFP_48,19.38,11.74,0.398,132.23,126.08,-70.96,3.22,248.8,4.34,F,Tombstone,1
PCB_02990,LOT_20260306,SMD_Line_C,Mounter_01,FD_14,NZ_07,CHIP_0603,-17.46,-9.01,-0.0,146.52,99.06,-76.05,2.76,251.2,3.81,A,Normal,0
PCB_02991,LOT_20260306,SMD_Line_A,Mounter_01,FD_06,NZ_08,CHIP_1005,-4.26,-14.58,-0.029,115.99,105.23,-74.29,3.08,249.1,3.7,A,Normal,0
PCB_02992,LOT_20260306,SMD_Line_C,Mounter_04,FD_15,NZ_08,BGA_256,-2.05,-4.13,-0.033,136.79,,-69.34,3.68,255.4,4.57,A,Normal,0
PCB_02993,LOT_20260306,SMD_Line_B,Mounter_04,FD_07,NZ_04,CAP_3216,5.81,29.22,-0.498,131.24,119.1,-67.74,2.96,250.4,4.69,B,Normal,0
PCB_02994,LOT_20260306,SMD_Line_A,Mounter_03,FD_14,NZ_08,CAP_3216,12.35,-13.89,0.673,103.25,,-68.68,3.53,242.3,3.69,A,Normal,0
PCB_02995,LOT_20260306,SMD_Line_A,Mounter_01,FD_18,NZ_06,IC_QFP_48,-1.99,9.68,0.414,120.17,103.93,-71.94,1.51,244.5,4.38,A,Normal,0
PCB_02996,LOT_20260306,SMD_Line_C,Mounter_03,FD_01,NZ_03,CAP_3216,-7.96,-1.09,0.004,130.15,89.53,-69.19,2.44,248.3,4.37,A,Normal,0
PCB_02997,LOT_20260306,SMD_Line_A,Mounter_03,FD_06,NZ_08,CHIP_0603,7.23,11.14,-0.046,162.47,121.13,-77.38,3.23,240.1,3.65,A,Normal,0
PCB_02998,LOT_20260306,SMD_Line_A,Mounter_02,FD_03,NZ_07,CHIP_0603,-20.5,-14.87,-0.397,119.12,102.6,-79.07,2.77,243.7,4.36,A,Normal,0
PCB_02999,LOT_20260306,SMD_Line_A,Mounter_01,FD_05,NZ_02,CHIP_0603,-26.8,-2.94,-0.664,120.85,121.56,-76.81,3.9,247.7,4.46,F,Tombstone,1
PCB_03000,LOT_20260306,SMD_Line_C,Mounter_01,FD_12,NZ_06,IC_QFP_48,32.38,-10.6,-0.396,136.2,92.79,-62.12,3.7,253.0,4.48,C,Normal,0
PCB_03001,LOT_20260307,SMD_Line_B,Mounter_02,FD_11,NZ_05,CAP_3216,-10.1,-9.93,0.515,128.3,94.7,-64.73,4.02,245.1,4.05,F,Tombstone,1
PCB_03002,LOT_20260307,SMD_Line_C,Mounter_03,FD_13,NZ_05,CHIP_0603,-5.17,8.69,-0.174,111.07,93.67,-77.59,3.26,245.8,4.34,A,Normal,0
PCB_03003,LOT_20260307,SMD_Line_A,Mounter_01,FD_16,NZ_07,CHIP_1005,6.8,-13.2,0.487,103.97,96.6,-72.78,2.75,247.2,4.29,A,Normal,0
PCB_03004,LOT_20260307,SMD_Line_B,Mounter_03,FD_18,NZ_01,IC_QFP_48,4.34,3.42,-0.014,102.08,108.05,-73.51,3.57,237.7,4.23,A,Normal,0
PCB_03005,LOT_20260307,SMD_Line_B,Mounter_02,FD_17,NZ_04,CAP_3216,11.07,0.66,-0.391,142.75,75.42,-67.47,2.57,243.5,4.63,F,Tombstone,1
PCB_03006,LOT_20260307,SMD_Line_C,Mounter_04,FD_17,NZ_07,CHIP_1005,11.72,-11.25,-0.33,114.54,99.42,-69.71,3.03,241.4,3.71,A,Normal,0
PCB_03007,LOT_20260307,SMD_Line_C,Mounter_03,FD_11,NZ_02,CAP_3216,-18.03,-8.71,0.111,165.55,90.63,-73.32,3.44,248.3,3.77,A,Normal,0
PCB_03008,LOT_20260307,SMD_Line_A,Mounter_01,FD_20,NZ_06,CHIP_0603,15.87,3.94,-0.729,122.08,89.34,-70.03,2.78,243.2,3.66,A,Normal,0
PCB_03009,LOT_20260307,SMD_Line_B,Mounter_04,FD_10,NZ_04,CHIP_0603,6.38,-0.3,-0.345,141.57,105.62,-69.29,4.63,250.1,4.68,A,Normal,0
PCB_03010,LOT_20260307,SMD_Line_A,Mounter_03,FD_16,NZ_01,CHIP_1005,4.73,0.45,-0.204,112.57,103.6,-78.52,3.63,246.8,4.18,A,Normal,0
PCB_03011,LOT_20260307,SMD_Line_B,Mounter_03,FD_02,NZ_07,CHIP_1005,5.28,-2.74,0.369,132.85,110.36,-70.14,2.65,244.3,3.88,A,Normal,0
PCB_03012,LOT_20260307,SMD_Line_A,Mounter_04,FD_17,NZ_03,CHIP_0603,-27.9,-3.51,0.127,151.2,104.65,-72.07,3.77,242.6,4.82,F,Tombstone,1
PCB_03013,LOT_20260307,SMD_Line_A,Mounter_04,FD_22,NZ_04,IC_QFP_48,-2.62,-0.25,0.084,124.75,102.16,,4.18,242.0,4.07,A,Normal,0
PCB_03014,LOT_20260307,SMD_Line_A,Mounter_04,FD_20,NZ_01,IC_QFP_48,-12.08,16.98,0.209,113.72,93.3,-74.07,2.3,251.8,3.1,A,Normal,0
PCB_03015,LOT_20260307,SMD_Line_B,Mounter_01,FD_10,NZ_07,IC_QFP_48,-13.88,6.24,0.465,124.42,88.88,-71.01,3.97,236.5,3.87,A,Normal,0
PCB_03016,LOT_20260307,SMD_Line_A,Mounter_01,FD_13,NZ_08,CHIP_0603,-6.1,-1.54,0.023,126.76,107.19,-71.56,2.44,244.6,4.24,A,Normal,0
PCB_03017,LOT_20260307,SMD_Line_B,Mounter_03,FD_12,NZ_07,CHIP_1005,10.32,-12.77,-0.465,115.21,96.93,-72.66,3.19,245.4,4.37,A,Normal,0
PCB_03018,LOT_20260307,SMD_Line_B,Mounter_03,FD_15,NZ_02,CHIP_1005,3.59,-4.94,0.085,154.79,104.79,-73.06,3.31,235.5,3.85,A,Normal,0
PCB_03019,LOT_20260307,SMD_Line_A,Mounter_02,FD_07,NZ_07,CHIP_0603,5.47,-10.86,-0.378,130.28,,-71.81,2.8,250.5,3.98,F,Tombstone,1
PCB_03020,LOT_20260307,SMD_Line_C,Mounter_01,FD_22,NZ_03,CHIP_1005,-5.58,-9.4,-0.931,149.2,75.48,-77.62,2.8,245.9,3.94,B,Normal,0
PCB_03021,LOT_20260307,SMD_Line_A,Mounter_03,FD_21,NZ_07,CHIP_0603,4.7,-22.07,0.085,146.12,105.8,,2.69,248.1,4.5,A,Normal,0
PCB_03022,LOT_20260307,SMD_Line_B,Mounter_04,FD_13,NZ_05,CHIP_0603,-2.49,-0.13,0.233,155.52,92.49,-73.27,2.88,248.1,4.85,A,Normal,0
PCB_03023,LOT_20260307,SMD_Line_B,Mounter_04,FD_12,NZ_01,IC_QFP_48,11.86,24.4,0.156,111.11,110.37,-70.23,2.6,248.8,3.82,B,Normal,0
PCB_03024,LOT_20260307,SMD_Line_A,Mounter_01,FD_12,NZ_08,CHIP_0603,8.7,2.31,0.227,139.67,77.69,-66.34,3.87,248.4,4.89,A,Normal,0
PCB_03025,LOT_20260307,SMD_Line_A,Mounter_04,FD_02,NZ_05,CAP_3216,2.0,8.58,0.502,122.44,122.79,-68.03,2.32,248.4,4.27,B,Normal,0
PCB_03026,LOT_20260307,SMD_Line_A,Mounter_02,FD_05,NZ_07,CHIP_1005,-10.02,11.33,-0.436,127.87,92.85,-70.94,4.28,246.6,4.11,A,Normal,0
PCB_03027,LOT_20260307,SMD_Line_C,Mounter_03,FD_02,NZ_03,CAP_3216,3.41,-3.38,-0.175,113.79,105.65,-72.38,3.12,249.2,4.04,A,Normal,0
PCB_03028,LOT_20260307,SMD_Line_B,Mounter_03,FD_23,NZ_01,CHIP_0603,3.03,-2.59,-0.579,164.88,91.45,-72.08,1.94,256.4,3.7,F,Tombstone,1
PCB_03029,LOT_20260307,SMD_Line_B,Mounter_03,FD_20,NZ_01,CHIP_1005,1.49,-16.48,0.202,118.97,93.08,,3.66,241.4,3.75,A,Normal,0
PCB_03030,LOT_20260307,SMD_Line_B,Mounter_01,FD_13,NZ_07,CHIP_0603,-5.95,2.32,0.553,139.79,108.22,-76.27,2.97,247.2,3.68,A,Normal,0
PCB_03031,LOT_20260307,SMD_Line_A,Mounter_04,FD_03,NZ_03,BGA_256,-8.18,0.66,-0.245,110.72,97.58,-71.16,2.48,248.5,3.63,A,Normal,0
PCB_03032,LOT_20260307,SMD_Line_B,Mounter_02,FD_11,NZ_02,CHIP_1005,4.03,-10.1,0.325,126.18,98.41,-73.32,3.0,238.5,4.37,A,Normal,0
PCB_03033,LOT_20260307,SMD_Line_C,Mounter_01,FD_16,NZ_08,CHIP_0603,-10.72,13.55,-0.346,145.91,110.19,-77.24,2.74,253.0,5.23,A,Normal,0
PCB_03034,LOT_20260307,SMD_Line_A,Mounter_03,FD_01,NZ_01,BGA_256,-3.15,-9.16,0.29,135.21,,-70.99,3.97,247.7,3.8,A,Normal,0
PCB_03035,LOT_20260307,SMD_Line_A,Mounter_02,FD_19,NZ_08,CHIP_1005,7.34,33.6,-1.005,115.88,105.38,-69.36,2.73,246.3,4.04,C,Normal,0
PCB_03036,LOT_20260307,SMD_Line_A,Mounter_03,FD_11,NZ_03,CHIP_0603,5.52,4.76,0.685,119.27,92.5,-67.92,2.41,243.5,4.67,A,Normal,0
PCB_03037,LOT_20260307,SMD_Line_B,Mounter_03,FD_09,NZ_04,CHIP_1005,-14.47,-0.26,-0.491,132.44,108.0,,2.77,248.6,3.67,A,Normal,0
PCB_03038,LOT_20260307,SMD_Line_C,Mounter_01,FD_14,NZ_05,IC_QFP_48,3.73,22.88,0.076,129.74,101.34,-74.21,2.6,240.3,3.48,A,Normal,0
PCB_03039,LOT_20260307,SMD_Line_A,Mounter_03,FD_09,NZ_01,CHIP_0603,25.4,-26.94,0.632,110.3,105.16,-69.61,3.85,252.3,3.21,B,Normal,0
PCB_03040,LOT_20260307,SMD_Line_B,Mounter_02,FD_07,NZ_04,CHIP_1005,8.44,-3.38,-0.526,124.28,104.37,-71.02,3.32,249.4,4.2,A,Normal,0
PCB_03041,LOT_20260307,SMD_Line_A,Mounter_03,FD_16,NZ_01,CHIP_0603,-3.43,-5.12,0.792,127.81,113.55,-75.24,2.32,244.5,3.86,F,Tombstone,1
PCB_03042,LOT_20260307,SMD_Line_C,Mounter_04,FD_03,NZ_02,CHIP_1005,16.34,-2.14,0.946,138.53,106.06,-75.35,2.57,251.1,3.52,A,Normal,0
PCB_03043,LOT_20260307,SMD_Line_A,Mounter_03,FD_19,NZ_07,IC_QFP_48,27.49,2.67,0.31,145.2,86.08,-69.03,2.93,237.7,3.84,B,Normal,0
PCB_03044,LOT_20260307,SMD_Line_B,Mounter_01,FD_04,NZ_03,CHIP_1005,10.79,-2.48,0.008,140.07,92.87,-70.9,2.09,240.8,4.61,A,Normal,0
PCB_03045,LOT_20260307,SMD_Line_B,Mounter_02,FD_07,NZ_01,CHIP_1005,-21.64,16.53,-0.083,135.09,102.72,-71.1,2.54,245.3,3.96,A,Normal,0
PCB_03046,LOT_20260307,SMD_Line_B,Mounter_01,FD_23,NZ_03,CHIP_0603,7.71,5.14,0.258,135.44,104.78,-71.78,3.39,245.4,4.59,A,Normal,0
PCB_03047,LOT_20260307,SMD_Line_B,Mounter_04,FD_12,NZ_06,CHIP_0603,16.86,5.71,0.336,137.16,,-69.89,4.29,246.9,4.39,A,Normal,0
PCB_03048,LOT_20260307,SMD_Line_A,Mounter_03,FD_18,NZ_01,CHIP_0603,-25.8,5.46,-0.906,144.35,88.09,-73.79,2.1,245.9,4.24,B,Normal,0
PCB_03049,LOT_20260307,SMD_Line_A,Mounter_01,FD_05,NZ_02,CHIP_1005,11.71,-15.2,-0.128,155.38,113.12,-72.45,4.84,250.3,4.16,A,Normal,0
PCB_03050,LOT_20260307,SMD_Line_A,Mounter_01,FD_23,NZ_02,CHIP_1005,-2.54,2.38,-0.263,115.41,123.59,-69.39,3.42,238.9,4.5,A,Normal,0
PCB_03051,LOT_20260307,SMD_Line_A,Mounter_01,FD_23,NZ_07,CAP_3216,16.44,2.79,-0.328,123.28,80.15,-71.87,2.52,237.0,4.31,B,Normal,0
PCB_03052,LOT_20260307,SMD_Line_B,Mounter_01,FD_22,NZ_07,CHIP_0603,-0.89,-13.27,-0.319,145.16,103.1,-74.62,4.12,239.1,4.26,A,Normal,0
PCB_03053,LOT_20260307,SMD_Line_A,Mounter_04,FD_10,NZ_04,CHIP_1005,4.29,10.45,-0.582,115.07,100.57,-74.41,3.45,239.6,3.19,A,Normal,0
PCB_03054,LOT_20260307,SMD_Line_A,Mounter_04,FD_12,NZ_02,CHIP_1005,4.5,-24.04,0.697,110.57,112.14,-71.84,3.71,245.2,4.0,B,Normal,0
PCB_03055,LOT_20260307,SMD_Line_B,Mounter_03,FD_08,NZ_03,CHIP_1005,8.93,29.73,-0.264,120.38,105.96,-81.05,3.7,244.5,3.39,B,Normal,0
PCB_03056,LOT_20260307,SMD_Line_C,Mounter_03,FD_19,NZ_06,BGA_256,5.59,-0.44,-0.065,131.1,109.95,-65.87,3.85,246.4,3.62,A,Normal,0
PCB_03057,LOT_20260307,SMD_Line_B,Mounter_02,FD_15,NZ_08,CHIP_0603,-11.24,-10.09,-0.141,122.82,72.63,-72.61,2.45,246.6,4.66,B,Normal,0
PCB_03058,LOT_20260307,SMD_Line_A,Mounter_04,FD_01,NZ_02,CHIP_0603,-3.29,7.29,-0.247,135.54,99.91,-70.3,3.68,246.2,4.08,A,Normal,0
PCB_03059,LOT_20260307,SMD_Line_A,Mounter_01,FD_03,NZ_01,IC_QFP_48,-0.08,7.39,0.188,125.74,89.13,-69.77,3.23,238.6,4.98,A,Normal,0
PCB_03060,LOT_20260307,SMD_Line_C,Mounter_01,FD_18,NZ_08,CHIP_0603,15.38,24.14,-0.14,124.82,89.43,-71.12,3.55,244.2,4.52,B,Normal,0
PCB_03061,LOT_20260307,SMD_Line_A,Mounter_02,FD_18,NZ_08,CHIP_0603,6.05,21.03,0.272,104.96,85.29,-76.78,2.79,243.0,3.81,A,Normal,0
PCB_03062,LOT_20260307,SMD_Line_A,Mounter_01,FD_02,NZ_02,CHIP_0603,-8.22,-15.69,0.707,138.98,102.74,-75.73,2.81,250.3,3.95,A,Normal,0
PCB_03063,LOT_20260307,SMD_Line_B,Mounter_02,FD_05,NZ_06,CHIP_0603,-11.5,-3.19,-0.495,139.18,104.0,-77.21,2.85,246.6,4.48,A,Normal,0
PCB_03064,LOT_20260307,SMD_Line_B,Mounter_03,FD_01,NZ_03,CHIP_1005,8.18,-10.73,0.145,127.19,107.57,-68.17,3.64,252.9,4.43,A,Normal,0
PCB_03065,LOT_20260307,SMD_Line_B,Mounter_04,FD_10,NZ_01,CHIP_0603,-5.94,8.76,0.132,132.23,95.16,-77.4,3.15,241.0,4.64,A,Normal,0
PCB_03066,LOT_20260307,SMD_Line_A,Mounter_02,FD_20,NZ_04,CHIP_1005,9.41,16.7,-0.529,132.2,116.61,-74.32,2.88,243.9,3.07,B,Normal,0
PCB_03067,LOT_20260307,SMD_Line_A,Mounter_01,FD_10,NZ_04,CHIP_1005,-0.7,-15.54,0.291,145.77,88.82,-67.43,3.0,249.0,3.37,A,Normal,0
PCB_03068,LOT_20260307,SMD_Line_C,Mounter_02,FD_05,NZ_04,CHIP_1005,18.25,-0.75,-0.118,133.34,,-75.95,3.95,243.1,3.85,A,Normal,0
PCB_03069,LOT_20260307,SMD_Line_A,Mounter_03,FD_18,NZ_07,CAP_3216,-9.21,-7.46,0.711,109.97,102.63,-71.48,3.5,246.7,4.49,A,Normal,0
PCB_03070,LOT_20260307,SMD_Line_B,Mounter_01,FD_21,NZ_01,CHIP_0603,17.98,9.96,0.45,158.62,91.79,-69.34,3.48,242.6,4.55,A,Normal,0
PCB_03071,LOT_20260307,SMD_Line_B,Mounter_03,FD_15,NZ_08,CAP_3216,12.29,4.83,-0.0,149.33,,-72.21,3.36,250.0,2.74,A,Normal,0
PCB_03072,LOT_20260307,SMD_Line_B,Mounter_03,FD_20,NZ_04,CHIP_1005,-5.5,13.87,-0.097,130.75,92.11,-71.46,3.84,239.2,3.72,A,Normal,0
PCB_03073,LOT_20260307,SMD_Line_A,Mounter_02,FD_08,NZ_07,IC_QFP_48,-10.98,-4.97,0.78,132.32,93.05,-70.13,2.57,253.2,4.44,A,Normal,0
PCB_03074,LOT_20260307,SMD_Line_A,Mounter_03,FD_17,NZ_02,CHIP_1005,24.1,-1.38,-0.261,134.34,92.08,-65.75,3.73,248.4,3.65,A,Normal,0
PCB_03075,LOT_20260307,SMD_Line_B,Mounter_01,FD_12,NZ_08,CHIP_1005,-11.28,4.65,0.119,118.44,91.22,-75.27,3.25,247.2,4.3,A,Normal,0
PCB_03076,LOT_20260307,SMD_Line_C,Mounter_03,FD_21,NZ_01,BGA_256,3.83,-3.2,-0.029,146.72,99.98,-73.54,2.64,246.8,4.39,A,Normal,0
PCB_03077,LOT_20260307,SMD_Line_C,Mounter_03,FD_12,NZ_01,BGA_256,4.32,3.53,0.538,145.16,102.87,-69.79,3.19,242.2,3.92,A,Normal,0
PCB_03078,LOT_20260307,SMD_Line_A,Mounter_02,FD_01,NZ_01,CHIP_0603,0.13,14.99,0.572,128.7,91.19,-72.69,3.04,248.1,4.2,A,Normal,0
PCB_03079,LOT_20260307,SMD_Line_A,Mounter_03,FD_04,NZ_05,CHIP_0603,9.77,25.18,0.244,140.09,85.95,-73.96,3.4,243.0,4.1,B,Normal,0
PCB_03080,LOT_20260307,SMD_Line_C,Mounter_04,FD_08,NZ_07,CHIP_1005,-11.63,-5.76,-0.238,145.65,105.98,-68.39,3.74,236.3,4.42,A,Normal,0
PCB_03081,LOT_20260307,SMD_Line_B,Mounter_02,FD_01,NZ_08,CAP_3216,24.16,25.34,-0.07,133.41,104.65,-79.79,2.52,245.5,4.06,F,Tombstone,1
PCB_03082,LOT_20260307,SMD_Line_C,Mounter_02,FD_15,NZ_03,CHIP_0603,-10.31,-5.93,-0.554,114.54,108.58,-68.05,4.23,242.0,3.26,F,Tombstone,1
PCB_03083,LOT_20260307,SMD_Line_A,Mounter_01,FD_18,NZ_05,IC_QFP_48,-1.8,10.25,0.112,140.29,87.48,-66.44,2.19,245.8,4.46,A,Normal,0
PCB_03084,LOT_20260307,SMD_Line_B,Mounter_01,FD_01,NZ_05,IC_QFP_48,-17.98,-5.83,-0.363,130.85,90.08,-72.72,2.76,245.1,4.16,A,Normal,0
PCB_03085,LOT_20260307,SMD_Line_B,Mounter_01,FD_11,NZ_05,IC_QFP_48,13.08,-12.15,1.007,113.58,109.88,-76.6,4.38,239.2,4.45,B,Normal,0
PCB_03086,LOT_20260307,SMD_Line_B,Mounter_01,FD_23,NZ_03,CHIP_1005,23.6,14.43,-0.246,145.52,110.75,,2.31,251.9,3.75,B,Normal,0
PCB_03087,LOT_20260307,SMD_Line_B,Mounter_04,FD_02,NZ_05,CHIP_1005,25.1,-0.58,0.462,133.55,95.09,-70.31,2.84,242.4,4.04,A,Normal,0
PCB_03088,LOT_20260307,SMD_Line_A,Mounter_02,FD_01,NZ_04,CAP_3216,14.18,15.15,0.688,126.56,88.57,-77.74,2.73,249.6,3.92,B,Normal,0
PCB_03089,LOT_20260307,SMD_Line_B,Mounter_03,FD_12,NZ_01,CHIP_1005,-4.64,8.87,0.373,161.08,91.58,-71.71,1.75,242.2,4.63,A,Normal,0
PCB_03090,LOT_20260307,SMD_Line_A,Mounter_01,FD_16,NZ_08,IC_QFP_48,0.02,4.85,-0.228,121.82,88.41,-65.18,3.13,245.2,4.51,A,Normal,0
PCB_03091,LOT_20260307,SMD_Line_B,Mounter_01,FD_22,NZ_08,CHIP_0603,-4.04,6.5,-0.26,115.86,109.58,-67.58,3.47,246.3,4.93,A,Normal,0
PCB_03092,LOT_20260307,SMD_Line_C,Mounter_01,FD_22,NZ_01,IC_QFP_48,-15.16,12.85,1.325,132.35,108.55,-70.16,3.46,236.6,4.12,B,Normal,0
PCB_03093,LOT_20260307,SMD_Line_A,Mounter_03,FD_10,NZ_07,CHIP_0603,-3.69,10.93,0.888,127.67,100.98,-70.57,2.84,242.5,3.55,F,Tombstone,1
PCB_03094,LOT_20260307,SMD_Line_C,Mounter_01,FD_18,NZ_02,CHIP_0603,11.36,-4.77,0.137,121.62,91.87,-71.86,2.01,246.2,3.66,A,Normal,0
PCB_03095,LOT_20260307,SMD_Line_A,Mounter_03,FD_15,NZ_06,IC_QFP_48,-10.84,4.99,-0.152,151.13,89.43,-71.47,2.78,245.4,4.64,A,Normal,0
PCB_03096,LOT_20260307,SMD_Line_B,Mounter_02,FD_17,NZ_04,CHIP_1005,-28.51,17.71,-0.392,113.17,92.61,-72.33,2.65,245.3,4.84,F,Tombstone,1
PCB_03097,LOT_20260307,SMD_Line_C,Mounter_02,FD_10,NZ_03,IC_QFP_48,-15.66,0.53,-0.279,134.65,89.34,-71.28,3.35,249.0,3.52,A,Normal,0
PCB_03098,LOT_20260307,SMD_Line_A,Mounter_02,FD_03,NZ_06,CHIP_0603,10.23,-5.83,0.32,131.31,102.72,-77.71,2.85,241.7,3.93,A,Normal,0
PCB_03099,LOT_20260307,SMD_Line_A,Mounter_04,FD_21,NZ_01,CHIP_1005,-21.48,-7.33,1.041,129.83,109.15,-79.58,3.43,245.4,3.62,B,Normal,0
PCB_03100,LOT_20260307,SMD_Line_B,Mounter_03,FD_16,NZ_05,CHIP_1005,-5.9,10.02,-0.053,147.33,109.53,-74.63,2.03,239.4,5.18,A,Normal,0
PCB_03101,LOT_20260307,SMD_Line_A,Mounter_01,FD_06,NZ_08,CHIP_1005,-4.8,-2.84,0.539,160.81,89.39,-68.39,3.56,243.0,4.37,F,Tombstone,1
PCB_03102,LOT_20260307,SMD_Line_B,Mounter_01,FD_03,NZ_07,CHIP_0603,3.23,4.27,0.404,130.0,92.83,-69.92,3.49,250.3,3.74,A,Normal,0
PCB_03103,LOT_20260307,SMD_Line_C,Mounter_01,FD_09,NZ_07,IC_QFP_48,2.93,-3.4,-0.132,143.32,93.36,-69.04,2.52,245.2,3.71,A,Normal,0
PCB_03104,LOT_20260307,SMD_Line_B,Mounter_01,FD_11,NZ_02,BGA_256,5.0,13.85,0.45,130.61,112.23,-71.67,2.75,243.1,4.91,A,Normal,0
PCB_03105,LOT_20260307,SMD_Line_A,Mounter_04,FD_21,NZ_02,CHIP_0603,-1.86,1.77,0.464,131.18,,-67.75,2.99,241.7,4.5,A,Normal,0
PCB_03106,LOT_20260307,SMD_Line_B,Mounter_01,FD_13,NZ_01,CHIP_0603,-11.81,16.85,0.413,136.77,99.96,-67.34,3.83,239.3,4.2,A,Normal,0
PCB_03107,LOT_20260307,SMD_Line_B,Mounter_04,FD_18,NZ_04,IC_QFP_48,11.27,16.42,-0.186,132.53,89.5,-67.82,3.0,249.1,3.97,A,Normal,0
PCB_03108,LOT_20260307,SMD_Line_A,Mounter_03,FD_22,NZ_07,IC_QFP_48,-22.05,-1.04,0.323,116.33,97.7,-74.39,3.38,254.0,3.98,A,Normal,0
PCB_03109,LOT_20260307,SMD_Line_B,Mounter_02,FD_24,NZ_06,IC_QFP_48,9.77,15.73,0.535,149.97,108.33,-71.81,3.18,243.3,3.49,A,Normal,0
PCB_03110,LOT_20260307,SMD_Line_B,Mounter_01,FD_22,NZ_02,IC_QFP_48,14.3,-3.99,0.43,136.74,96.12,-73.62,3.73,237.4,3.83,A,Normal,0
PCB_03111,LOT_20260307,SMD_Line_B,Mounter_02,FD_04,NZ_08,CHIP_1005,29.21,3.14,0.485,129.3,90.96,,3.28,251.5,3.95,B,Normal,0
PCB_03112,LOT_20260307,SMD_Line_A,Mounter_03,FD_22,NZ_08,CHIP_1005,-9.43,-9.2,-0.091,120.6,108.97,-68.07,2.44,241.3,4.11,A,Normal,0
PCB_03113,LOT_20260307,SMD_Line_B,Mounter_03,FD_24,NZ_01,CHIP_0603,-7.0,7.0,0.483,134.38,101.56,-70.4,3.03,246.6,4.14,A,Normal,0
PCB_03114,LOT_20260307,SMD_Line_A,Mounter_01,FD_08,NZ_04,CHIP_0603,0.67,3.56,0.581,126.35,105.79,-69.59,3.78,247.2,4.66,A,Normal,0
PCB_03115,LOT_20260307,SMD_Line_A,Mounter_03,FD_13,NZ_01,IC_QFP_48,-0.27,6.07,-0.206,132.73,103.18,-70.98,3.38,249.7,3.82,A,Normal,0
PCB_03116,LOT_20260307,SMD_Line_C,Mounter_02,FD_10,NZ_01,CHIP_0603,10.43,-16.05,-0.623,127.17,85.42,-75.27,2.45,244.0,4.88,F,Tombstone,1
PCB_03117,LOT_20260307,SMD_Line_B,Mounter_01,FD_02,NZ_04,CAP_3216,6.53,-23.47,0.736,117.53,115.66,-68.25,4.25,247.0,4.12,B,Normal,0
PCB_03118,LOT_20260307,SMD_Line_A,Mounter_04,FD_08,NZ_04,BGA_256,-4.4,-13.37,-0.208,154.16,97.61,-64.94,2.82,243.6,4.36,A,Normal,0
PCB_03119,LOT_20260307,SMD_Line_A,Mounter_01,FD_06,NZ_04,BGA_256,-1.23,5.89,-0.334,115.84,110.11,-70.23,3.74,236.6,4.71,A,Normal,0
PCB_03120,LOT_20260307,SMD_Line_A,Mounter_02,FD_16,NZ_08,CAP_3216,11.67,7.95,0.096,118.29,95.8,-72.42,4.04,243.3,4.45,A,Normal,0
PCB_03121,LOT_20260307,SMD_Line_A,Mounter_01,FD_18,NZ_08,CHIP_1005,-15.83,13.33,-0.121,140.17,106.79,-74.54,3.82,246.6,4.56,A,Normal,0
PCB_03122,LOT_20260307,SMD_Line_A,Mounter_01,FD_17,NZ_01,BGA_256,-2.92,-4.77,-0.867,134.65,112.13,-72.9,2.66,240.8,3.89,A,Normal,0
PCB_03123,LOT_20260307,SMD_Line_A,Mounter_02,FD_06,NZ_02,CHIP_0603,6.93,2.46,0.401,139.91,,-76.46,3.85,245.4,4.11,F,Tombstone,1
PCB_03124,LOT_20260307,SMD_Line_B,Mounter_01,FD_13,NZ_03,CHIP_0603,-13.33,-8.27,0.39,137.55,101.26,-75.2,3.34,246.1,4.55,A,Normal,0
PCB_03125,LOT_20260307,SMD_Line_B,Mounter_01,FD_23,NZ_03,IC_QFP_48,-44.26,16.14,-0.464,118.7,95.93,-72.59,2.4,250.6,4.57,F,Mount_Shift,1
PCB_03126,LOT_20260307,SMD_Line_B,Mounter_02,FD_14,NZ_01,CHIP_0603,18.08,-8.37,-0.011,140.05,83.1,,3.15,241.1,4.28,A,Normal,0
PCB_03127,LOT_20260307,SMD_Line_B,Mounter_03,FD_21,NZ_01,CAP_3216,-0.26,13.91,-0.458,120.35,85.15,-77.16,2.6,246.0,4.55,A,Normal,0
PCB_03128,LOT_20260307,SMD_Line_A,Mounter_02,FD_10,NZ_02,IC_QFP_48,-15.72,-2.97,-0.386,145.81,113.4,-71.33,3.43,240.4,3.78,A,Normal,0
PCB_03129,LOT_20260307,SMD_Line_C,Mounter_01,FD_24,NZ_04,IC_QFP_48,11.51,18.59,-0.271,115.03,90.11,-66.46,3.67,235.8,4.53,A,Normal,0
PCB_03130,LOT_20260307,SMD_Line_C,Mounter_04,FD_11,NZ_01,CHIP_0603,-2.6,2.16,0.238,118.11,109.65,-70.48,3.87,243.0,4.66,A,Normal,0
PCB_03131,LOT_20260307,SMD_Line_C,Mounter_04,FD_13,NZ_07,IC_QFP_48,-12.94,1.9,0.905,118.53,,-70.27,3.15,242.7,4.2,A,Normal,0
PCB_03132,LOT_20260307,SMD_Line_C,Mounter_02,FD_12,NZ_08,CHIP_0603,4.62,-8.9,-0.186,134.65,105.46,-70.58,2.65,246.4,4.28,A,Normal,0
PCB_03133,LOT_20260307,SMD_Line_C,Mounter_04,FD_09,NZ_05,BGA_256,0.64,25.57,0.378,129.22,104.69,-77.6,2.48,249.9,3.18,A,Normal,0
PCB_03134,LOT_20260307,SMD_Line_B,Mounter_01,FD_04,NZ_04,CHIP_0603,-7.66,11.69,0.359,131.72,86.01,-77.29,3.6,245.5,4.89,F,Tombstone,1
PCB_03135,LOT_20260307,SMD_Line_A,Mounter_01,FD_07,NZ_07,IC_QFP_48,-9.62,6.04,-0.958,128.23,83.81,-69.91,3.78,242.3,4.37,B,Normal,0
PCB_03136,LOT_20260307,SMD_Line_B,Mounter_02,FD_24,NZ_08,CHIP_0603,-12.83,2.83,-0.623,129.2,92.1,-69.51,3.53,241.5,4.49,A,Normal,0
PCB_03137,LOT_20260307,SMD_Line_B,Mounter_01,FD_22,NZ_01,CHIP_0603,9.19,-7.8,0.921,122.77,119.83,-68.34,2.69,249.9,4.36,B,Normal,0
PCB_03138,LOT_20260307,SMD_Line_B,Mounter_03,FD_02,NZ_05,CHIP_1005,-15.6,7.94,-0.228,107.33,116.5,-67.27,2.81,247.9,4.43,A,Normal,0
PCB_03139,LOT_20260307,SMD_Line_B,Mounter_01,FD_07,NZ_07,CHIP_0603,-9.97,-0.79,0.204,109.07,100.45,-73.81,2.86,241.3,4.39,A,Normal,0
PCB_03140,LOT_20260307,SMD_Line_A,Mounter_02,FD_09,NZ_06,IC_QFP_48,1.26,0.68,0.152,117.98,115.53,-68.6,2.3,239.3,4.94,A,Normal,0
PCB_03141,LOT_20260307,SMD_Line_A,Mounter_03,FD_05,NZ_02,CHIP_0603,18.24,10.51,-0.958,125.17,88.78,-68.65,3.5,241.3,5.44,B,Normal,0
PCB_03142,LOT_20260307,SMD_Line_C,Mounter_03,FD_15,NZ_08,CHIP_0603,1.66,3.36,-0.307,151.97,95.57,-66.62,3.11,249.2,4.74,A,Normal,0
PCB_03143,LOT_20260307,SMD_Line_B,Mounter_04,FD_18,NZ_05,CHIP_1005,7.35,0.21,0.327,114.71,119.05,-66.39,4.06,241.0,4.82,A,Normal,0
PCB_03144,LOT_20260307,SMD_Line_B,Mounter_01,FD_04,NZ_01,CHIP_0603,1.28,16.94,-0.422,113.61,125.23,-73.36,2.62,246.9,3.97,B,Normal,0
PCB_03145,LOT_20260307,SMD_Line_A,Mounter_02,FD_19,NZ_03,CHIP_1005,11.33,-9.66,-0.17,102.69,109.26,-72.28,3.11,252.1,4.09,A,Normal,0
PCB_03146,LOT_20260307,SMD_Line_A,Mounter_04,FD_20,NZ_07,BGA_256,24.22,-19.53,-0.542,137.52,80.93,-71.27,2.45,241.7,4.38,B,Normal,0
PCB_03147,LOT_20260307,SMD_Line_C,Mounter_04,FD_07,NZ_01,CHIP_0603,-5.47,-9.39,-0.378,126.8,116.19,-74.89,2.97,243.4,4.47,A,Normal,0
PCB_03148,LOT_20260307,SMD_Line_B,Mounter_01,FD_08,NZ_03,CHIP_0603,0.18,1.79,-0.237,110.59,96.79,-68.12,3.67,244.9,4.39,A,Normal,0
PCB_03149,LOT_20260307,SMD_Line_C,Mounter_01,FD_17,NZ_02,CHIP_0603,2.17,8.2,-0.837,129.57,108.67,-72.74,3.23,238.3,3.72,A,Normal,0
PCB_03150,LOT_20260307,SMD_Line_B,Mounter_02,FD_13,NZ_02,CHIP_1005,6.62,-8.78,0.527,121.25,101.19,-67.91,2.62,242.0,3.99,A,Normal,0
PCB_03151,LOT_20260307,SMD_Line_B,Mounter_04,FD_24,NZ_04,CHIP_1005,1.66,43.51,-0.625,149.43,112.08,-66.7,2.3,245.7,4.02,F,Mount_Shift,1
PCB_03152,LOT_20260307,SMD_Line_A,Mounter_02,FD_21,NZ_07,CHIP_1005,-6.8,2.15,-0.078,119.94,100.56,-72.99,3.0,240.9,4.43,A,Normal,0
PCB_03153,LOT_20260307,SMD_Line_B,Mounter_04,FD_23,NZ_04,IC_QFP_48,-0.09,1.79,-0.335,155.47,132.75,-78.11,3.32,254.0,4.04,F,Solder_Bridge,1
PCB_03154,LOT_20260307,SMD_Line_B,Mounter_04,FD_11,NZ_03,CHIP_0603,30.4,-15.22,0.485,132.58,111.58,,3.69,242.9,4.1,F,Tombstone,1
PCB_03155,LOT_20260307,SMD_Line_B,Mounter_04,FD_01,NZ_03,CHIP_1005,3.92,-17.03,-0.555,124.08,84.9,-67.32,2.75,244.3,4.07,A,Normal,0
PCB_03156,LOT_20260307,SMD_Line_B,Mounter_01,FD_02,NZ_02,CHIP_1005,-23.88,-21.04,-0.352,126.15,79.86,-67.37,2.74,242.6,4.51,F,Tombstone,1
PCB_03157,LOT_20260307,SMD_Line_C,Mounter_04,FD_17,NZ_05,CHIP_1005,-4.94,16.18,-0.602,134.4,80.01,-72.35,4.47,244.0,4.8,B,Normal,0
PCB_03158,LOT_20260307,SMD_Line_A,Mounter_04,FD_05,NZ_03,CAP_3216,0.17,14.31,-1.084,125.98,107.14,-71.57,3.19,242.0,3.8,B,Normal,0
PCB_03159,LOT_20260307,SMD_Line_C,Mounter_04,FD_06,NZ_03,CHIP_1005,-1.76,-0.02,0.229,116.12,111.55,-72.53,3.77,236.3,4.58,F,Tombstone,1
PCB_03160,LOT_20260307,SMD_Line_A,Mounter_03,FD_24,NZ_07,CAP_3216,-0.86,-14.34,0.015,139.46,68.65,-74.08,2.44,243.5,3.75,B,Normal,0
PCB_03161,LOT_20260307,SMD_Line_B,Mounter_01,FD_07,NZ_05,CHIP_0603,3.58,-3.27,0.099,144.87,114.65,-78.0,3.39,252.6,4.53,A,Normal,0
PCB_03162,LOT_20260307,SMD_Line_A,Mounter_03,FD_21,NZ_04,CHIP_0603,6.36,16.77,0.365,145.41,,-70.18,3.64,251.8,3.57,A,Normal,0
PCB_03163,LOT_20260307,SMD_Line_A,Mounter_01,FD_15,NZ_04,CHIP_0603,3.24,-5.95,0.049,127.6,119.41,,3.23,240.6,4.89,A,Normal,0
PCB_03164,LOT_20260307,SMD_Line_B,Mounter_02,FD_19,NZ_03,CHIP_1005,11.88,-10.64,-0.2,146.38,88.38,-71.25,2.16,238.3,4.06,A,Normal,0
PCB_03165,LOT_20260307,SMD_Line_A,Mounter_03,FD_16,NZ_07,CHIP_0603,-18.69,-4.5,0.117,134.73,103.49,-69.63,2.66,236.4,4.31,A,Normal,0
PCB_03166,LOT_20260307,SMD_Line_B,Mounter_02,FD_13,NZ_04,CHIP_0603,-3.16,-3.46,-0.228,125.61,103.4,-68.84,3.42,240.9,4.26,A,Normal,0
PCB_03167,LOT_20260307,SMD_Line_C,Mounter_04,FD_05,NZ_04,CHIP_1005,5.43,8.71,0.501,121.58,90.72,-74.41,2.24,242.7,4.88,A,Normal,0
PCB_03168,LOT_20260307,SMD_Line_A,Mounter_02,FD_03,NZ_06,CHIP_0603,3.2,-26.05,-0.163,143.81,,-75.42,4.72,246.7,3.87,F,Tombstone,1
PCB_03169,LOT_20260307,SMD_Line_C,Mounter_02,FD_03,NZ_07,CHIP_0603,-8.15,2.0,-0.054,104.76,111.18,-69.94,3.88,243.3,4.17,A,Normal,0
PCB_03170,LOT_20260307,SMD_Line_B,Mounter_02,FD_19,NZ_04,CHIP_0603,-6.65,-8.22,0.286,150.83,102.75,-69.69,2.3,248.7,4.28,A,Normal,0
PCB_03171,LOT_20260307,SMD_Line_B,Mounter_02,FD_14,NZ_02,BGA_256,-10.52,-6.32,1.051,131.89,104.73,-73.97,3.36,247.5,4.69,A,Normal,0
PCB_03172,LOT_20260307,SMD_Line_A,Mounter_01,FD_16,NZ_01,CHIP_0603,12.21,8.9,-0.46,121.04,116.35,-68.52,3.25,246.5,3.82,A,Normal,0
PCB_03173,LOT_20260307,SMD_Line_A,Mounter_03,FD_22,NZ_03,IC_QFP_48,-23.15,-15.36,-0.548,119.28,99.52,-72.13,3.85,244.5,3.13,B,Normal,0
PCB_03174,LOT_20260307,SMD_Line_A,Mounter_01,FD_17,NZ_08,CHIP_1005,-16.02,2.12,-0.11,123.35,103.78,-74.6,1.7,249.1,3.63,A,Normal,0
PCB_03175,LOT_20260307,SMD_Line_A,Mounter_01,FD_04,NZ_03,CHIP_1005,5.23,5.68,-0.337,140.59,104.23,-75.44,3.3,247.7,4.56,A,Normal,0
PCB_03176,LOT_20260307,SMD_Line_A,Mounter_01,FD_13,NZ_02,CHIP_0603,6.79,6.84,0.315,134.67,104.55,-70.29,2.48,238.9,4.24,A,Normal,0
PCB_03177,LOT_20260307,SMD_Line_B,Mounter_02,FD_08,NZ_08,CHIP_1005,-19.81,8.34,0.089,123.12,83.09,-71.16,3.46,247.2,4.17,A,Normal,0
PCB_03178,LOT_20260307,SMD_Line_C,Mounter_01,FD_19,NZ_01,CHIP_1005,7.83,6.75,-0.504,121.89,99.76,,2.55,242.6,3.78,A,Normal,0
PCB_03179,LOT_20260307,SMD_Line_C,Mounter_03,FD_05,NZ_01,CHIP_1005,2.26,8.49,0.337,134.71,113.9,-75.87,4.02,248.9,4.23,A,Normal,0
PCB_03180,LOT_20260307,SMD_Line_B,Mounter_01,FD_02,NZ_02,CHIP_0603,6.45,-10.39,0.831,171.15,98.46,-79.79,3.39,247.8,4.45,A,Normal,0
PCB_03181,LOT_20260307,SMD_Line_A,Mounter_04,FD_15,NZ_05,CHIP_0603,0.91,16.11,-0.36,171.0,94.33,-69.86,2.12,252.2,4.14,A,Normal,0
PCB_03182,LOT_20260307,SMD_Line_A,Mounter_02,FD_02,NZ_05,BGA_256,5.32,-13.98,0.146,145.77,111.62,-67.8,1.67,236.6,4.85,A,Normal,0
PCB_03183,LOT_20260307,SMD_Line_A,Mounter_04,FD_11,NZ_01,CHIP_1005,5.75,4.37,-0.988,118.38,100.16,-77.67,3.5,246.3,4.62,A,Normal,0
PCB_03184,LOT_20260307,SMD_Line_A,Mounter_03,FD_13,NZ_05,CHIP_1005,5.9,-8.03,-0.166,141.31,92.44,-73.47,2.78,242.3,4.13,A,Normal,0
PCB_03185,LOT_20260307,SMD_Line_B,Mounter_03,FD_23,NZ_05,CHIP_1005,3.05,-20.27,0.139,118.84,,,3.54,253.9,4.55,A,Normal,0
PCB_03186,LOT_20260307,SMD_Line_B,Mounter_03,FD_10,NZ_05,BGA_256,-1.07,-6.73,-0.064,126.57,99.35,-70.03,2.8,232.3,4.23,A,Normal,0
PCB_03187,LOT_20260307,SMD_Line_A,Mounter_03,FD_03,NZ_01,CHIP_1005,-1.0,-1.4,0.051,150.48,92.06,-67.42,3.92,246.8,4.35,A,Normal,0
PCB_03188,LOT_20260307,SMD_Line_A,Mounter_01,FD_05,NZ_08,CHIP_1005,2.88,16.37,-0.35,126.34,110.82,-66.3,3.81,247.3,4.08,A,Normal,0
PCB_03189,LOT_20260307,SMD_Line_C,Mounter_02,FD_03,NZ_05,CAP_3216,10.32,21.47,0.567,125.76,90.87,,3.46,236.0,4.29,A,Normal,0
PCB_03190,LOT_20260307,SMD_Line_C,Mounter_03,FD_06,NZ_08,IC_QFP_48,24.56,-1.53,-0.185,122.41,103.34,-63.81,2.66,247.2,3.46,A,Normal,0
PCB_03191,LOT_20260307,SMD_Line_A,Mounter_04,FD_13,NZ_03,CHIP_0603,6.61,-16.39,-0.553,117.74,105.04,-78.08,2.85,236.5,3.8,A,Normal,0
PCB_03192,LOT_20260307,SMD_Line_C,Mounter_03,FD_10,NZ_06,CHIP_0603,4.72,-15.41,-0.017,126.07,107.6,-70.22,3.04,242.0,4.79,A,Normal,0
PCB_03193,LOT_20260307,SMD_Line_C,Mounter_02,FD_19,NZ_01,IC_QFP_48,15.19,9.11,0.415,141.11,118.84,,2.57,246.7,4.04,B,Normal,0
PCB_03194,LOT_20260307,SMD_Line_A,Mounter_04,FD_08,NZ_02,BGA_256,4.96,8.36,0.25,140.15,83.77,,3.6,240.9,3.67,A,Normal,0
PCB_03195,LOT_20260307,SMD_Line_A,Mounter_04,FD_18,NZ_05,CHIP_1005,-13.25,-7.17,-0.233,134.41,,-74.6,3.0,245.3,5.03,A,Normal,0
PCB_03196,LOT_20260307,SMD_Line_B,Mounter_04,FD_03,NZ_04,CHIP_1005,-9.17,-13.86,0.798,147.65,107.48,-74.15,3.09,245.0,4.05,A,Normal,0
PCB_03197,LOT_20260307,SMD_Line_C,Mounter_01,FD_24,NZ_01,CHIP_1005,22.86,11.71,-0.034,104.13,86.96,-77.06,2.89,247.2,4.47,B,Normal,0
PCB_03198,LOT_20260307,SMD_Line_C,Mounter_03,FD_24,NZ_07,CHIP_1005,-8.92,-14.49,-0.771,130.79,103.13,-76.95,3.19,240.5,3.94,A,Normal,0
PCB_03199,LOT_20260307,SMD_Line_A,Mounter_01,FD_17,NZ_02,IC_QFP_48,7.13,-5.24,0.267,119.37,94.97,-73.12,3.31,248.9,4.66,A,Normal,0
PCB_03200,LOT_20260307,SMD_Line_A,Mounter_04,FD_08,NZ_06,CHIP_0603,-12.36,5.59,-0.062,159.77,116.82,-73.7,2.87,232.9,4.2,A,Normal,0
PCB_03201,LOT_20260307,SMD_Line_B,Mounter_01,FD_10,NZ_03,CAP_3216,16.05,-23.61,-0.033,126.16,93.18,-74.3,3.06,251.4,3.36,A,Normal,0
PCB_03202,LOT_20260307,SMD_Line_B,Mounter_01,FD_02,NZ_08,IC_QFP_48,-5.75,11.25,0.4,141.12,97.42,-69.09,2.92,243.9,5.24,A,Normal,0
PCB_03203,LOT_20260307,SMD_Line_A,Mounter_01,FD_12,NZ_08,CHIP_1005,1.03,28.09,-0.117,144.96,95.44,-74.63,2.92,244.3,3.91,A,Normal,0
PCB_03204,LOT_20260307,SMD_Line_C,Mounter_03,FD_23,NZ_07,CHIP_0603,-2.85,1.34,-0.131,124.4,89.94,-71.06,3.21,246.3,4.04,A,Normal,0
PCB_03205,LOT_20260307,SMD_Line_B,Mounter_04,FD_06,NZ_02,CHIP_0603,6.31,-0.41,-0.564,143.94,81.41,-72.0,1.67,245.8,3.6,F,Tombstone,1
PCB_03206,LOT_20260307,SMD_Line_C,Mounter_04,FD_02,NZ_05,CHIP_1005,2.14,0.52,-0.238,145.63,90.01,-73.1,4.04,245.0,3.3,A,Normal,0
PCB_03207,LOT_20260307,SMD_Line_C,Mounter_03,FD_21,NZ_04,IC_QFP_48,11.37,2.65,0.11,141.85,101.73,-76.79,3.66,250.2,4.75,A,Normal,0
PCB_03208,LOT_20260307,SMD_Line_B,Mounter_01,FD_23,NZ_05,CHIP_1005,8.19,-8.61,-0.265,122.17,103.39,-72.6,3.3,238.6,4.3,A,Normal,0
PCB_03209,LOT_20260307,SMD_Line_B,Mounter_01,FD_24,NZ_02,CHIP_1005,3.52,-13.27,-0.751,108.54,109.75,-74.25,3.7,241.0,3.23,A,Normal,0
PCB_03210,LOT_20260307,SMD_Line_B,Mounter_02,FD_03,NZ_01,CHIP_1005,8.14,-4.17,0.293,162.08,112.6,-68.63,2.39,246.8,4.01,A,Normal,0
PCB_03211,LOT_20260307,SMD_Line_A,Mounter_02,FD_17,NZ_07,BGA_256,8.75,1.81,0.312,125.64,104.81,-69.77,2.15,243.5,4.39,A,Normal,0
PCB_03212,LOT_20260307,SMD_Line_B,Mounter_02,FD_07,NZ_04,CHIP_0603,-4.97,-11.78,0.315,145.07,,-74.06,2.07,250.4,4.5,A,Normal,0
PCB_03213,LOT_20260307,SMD_Line_A,Mounter_03,FD_21,NZ_08,CHIP_1005,-5.92,-15.89,-0.416,123.03,106.29,-75.13,3.46,254.4,3.76,A,Normal,0
PCB_03214,LOT_20260307,SMD_Line_B,Mounter_04,FD_05,NZ_07,IC_QFP_48,19.4,-5.2,-0.009,161.47,86.78,-75.13,3.28,245.0,3.94,A,Normal,0
PCB_03215,LOT_20260307,SMD_Line_A,Mounter_02,FD_23,NZ_07,CHIP_1005,8.83,-15.73,0.108,122.53,104.58,-72.86,3.42,237.8,3.86,A,Normal,0
PCB_03216,LOT_20260307,SMD_Line_A,Mounter_04,FD_01,NZ_04,IC_QFP_48,5.05,7.93,0.268,131.51,100.14,-68.33,3.76,241.3,4.01,A,Normal,0
PCB_03217,LOT_20260307,SMD_Line_A,Mounter_04,FD_08,NZ_08,CHIP_1005,-10.02,-40.61,0.278,164.83,93.22,-67.87,1.78,236.4,4.31,F,Mount_Shift,1
PCB_03218,LOT_20260307,SMD_Line_A,Mounter_04,FD_12,NZ_08,CAP_3216,-22.35,-13.78,-0.636,106.03,100.15,-81.33,2.48,247.6,4.61,B,Normal,0
PCB_03219,LOT_20260307,SMD_Line_B,Mounter_03,FD_14,NZ_02,CHIP_0603,-3.66,16.68,0.775,148.09,104.29,-66.69,2.81,241.0,4.32,A,Normal,0
PCB_03220,LOT_20260307,SMD_Line_B,Mounter_03,FD_16,NZ_06,CHIP_1005,-5.66,-2.62,-0.544,129.62,97.58,-72.41,3.6,244.3,4.33,F,Tombstone,1
PCB_03221,LOT_20260307,SMD_Line_B,Mounter_03,FD_10,NZ_06,CHIP_0603,-3.88,2.17,-0.734,140.61,111.9,-76.81,3.29,243.8,4.1,A,Normal,0
PCB_03222,LOT_20260307,SMD_Line_A,Mounter_03,FD_15,NZ_05,CHIP_0603,10.66,-1.52,-1.32,124.78,104.09,-72.18,4.78,249.7,3.61,B,Normal,0
PCB_03223,LOT_20260307,SMD_Line_A,Mounter_02,FD_21,NZ_02,CHIP_1005,19.09,-7.4,0.314,154.54,110.49,-74.89,2.54,245.2,4.13,A,Normal,0
PCB_03224,LOT_20260307,SMD_Line_A,Mounter_01,FD_24,NZ_04,CHIP_0603,13.87,12.92,0.652,117.82,115.08,-66.22,3.51,243.9,3.99,B,Normal,0
PCB_03225,LOT_20260307,SMD_Line_A,Mounter_01,FD_15,NZ_02,CAP_3216,-7.57,-6.75,-0.285,130.56,95.25,-74.03,3.77,241.1,3.86,A,Normal,0
PCB_03226,LOT_20260307,SMD_Line_C,Mounter_01,FD_10,NZ_04,CAP_3216,6.73,-9.78,-0.796,144.03,94.66,-75.35,4.08,247.5,4.21,A,Normal,0
PCB_03227,LOT_20260307,SMD_Line_A,Mounter_02,FD_21,NZ_07,CHIP_0603,-6.09,7.75,0.394,117.69,113.88,-64.65,3.08,240.4,3.42,A,Normal,0
PCB_03228,LOT_20260307,SMD_Line_A,Mounter_01,FD_07,NZ_05,CHIP_1005,-23.01,-22.78,-0.584,131.91,90.77,-70.6,2.42,239.7,3.97,F,Tombstone,1
PCB_03229,LOT_20260307,SMD_Line_A,Mounter_02,FD_03,NZ_01,CHIP_1005,-0.96,-3.37,0.279,114.62,98.82,-73.79,3.59,242.5,3.86,A,Normal,0
PCB_03230,LOT_20260307,SMD_Line_A,Mounter_02,FD_02,NZ_07,BGA_256,15.76,-6.12,-0.416,123.97,94.15,-65.51,3.38,253.8,3.78,A,Normal,0
PCB_03231,LOT_20260307,SMD_Line_B,Mounter_02,FD_06,NZ_08,CHIP_1005,-4.18,-3.59,-0.198,169.37,88.11,-67.42,3.55,244.6,4.49,A,Normal,0
PCB_03232,LOT_20260307,SMD_Line_B,Mounter_01,FD_21,NZ_01,CHIP_0603,10.42,-5.76,0.144,150.12,105.98,-74.15,4.01,244.8,4.26,A,Normal,0
PCB_03233,LOT_20260307,SMD_Line_A,Mounter_04,FD_09,NZ_02,IC_QFP_48,-8.32,4.43,0.147,139.99,96.79,-74.82,3.06,246.3,4.43,A,Normal,0
PCB_03234,LOT_20260307,SMD_Line_A,Mounter_01,FD_10,NZ_04,IC_QFP_48,8.61,12.98,0.048,135.54,88.87,-71.65,2.58,246.0,4.41,A,Normal,0
PCB_03235,LOT_20260307,SMD_Line_A,Mounter_01,FD_04,NZ_01,CHIP_1005,-3.04,5.42,0.662,106.51,111.1,-72.57,3.54,244.1,3.71,A,Normal,0
PCB_03236,LOT_20260307,SMD_Line_A,Mounter_03,FD_03,NZ_07,CAP_3216,19.04,-3.98,0.771,127.2,84.11,-74.49,3.38,240.9,4.75,B,Normal,0
PCB_03237,LOT_20260307,SMD_Line_A,Mounter_02,FD_09,NZ_04,CAP_3216,-3.92,7.45,0.807,143.83,98.23,-72.07,3.01,243.2,3.96,A,Normal,0
PCB_03238,LOT_20260307,SMD_Line_C,Mounter_04,FD_24,NZ_05,CHIP_1005,-6.78,8.83,-0.079,123.37,110.68,-65.88,2.59,244.1,4.76,A,Normal,0
PCB_03239,LOT_20260307,SMD_Line_B,Mounter_03,FD_22,NZ_07,CHIP_1005,18.39,4.26,0.048,135.41,110.98,-68.34,3.41,239.1,4.01,A,Normal,0
PCB_03240,LOT_20260307,SMD_Line_B,Mounter_04,FD_17,NZ_08,CAP_3216,-7.21,12.37,0.62,114.95,105.13,-70.64,3.71,244.1,3.56,A,Normal,0
PCB_03241,LOT_20260307,SMD_Line_B,Mounter_04,FD_14,NZ_02,CHIP_0603,2.66,-27.7,-0.293,113.68,89.44,-73.19,2.25,245.8,3.68,F,Tombstone,1
PCB_03242,LOT_20260307,SMD_Line_B,Mounter_02,FD_10,NZ_04,CHIP_0603,-7.12,0.32,-0.193,164.22,101.93,-72.45,3.23,242.7,4.67,A,Normal,0
PCB_03243,LOT_20260307,SMD_Line_B,Mounter_01,FD_13,NZ_02,CHIP_0603,11.55,3.63,0.009,161.94,104.27,,3.55,250.2,4.47,A,Normal,0
PCB_03244,LOT_20260307,SMD_Line_B,Mounter_02,FD_12,NZ_04,BGA_256,16.21,-17.48,-0.009,128.72,94.7,-69.89,4.28,246.2,3.83,A,Normal,0
PCB_03245,LOT_20260307,SMD_Line_B,Mounter_02,FD_01,NZ_07,IC_QFP_48,-8.43,2.61,-0.129,118.33,104.52,-71.77,3.24,241.8,4.31,A,Normal,0
PCB_03246,LOT_20260307,SMD_Line_A,Mounter_03,FD_22,NZ_06,CHIP_0603,6.83,10.8,-0.421,115.87,82.27,-68.2,4.13,243.3,4.69,A,Normal,0
PCB_03247,LOT_20260307,SMD_Line_B,Mounter_02,FD_19,NZ_06,CAP_3216,7.99,-2.64,0.384,136.02,78.96,-76.08,3.7,250.2,5.01,A,Normal,0
PCB_03248,LOT_20260307,SMD_Line_B,Mounter_01,FD_19,NZ_04,IC_QFP_48,1.58,7.75,-0.174,159.02,,-68.56,3.72,242.4,4.28,A,Normal,0
PCB_03249,LOT_20260307,SMD_Line_C,Mounter_04,FD_06,NZ_05,BGA_256,19.07,12.07,0.07,119.52,108.32,-69.83,2.72,241.6,4.36,A,Normal,0
PCB_03250,LOT_20260307,SMD_Line_B,Mounter_02,FD_13,NZ_02,CHIP_0603,18.98,15.84,-0.003,132.99,110.32,-76.99,4.69,241.4,4.12,A,Normal,0
PCB_03251,LOT_20260307,SMD_Line_B,Mounter_04,FD_19,NZ_08,CHIP_1005,-10.66,13.71,0.304,132.23,84.65,-74.3,3.24,245.3,4.21,A,Normal,0
PCB_03252,LOT_20260307,SMD_Line_A,Mounter_02,FD_13,NZ_03,IC_QFP_48,15.11,16.11,0.205,154.99,117.61,-66.76,3.32,245.9,4.49,B,Normal,0
PCB_03253,LOT_20260307,SMD_Line_B,Mounter_04,FD_22,NZ_04,CHIP_1005,6.33,-5.89,-0.115,134.21,101.08,-70.16,3.21,247.9,3.66,A,Normal,0
PCB_03254,LOT_20260307,SMD_Line_A,Mounter_02,FD_21,NZ_04,IC_QFP_48,3.05,-4.6,-0.187,109.06,81.42,-72.4,3.94,241.9,4.53,A,Normal,0
PCB_03255,LOT_20260307,SMD_Line_A,Mounter_03,FD_04,NZ_06,BGA_256,-2.9,-29.19,-0.05,141.29,103.64,-70.85,4.38,251.4,4.01,A,Normal,0
PCB_03256,LOT_20260307,SMD_Line_A,Mounter_04,FD_24,NZ_01,CHIP_1005,-18.53,-12.57,-0.499,132.56,115.27,-71.96,3.6,247.1,3.83,B,Normal,0
PCB_03257,LOT_20260307,SMD_Line_B,Mounter_02,FD_02,NZ_07,BGA_256,3.54,14.38,-0.362,116.99,94.18,-70.74,2.97,243.3,3.83,A,Normal,0
PCB_03258,LOT_20260307,SMD_Line_A,Mounter_02,FD_15,NZ_06,CHIP_0603,3.85,-7.14,0.239,145.9,111.73,-68.72,4.22,248.5,5.15,A,Normal,0
PCB_03259,LOT_20260307,SMD_Line_A,Mounter_03,FD_12,NZ_02,CHIP_0603,24.93,4.69,0.135,125.31,117.31,-65.66,2.44,253.0,4.85,B,Normal,0
PCB_03260,LOT_20260307,SMD_Line_C,Mounter_03,FD_07,NZ_06,CHIP_0603,-8.43,2.84,-0.435,135.0,100.49,-75.42,2.78,247.0,3.77,A,Normal,0
PCB_03261,LOT_20260307,SMD_Line_A,Mounter_03,FD_20,NZ_03,CHIP_1005,-20.09,14.64,-0.054,132.17,91.06,-67.92,2.37,252.4,4.34,A,Normal,0
PCB_03262,LOT_20260307,SMD_Line_B,Mounter_04,FD_18,NZ_05,CHIP_1005,-14.74,-23.84,-0.703,125.52,114.04,-73.3,2.98,240.8,4.31,B,Normal,0
PCB_03263,LOT_20260307,SMD_Line_B,Mounter_04,FD_23,NZ_07,BGA_256,19.89,4.16,0.061,117.83,114.0,-76.3,3.8,236.9,5.07,A,Normal,0
PCB_03264,LOT_20260307,SMD_Line_A,Mounter_03,FD_13,NZ_03,IC_QFP_48,-5.6,3.97,-0.151,138.39,84.9,-67.42,3.07,247.2,3.98,A,Normal,0
PCB_03265,LOT_20260307,SMD_Line_C,Mounter_01,FD_17,NZ_05,CHIP_1005,17.05,-10.12,0.943,111.7,98.78,-74.42,3.24,249.8,3.09,B,Normal,0
PCB_03266,LOT_20260307,SMD_Line_A,Mounter_01,FD_04,NZ_03,IC_QFP_48,0.08,11.33,0.264,143.93,108.65,-68.51,3.42,239.4,4.14,A,Normal,0
PCB_03267,LOT_20260307,SMD_Line_B,Mounter_02,FD_14,NZ_08,CHIP_0603,-12.18,-16.51,-0.429,117.19,109.31,-68.22,3.06,250.2,4.06,A,Normal,0
PCB_03268,LOT_20260307,SMD_Line_B,Mounter_01,FD_20,NZ_07,CHIP_0603,25.02,12.56,-0.435,112.53,96.53,-65.2,2.53,243.2,4.43,B,Normal,0
PCB_03269,LOT_20260307,SMD_Line_B,Mounter_02,FD_13,NZ_06,CHIP_1005,16.47,-25.44,0.287,151.04,88.5,-67.68,2.21,247.6,4.63,B,Normal,0
PCB_03270,LOT_20260307,SMD_Line_B,Mounter_04,FD_03,NZ_03,CHIP_1005,-2.24,-10.68,0.396,131.41,118.85,-67.44,3.98,246.1,4.77,A,Normal,0
PCB_03271,LOT_20260307,SMD_Line_A,Mounter_04,FD_18,NZ_06,IC_QFP_48,12.46,-1.65,0.836,101.44,,-67.87,2.82,247.0,4.76,A,Normal,0
PCB_03272,LOT_20260307,SMD_Line_A,Mounter_01,FD_14,NZ_07,CHIP_1005,1.54,2.57,0.52,129.81,97.86,-71.21,2.79,247.4,4.52,A,Normal,0
PCB_03273,LOT_20260307,SMD_Line_B,Mounter_04,FD_15,NZ_06,IC_QFP_48,5.47,-22.04,0.215,139.17,,,2.3,244.6,4.73,A,Normal,0
PCB_03274,LOT_20260307,SMD_Line_B,Mounter_03,FD_03,NZ_02,IC_QFP_48,22.03,12.31,0.64,139.58,97.58,-72.92,3.12,243.2,3.52,B,Normal,0
PCB_03275,LOT_20260307,SMD_Line_C,Mounter_03,FD_01,NZ_06,CAP_3216,-19.0,8.89,0.034,118.39,81.1,-74.18,3.53,246.4,4.07,B,Normal,0
PCB_03276,LOT_20260307,SMD_Line_C,Mounter_01,FD_24,NZ_01,CHIP_0603,-4.48,22.46,0.014,120.52,111.99,-69.92,2.98,243.8,4.2,F,Tombstone,1
PCB_03277,LOT_20260307,SMD_Line_C,Mounter_01,FD_17,NZ_03,CHIP_1005,0.37,8.28,-0.546,132.45,96.75,-67.66,3.41,242.1,4.43,A,Normal,0
PCB_03278,LOT_20260307,SMD_Line_B,Mounter_02,FD_03,NZ_07,CHIP_1005,4.18,-8.69,0.679,145.58,,-72.6,2.01,246.3,3.89,A,Normal,0
PCB_03279,LOT_20260307,SMD_Line_A,Mounter_04,FD_14,NZ_04,CAP_3216,-15.61,-12.64,0.06,110.27,,-73.38,3.3,242.5,3.86,A,Normal,0
PCB_03280,LOT_20260307,SMD_Line_C,Mounter_02,FD_03,NZ_04,CHIP_0603,11.46,-4.96,-0.044,111.13,111.49,-77.03,2.95,244.2,4.02,A,Normal,0
PCB_03281,LOT_20260307,SMD_Line_B,Mounter_02,FD_13,NZ_04,CHIP_1005,-14.42,25.73,-0.357,150.56,98.29,-74.88,2.34,242.8,4.42,B,Normal,0
PCB_03282,LOT_20260307,SMD_Line_A,Mounter_03,FD_15,NZ_07,CHIP_0603,-15.62,0.56,0.551,148.26,90.53,-74.44,2.23,251.6,2.52,A,Normal,0
PCB_03283,LOT_20260307,SMD_Line_C,Mounter_03,FD_18,NZ_01,CHIP_1005,-3.13,1.06,0.444,115.86,,-67.71,2.68,245.4,4.19,A,Normal,0
PCB_03284,LOT_20260307,SMD_Line_C,Mounter_03,FD_14,NZ_06,CHIP_0603,23.69,16.28,-0.406,124.19,96.42,-73.42,2.47,238.3,3.84,B,Normal,0
PCB_03285,LOT_20260307,SMD_Line_B,Mounter_03,FD_21,NZ_03,CHIP_0603,31.77,-13.74,0.23,161.62,101.33,-70.32,3.41,250.2,3.77,B,Normal,0
PCB_03286,LOT_20260307,SMD_Line_A,Mounter_02,FD_03,NZ_05,CHIP_1005,6.11,6.36,0.358,143.2,103.83,-77.25,3.46,237.4,4.37,A,Normal,0
PCB_03287,LOT_20260307,SMD_Line_A,Mounter_03,FD_19,NZ_05,CHIP_0603,-2.98,6.09,-0.561,129.26,90.2,-67.45,3.3,254.0,4.27,A,Normal,0
PCB_03288,LOT_20260307,SMD_Line_C,Mounter_04,FD_08,NZ_07,CHIP_0603,1.95,11.3,0.289,147.14,93.09,-71.18,3.43,245.2,4.3,A,Normal,0
PCB_03289,LOT_20260307,SMD_Line_C,Mounter_03,FD_04,NZ_02,CHIP_0603,4.19,10.06,0.198,122.76,,-76.73,2.26,242.4,4.28,A,Normal,0
PCB_03290,LOT_20260307,SMD_Line_A,Mounter_03,FD_04,NZ_01,CHIP_0603,18.33,-0.69,0.28,132.37,91.54,,3.5,243.5,4.9,A,Normal,0
PCB_03291,LOT_20260307,SMD_Line_A,Mounter_03,FD_19,NZ_03,CAP_3216,-15.23,-16.32,0.894,125.35,92.46,-74.71,3.6,238.3,4.79,B,Normal,0
PCB_03292,LOT_20260307,SMD_Line_C,Mounter_01,FD_11,NZ_06,CHIP_1005,14.93,-6.67,1.333,140.61,96.52,-71.19,3.36,244.6,3.5,B,Normal,0
PCB_03293,LOT_20260307,SMD_Line_A,Mounter_04,FD_01,NZ_04,BGA_256,-17.83,9.94,0.556,140.53,92.71,-73.25,3.14,243.1,3.96,F,Tombstone,1
PCB_03294,LOT_20260307,SMD_Line_B,Mounter_04,FD_08,NZ_01,CHIP_1005,-6.01,21.88,0.117,133.35,101.92,-73.04,2.75,244.7,4.02,A,Normal,0
PCB_03295,LOT_20260307,SMD_Line_C,Mounter_02,FD_15,NZ_01,CAP_3216,-0.03,-14.43,0.287,137.56,96.24,-74.93,3.4,248.8,3.44,A,Normal,0
PCB_03296,LOT_20260307,SMD_Line_A,Mounter_02,FD_01,NZ_03,CHIP_1005,5.14,-15.21,0.195,147.05,91.52,-76.3,2.97,246.3,5.56,A,Normal,0
PCB_03297,LOT_20260307,SMD_Line_B,Mounter_03,FD_07,NZ_07,CHIP_1005,-0.05,-18.57,1.058,136.99,76.89,-69.13,3.75,240.1,4.25,C,Normal,0
PCB_03298,LOT_20260307,SMD_Line_A,Mounter_01,FD_21,NZ_06,CHIP_1005,2.19,-9.05,0.062,133.38,89.16,-68.51,3.37,240.8,3.61,A,Normal,0
PCB_03299,LOT_20260307,SMD_Line_A,Mounter_02,FD_20,NZ_08,IC_QFP_48,0.51,11.18,-0.186,136.4,95.63,-74.33,3.1,246.1,4.73,A,Normal,0
PCB_03300,LOT_20260307,SMD_Line_C,Mounter_02,FD_20,NZ_08,CHIP_1005,-19.01,15.53,0.247,148.18,111.49,-70.25,2.99,247.1,4.27,A,Normal,0
PCB_03301,LOT_20260307,SMD_Line_B,Mounter_03,FD_24,NZ_07,CHIP_0603,7.19,-24.53,0.939,116.14,99.16,-75.13,3.1,244.7,3.82,B,Normal,0
PCB_03302,LOT_20260307,SMD_Line_C,Mounter_03,FD_11,NZ_07,CHIP_0603,10.14,-14.22,-0.436,136.24,81.84,-69.25,3.11,247.3,4.55,A,Normal,0
PCB_03303,LOT_20260307,SMD_Line_B,Mounter_02,FD_14,NZ_02,CHIP_1005,16.78,-16.43,-0.302,101.7,101.18,-72.47,3.15,245.6,4.66,A,Normal,0
PCB_03304,LOT_20260307,SMD_Line_A,Mounter_02,FD_22,NZ_07,CHIP_1005,23.09,-10.24,-0.327,125.76,94.57,-74.59,2.42,245.7,4.55,A,Normal,0
PCB_03305,LOT_20260307,SMD_Line_A,Mounter_04,FD_16,NZ_06,CHIP_0603,5.14,-2.62,-0.539,158.28,106.85,-75.58,3.34,248.5,4.47,A,Normal,0
PCB_03306,LOT_20260307,SMD_Line_A,Mounter_01,FD_14,NZ_02,CHIP_1005,17.64,-4.69,-0.428,118.14,,-68.18,3.3,253.1,3.85,A,Normal,0
PCB_03307,LOT_20260307,SMD_Line_A,Mounter_04,FD_12,NZ_08,CHIP_1005,0.23,6.06,0.423,105.53,114.53,,2.49,246.3,3.38,F,Tombstone,1
PCB_03308,LOT_20260307,SMD_Line_A,Mounter_02,FD_17,NZ_02,BGA_256,-18.13,-22.73,0.099,115.81,105.36,-72.27,3.34,257.9,3.6,A,Normal,0
PCB_03309,LOT_20260307,SMD_Line_A,Mounter_04,FD_14,NZ_04,CHIP_0603,12.01,-6.14,-0.582,140.69,97.49,-78.72,3.19,245.6,3.96,A,Normal,0
PCB_03310,LOT_20260307,SMD_Line_B,Mounter_04,FD_10,NZ_04,CHIP_0603,9.24,16.12,0.309,128.03,81.47,-75.37,2.7,245.5,3.33,A,Normal,0
PCB_03311,LOT_20260307,SMD_Line_B,Mounter_02,FD_24,NZ_08,BGA_256,0.01,16.57,0.155,114.9,82.47,-76.45,3.56,253.2,5.1,A,Normal,0
PCB_03312,LOT_20260307,SMD_Line_B,Mounter_03,FD_14,NZ_03,CHIP_1005,-0.78,19.64,0.428,148.12,108.22,-80.57,4.0,244.3,3.7,F,Tombstone,1
PCB_03313,LOT_20260307,SMD_Line_B,Mounter_02,FD_18,NZ_08,CHIP_0603,5.97,4.64,-0.272,136.41,109.64,-73.87,2.86,237.4,4.11,A,Normal,0
PCB_03314,LOT_20260307,SMD_Line_A,Mounter_03,FD_22,NZ_06,BGA_256,-4.22,-7.73,-0.552,112.65,112.5,-73.17,3.26,240.4,4.27,A,Normal,0
PCB_03315,LOT_20260307,SMD_Line_A,Mounter_02,FD_09,NZ_07,CHIP_1005,5.53,2.06,0.306,126.68,120.01,-76.1,3.95,248.8,4.75,A,Normal,0
PCB_03316,LOT_20260307,SMD_Line_B,Mounter_02,FD_17,NZ_02,CHIP_1005,-11.53,29.83,0.371,161.99,108.99,-74.14,1.88,247.1,4.44,B,Normal,0
PCB_03317,LOT_20260307,SMD_Line_B,Mounter_02,FD_06,NZ_03,CAP_3216,-10.12,-6.26,-0.497,125.36,104.89,-72.81,4.34,241.1,4.3,A,Normal,0
PCB_03318,LOT_20260307,SMD_Line_A,Mounter_01,FD_08,NZ_02,CAP_3216,-16.51,21.63,0.107,104.59,128.66,-78.63,3.25,236.8,5.37,C,Normal,0
PCB_03319,LOT_20260307,SMD_Line_C,Mounter_03,FD_13,NZ_01,CHIP_1005,28.05,-28.75,-0.277,137.05,,-71.89,3.65,243.4,5.0,B,Normal,0
PCB_03320,LOT_20260307,SMD_Line_C,Mounter_01,FD_18,NZ_05,CHIP_0603,0.91,6.75,0.437,135.74,98.79,-69.89,2.18,250.0,4.4,A,Normal,0
PCB_03321,LOT_20260307,SMD_Line_B,Mounter_02,FD_05,NZ_05,CHIP_0603,15.1,7.64,0.298,149.99,81.5,-70.97,2.38,244.5,4.34,A,Normal,0
PCB_03322,LOT_20260307,SMD_Line_A,Mounter_04,FD_06,NZ_02,CHIP_0603,-13.71,4.41,0.548,124.12,107.49,-70.9,2.62,243.5,4.13,A,Normal,0
PCB_03323,LOT_20260307,SMD_Line_C,Mounter_01,FD_21,NZ_03,CHIP_0603,-2.27,5.18,-0.379,136.63,97.56,-72.54,2.57,240.4,4.56,A,Normal,0
PCB_03324,LOT_20260307,SMD_Line_B,Mounter_03,FD_19,NZ_08,CHIP_1005,6.89,6.17,-0.31,133.7,92.56,-70.78,1.8,243.6,4.01,A,Normal,0
PCB_03325,LOT_20260307,SMD_Line_C,Mounter_02,FD_04,NZ_04,CAP_3216,18.39,6.73,-0.167,129.9,,-68.26,2.49,247.2,3.83,A,Normal,0
PCB_03326,LOT_20260307,SMD_Line_C,Mounter_01,FD_07,NZ_06,BGA_256,-7.53,-3.9,-0.239,134.85,90.46,-63.2,2.7,244.2,4.9,A,Normal,0
PCB_03327,LOT_20260307,SMD_Line_C,Mounter_04,FD_04,NZ_02,CHIP_1005,-5.03,-3.2,0.166,139.03,97.97,-75.62,2.34,244.3,3.82,A,Normal,0
PCB_03328,LOT_20260307,SMD_Line_B,Mounter_01,FD_11,NZ_02,CHIP_1005,-9.9,-16.06,-0.485,138.25,82.7,-74.9,4.09,249.7,4.18,B,Normal,0
PCB_03329,LOT_20260307,SMD_Line_A,Mounter_03,FD_12,NZ_06,CHIP_0603,-1.51,8.64,0.685,143.77,,-75.4,3.58,241.7,4.01,A,Normal,0
PCB_03330,LOT_20260307,SMD_Line_B,Mounter_01,FD_14,NZ_08,CHIP_0603,-12.75,15.37,0.785,95.81,86.71,-67.54,2.76,247.0,4.17,F,Tombstone,1
PCB_03331,LOT_20260307,SMD_Line_B,Mounter_04,FD_13,NZ_07,CHIP_0603,-17.96,20.58,0.499,107.57,92.56,-66.56,3.55,244.3,4.3,B,Normal,0
PCB_03332,LOT_20260307,SMD_Line_B,Mounter_04,FD_10,NZ_04,IC_QFP_48,3.23,-9.69,0.225,133.2,94.43,-69.34,3.4,251.9,4.2,A,Normal,0
PCB_03333,LOT_20260307,SMD_Line_A,Mounter_03,FD_18,NZ_02,CHIP_0603,8.38,-20.34,-0.055,131.74,75.41,,2.17,248.6,3.76,B,Normal,0
PCB_03334,LOT_20260307,SMD_Line_A,Mounter_04,FD_16,NZ_01,BGA_256,-14.24,4.44,0.085,114.75,93.82,-73.05,3.46,250.6,4.0,A,Normal,0
PCB_03335,LOT_20260307,SMD_Line_C,Mounter_02,FD_05,NZ_04,CHIP_1005,-8.43,-13.64,-0.34,124.98,89.9,-70.78,2.95,247.6,4.53,A,Normal,0
PCB_03336,LOT_20260307,SMD_Line_B,Mounter_04,FD_08,NZ_01,CHIP_0603,-1.25,6.75,0.071,117.6,109.39,-70.8,3.61,242.9,4.31,F,Tombstone,1
PCB_03337,LOT_20260307,SMD_Line_C,Mounter_02,FD_14,NZ_05,CHIP_0603,21.33,-26.02,0.151,138.82,89.2,-65.22,2.55,250.9,4.4,B,Normal,0
PCB_03338,LOT_20260307,SMD_Line_C,Mounter_01,FD_05,NZ_06,CHIP_1005,-35.41,12.83,-0.371,116.63,112.05,-68.28,3.53,246.5,4.65,F,Mount_Shift,1
PCB_03339,LOT_20260307,SMD_Line_B,Mounter_02,FD_24,NZ_04,CAP_3216,5.56,1.81,0.73,133.22,120.9,-68.45,3.83,245.9,4.47,B,Normal,0
PCB_03340,LOT_20260307,SMD_Line_B,Mounter_02,FD_08,NZ_07,IC_QFP_48,8.49,-22.67,-0.038,145.38,114.0,-73.47,3.44,241.7,3.9,A,Normal,0
PCB_03341,LOT_20260307,SMD_Line_C,Mounter_01,FD_06,NZ_04,CHIP_0603,-8.9,3.59,-0.463,116.94,88.22,-70.54,2.12,248.1,4.36,A,Normal,0
PCB_03342,LOT_20260307,SMD_Line_B,Mounter_04,FD_16,NZ_03,CHIP_1005,-4.37,1.12,-0.092,109.89,,-77.75,4.68,243.2,4.35,A,Normal,0
PCB_03343,LOT_20260307,SMD_Line_B,Mounter_02,FD_04,NZ_03,CHIP_0603,4.16,6.17,-0.271,118.58,88.43,-71.71,3.56,242.8,3.41,A,Normal,0
PCB_03344,LOT_20260307,SMD_Line_A,Mounter_04,FD_12,NZ_06,CAP_3216,-0.37,9.46,-0.378,116.95,90.09,-71.38,3.06,246.3,3.36,A,Normal,0
PCB_03345,LOT_20260307,SMD_Line_B,Mounter_01,FD_11,NZ_07,IC_QFP_48,21.24,-28.51,0.707,130.6,,-76.38,3.57,242.4,4.42,B,Normal,0
PCB_03346,LOT_20260307,SMD_Line_B,Mounter_03,FD_03,NZ_04,CHIP_1005,1.28,-5.56,0.004,104.48,101.63,-73.05,4.47,241.8,3.92,A,Normal,0
PCB_03347,LOT_20260307,SMD_Line_A,Mounter_04,FD_12,NZ_08,CHIP_1005,10.77,-1.05,0.463,154.09,89.51,-66.86,2.35,241.1,3.97,A,Normal,0
PCB_03348,LOT_20260307,SMD_Line_A,Mounter_04,FD_05,NZ_05,CHIP_1005,5.63,-3.49,0.185,111.16,100.46,-72.13,3.86,249.3,4.34,A,Normal,0
PCB_03349,LOT_20260307,SMD_Line_A,Mounter_03,FD_06,NZ_07,CHIP_0603,8.68,-4.14,0.214,109.76,115.15,-69.82,3.1,251.0,4.21,A,Normal,0
PCB_03350,LOT_20260307,SMD_Line_A,Mounter_03,FD_19,NZ_02,CHIP_0603,-9.72,12.44,-0.006,130.92,86.78,-63.64,3.01,253.0,4.17,F,Missing_Component,1
PCB_03351,LOT_20260307,SMD_Line_A,Mounter_01,FD_18,NZ_06,CHIP_1005,2.51,-20.43,-0.194,128.16,80.7,-73.59,3.05,248.9,4.95,B,Normal,0
PCB_03352,LOT_20260307,SMD_Line_B,Mounter_04,FD_16,NZ_08,CAP_3216,-0.82,-3.44,0.585,150.57,92.32,-69.02,1.95,235.3,4.07,A,Normal,0
PCB_03353,LOT_20260307,SMD_Line_C,Mounter_04,FD_23,NZ_07,CHIP_1005,-8.95,-2.5,0.294,125.89,117.14,-72.65,3.49,246.3,4.33,A,Normal,0
PCB_03354,LOT_20260307,SMD_Line_B,Mounter_01,FD_11,NZ_06,CHIP_0603,11.56,-1.29,-0.081,125.72,,-68.13,1.74,244.0,3.91,F,Tombstone,1
PCB_03355,LOT_20260307,SMD_Line_A,Mounter_04,FD_05,NZ_07,BGA_256,-25.19,-11.53,0.447,139.71,89.75,-72.15,2.89,255.0,4.72,F,Tombstone,1
PCB_03356,LOT_20260307,SMD_Line_A,Mounter_02,FD_09,NZ_03,CHIP_0603,16.84,25.27,0.68,144.21,87.45,-68.3,2.9,246.7,4.37,B,Normal,0
PCB_03357,LOT_20260307,SMD_Line_B,Mounter_02,FD_03,NZ_05,CHIP_0603,-27.73,11.55,0.165,100.83,103.88,-67.19,2.97,241.5,5.08,B,Normal,0
PCB_03358,LOT_20260307,SMD_Line_A,Mounter_02,FD_08,NZ_06,CHIP_0603,-1.92,26.1,0.698,130.98,101.17,,1.91,242.0,4.27,B,Normal,0
PCB_03359,LOT_20260307,SMD_Line_C,Mounter_04,FD_06,NZ_05,CHIP_1005,11.76,7.56,-0.215,162.33,107.47,-68.31,3.73,237.7,4.35,A,Normal,0
PCB_03360,LOT_20260307,SMD_Line_B,Mounter_02,FD_04,NZ_06,CHIP_1005,-14.85,8.99,-0.405,120.65,86.14,-78.01,2.1,244.7,4.18,A,Normal,0
PCB_03361,LOT_20260307,SMD_Line_C,Mounter_02,FD_12,NZ_03,CHIP_1005,5.3,-0.05,-0.154,132.25,98.99,-71.55,2.64,238.4,4.99,A,Normal,0
PCB_03362,LOT_20260307,SMD_Line_A,Mounter_01,FD_12,NZ_02,IC_QFP_48,3.95,18.44,0.019,145.3,110.75,-67.42,2.87,236.5,4.38,A,Normal,0
PCB_03363,LOT_20260307,SMD_Line_B,Mounter_01,FD_21,NZ_08,CHIP_0603,4.08,6.67,0.7,137.29,113.54,,3.01,241.1,4.16,A,Normal,0
PCB_03364,LOT_20260307,SMD_Line_A,Mounter_03,FD_16,NZ_03,IC_QFP_48,-4.36,-2.25,-0.171,114.24,85.13,-76.42,3.43,240.7,3.75,A,Normal,0
PCB_03365,LOT_20260307,SMD_Line_C,Mounter_03,FD_10,NZ_06,CHIP_0603,-5.82,21.79,0.173,128.99,98.98,-75.95,3.21,245.3,3.1,A,Normal,0
PCB_03366,LOT_20260307,SMD_Line_B,Mounter_03,FD_22,NZ_05,IC_QFP_48,-19.63,-15.37,0.495,111.4,96.57,-73.84,4.36,246.6,4.25,A,Normal,0
PCB_03367,LOT_20260307,SMD_Line_A,Mounter_03,FD_14,NZ_01,IC_QFP_48,-1.3,-8.64,0.21,113.97,89.96,-71.42,3.41,245.0,4.05,A,Normal,0
PCB_03368,LOT_20260307,SMD_Line_A,Mounter_01,FD_13,NZ_03,IC_QFP_48,11.47,33.17,-0.222,146.63,91.17,-74.27,3.37,244.5,2.62,B,Normal,0
PCB_03369,LOT_20260307,SMD_Line_A,Mounter_01,FD_09,NZ_05,CHIP_1005,-5.7,7.91,-0.575,142.84,106.8,-68.87,2.85,246.6,3.99,A,Normal,0
PCB_03370,LOT_20260307,SMD_Line_B,Mounter_01,FD_07,NZ_07,IC_QFP_48,-5.08,-31.07,0.548,156.79,90.81,-72.99,3.38,249.8,3.68,B,Normal,0
PCB_03371,LOT_20260307,SMD_Line_A,Mounter_02,FD_12,NZ_07,CHIP_0603,19.87,12.02,-0.474,143.86,98.52,-74.49,2.91,240.8,5.03,A,Normal,0
PCB_03372,LOT_20260307,SMD_Line_B,Mounter_02,FD_05,NZ_03,BGA_256,-2.04,-12.07,-0.17,127.87,105.84,-75.65,2.91,246.4,4.17,A,Normal,0
PCB_03373,LOT_20260307,SMD_Line_A,Mounter_03,FD_18,NZ_06,CHIP_0603,4.4,-6.78,0.015,114.79,121.03,-71.81,5.1,245.1,4.82,A,Normal,0
PCB_03374,LOT_20260307,SMD_Line_B,Mounter_02,FD_04,NZ_07,CHIP_0603,6.7,30.1,0.569,150.96,103.59,-70.39,4.13,246.7,4.43,F,Tombstone,1
PCB_03375,LOT_20260307,SMD_Line_C,Mounter_04,FD_02,NZ_05,CHIP_1005,-2.05,19.54,0.449,139.39,108.65,-68.82,2.68,244.2,4.71,A,Normal,0
PCB_03376,LOT_20260307,SMD_Line_C,Mounter_01,FD_03,NZ_08,IC_QFP_48,8.52,23.58,0.067,142.0,,,3.59,241.3,5.35,A,Normal,0
PCB_03377,LOT_20260307,SMD_Line_C,Mounter_03,FD_12,NZ_02,CHIP_0603,12.37,-7.17,0.546,138.6,97.53,-70.34,3.36,244.4,4.61,A,Normal,0
PCB_03378,LOT_20260307,SMD_Line_A,Mounter_03,FD_03,NZ_05,CAP_3216,11.29,-3.44,0.645,147.79,97.32,-66.49,2.8,241.9,5.8,A,Normal,0
PCB_03379,LOT_20260307,SMD_Line_A,Mounter_04,FD_04,NZ_07,CAP_3216,12.69,2.58,-0.215,107.14,98.6,-67.7,4.45,240.8,4.51,A,Normal,0
PCB_03380,LOT_20260307,SMD_Line_B,Mounter_02,FD_06,NZ_07,CHIP_1005,-26.03,10.25,-0.177,111.79,74.33,-73.46,3.08,250.0,4.81,B,Normal,0
PCB_03381,LOT_20260307,SMD_Line_A,Mounter_03,FD_12,NZ_04,CHIP_1005,-14.65,-4.04,0.337,116.92,96.08,-69.62,4.03,245.6,4.03,F,Tombstone,1
PCB_03382,LOT_20260307,SMD_Line_B,Mounter_02,FD_19,NZ_01,IC_QFP_48,-6.43,22.16,0.764,135.46,105.26,-72.64,2.8,236.7,3.49,B,Normal,0
PCB_03383,LOT_20260307,SMD_Line_A,Mounter_02,FD_10,NZ_06,CHIP_0603,-9.95,5.8,-0.313,123.14,91.16,-73.53,3.86,231.2,2.95,A,Normal,0
PCB_03384,LOT_20260307,SMD_Line_A,Mounter_04,FD_01,NZ_05,CHIP_1005,-9.0,17.59,-0.829,146.92,117.43,-75.26,4.0,244.4,4.64,F,Tombstone,1
PCB_03385,LOT_20260307,SMD_Line_A,Mounter_03,FD_17,NZ_07,CAP_3216,11.12,-9.2,0.292,129.75,101.5,-65.79,2.62,242.3,3.96,A,Normal,0
PCB_03386,LOT_20260307,SMD_Line_C,Mounter_02,FD_16,NZ_06,CAP_3216,1.34,-4.94,0.614,164.78,98.43,-74.47,3.0,245.1,4.03,A,Normal,0
PCB_03387,LOT_20260307,SMD_Line_A,Mounter_02,FD_09,NZ_03,CAP_3216,-1.71,2.9,0.058,155.71,110.03,-72.55,3.15,246.0,4.02,A,Normal,0
PCB_03388,LOT_20260307,SMD_Line_B,Mounter_04,FD_21,NZ_03,CHIP_0603,-2.82,-5.42,1.185,132.09,106.77,-78.67,4.18,244.9,3.87,B,Normal,0
PCB_03389,LOT_20260307,SMD_Line_A,Mounter_04,FD_09,NZ_05,CHIP_0603,-5.0,12.36,-0.377,109.63,113.59,-68.15,4.13,241.7,5.03,A,Normal,0
PCB_03390,LOT_20260307,SMD_Line_B,Mounter_02,FD_23,NZ_04,CHIP_0603,-3.02,12.6,-0.334,140.34,115.93,-72.12,2.96,249.1,3.76,A,Normal,0
PCB_03391,LOT_20260307,SMD_Line_A,Mounter_04,FD_09,NZ_07,CHIP_1005,17.34,-2.82,-0.34,113.3,117.58,-67.84,2.97,240.1,4.44,A,Normal,0
PCB_03392,LOT_20260307,SMD_Line_C,Mounter_02,FD_12,NZ_05,CHIP_0603,-22.05,7.76,0.039,115.38,105.48,-70.76,3.35,250.1,4.44,F,Tombstone,1
PCB_03393,LOT_20260307,SMD_Line_C,Mounter_03,FD_23,NZ_02,CHIP_1005,15.93,24.09,0.05,124.09,87.56,-71.53,2.26,247.4,3.46,B,Normal,0
PCB_03394,LOT_20260307,SMD_Line_A,Mounter_01,FD_09,NZ_04,CHIP_1005,28.67,12.33,-0.346,123.81,97.14,-69.06,3.96,242.2,4.49,B,Normal,0
PCB_03395,LOT_20260307,SMD_Line_C,Mounter_04,FD_15,NZ_07,IC_QFP_48,15.84,7.69,0.506,138.29,119.67,-72.04,2.68,246.8,3.63,B,Normal,0
PCB_03396,LOT_20260307,SMD_Line_C,Mounter_01,FD_02,NZ_07,IC_QFP_48,-12.37,15.28,0.121,134.91,,-78.44,3.26,243.5,4.15,A,Normal,0
PCB_03397,LOT_20260307,SMD_Line_C,Mounter_02,FD_11,NZ_06,BGA_256,-6.08,19.83,-0.466,114.86,94.79,-71.07,4.04,250.7,4.01,A,Normal,0
PCB_03398,LOT_20260307,SMD_Line_C,Mounter_02,FD_11,NZ_05,CHIP_0603,12.92,17.91,0.276,125.56,93.46,-68.11,3.47,242.3,4.23,A,Normal,0
PCB_03399,LOT_20260307,SMD_Line_A,Mounter_02,FD_08,NZ_07,CHIP_0603,-3.11,-0.85,-0.189,109.6,87.07,-75.02,2.96,248.4,4.5,A,Normal,0
PCB_03400,LOT_20260307,SMD_Line_B,Mounter_01,FD_23,NZ_06,IC_QFP_48,-6.33,10.65,0.046,136.03,111.03,-79.37,2.59,239.7,3.76,A,Normal,0
PCB_03401,LOT_20260307,SMD_Line_A,Mounter_02,FD_06,NZ_07,CHIP_1005,-1.26,-3.52,0.399,102.1,94.58,-74.52,3.17,246.4,3.91,A,Normal,0
PCB_03402,LOT_20260307,SMD_Line_A,Mounter_04,FD_21,NZ_01,CHIP_1005,-14.02,-0.64,0.45,126.48,88.21,-70.85,3.03,246.3,3.39,A,Normal,0
PCB_03403,LOT_20260307,SMD_Line_C,Mounter_03,FD_20,NZ_04,CHIP_0603,-1.63,5.66,0.412,120.31,89.56,-76.12,4.77,247.7,3.66,A,Normal,0
PCB_03404,LOT_20260307,SMD_Line_A,Mounter_03,FD_07,NZ_05,CHIP_0603,-15.08,-17.09,0.022,138.18,68.69,-72.4,2.72,247.1,4.58,C,Normal,0
PCB_03405,LOT_20260307,SMD_Line_B,Mounter_04,FD_03,NZ_01,CHIP_1005,9.03,4.35,-0.439,117.87,108.47,-70.57,2.88,243.7,4.01,A,Normal,0
PCB_03406,LOT_20260307,SMD_Line_C,Mounter_03,FD_08,NZ_05,BGA_256,-10.55,-8.16,-0.143,117.25,97.15,-75.07,2.6,236.9,4.66,F,Tombstone,1
PCB_03407,LOT_20260307,SMD_Line_C,Mounter_01,FD_18,NZ_02,CAP_3216,0.64,-14.0,0.01,135.95,85.26,-67.48,3.04,239.4,3.72,A,Normal,0
PCB_03408,LOT_20260307,SMD_Line_C,Mounter_02,FD_17,NZ_03,CHIP_1005,-5.56,9.38,0.696,136.74,116.65,-69.63,3.51,236.3,3.81,A,Normal,0
PCB_03409,LOT_20260307,SMD_Line_A,Mounter_02,FD_11,NZ_08,CHIP_1005,4.78,-3.08,-0.237,114.3,100.56,-75.52,2.63,243.9,4.75,A,Normal,0
PCB_03410,LOT_20260307,SMD_Line_A,Mounter_02,FD_02,NZ_06,BGA_256,10.28,2.6,0.091,138.83,73.1,-69.56,3.41,249.8,4.31,B,Normal,0
PCB_03411,LOT_20260307,SMD_Line_B,Mounter_01,FD_21,NZ_05,CHIP_1005,3.58,-2.79,-0.555,166.85,108.66,-74.89,2.47,241.9,3.45,A,Normal,0
PCB_03412,LOT_20260307,SMD_Line_A,Mounter_01,FD_24,NZ_04,CHIP_1005,-8.75,-7.28,0.153,122.93,87.87,-73.8,3.76,243.3,3.92,A,Normal,0
PCB_03413,LOT_20260307,SMD_Line_A,Mounter_01,FD_19,NZ_05,CAP_3216,-7.04,1.39,-0.02,111.57,107.15,-71.85,2.93,242.5,4.63,A,Normal,0
PCB_03414,LOT_20260307,SMD_Line_A,Mounter_04,FD_07,NZ_05,IC_QFP_48,29.5,-16.07,-0.058,130.83,106.06,-69.12,3.0,246.0,4.12,B,Normal,0
PCB_03415,LOT_20260307,SMD_Line_C,Mounter_01,FD_18,NZ_05,CAP_3216,11.86,-1.14,0.381,109.27,101.65,-72.15,4.04,245.7,4.81,A,Normal,0
PCB_03416,LOT_20260307,SMD_Line_B,Mounter_03,FD_08,NZ_08,CHIP_0603,-2.47,23.37,-0.309,126.12,84.98,-70.55,2.94,243.2,3.55,B,Normal,0
PCB_03417,LOT_20260307,SMD_Line_A,Mounter_04,FD_14,NZ_07,CHIP_1005,-7.18,-14.15,0.63,122.42,85.21,-66.98,3.44,240.9,4.81,F,Tombstone,1
PCB_03418,LOT_20260307,SMD_Line_B,Mounter_04,FD_07,NZ_05,BGA_256,-17.99,16.83,-0.342,140.38,99.41,-71.09,3.62,247.6,3.61,A,Normal,0
PCB_03419,LOT_20260307,SMD_Line_A,Mounter_04,FD_21,NZ_07,CHIP_0603,14.1,24.62,0.615,103.66,,-74.21,3.98,249.6,4.32,B,Normal,0
PCB_03420,LOT_20260307,SMD_Line_A,Mounter_01,FD_04,NZ_04,IC_QFP_48,-8.89,-9.27,-0.718,106.32,,-69.56,3.4,248.4,4.67,A,Normal,0
PCB_03421,LOT_20260307,SMD_Line_C,Mounter_04,FD_17,NZ_04,CHIP_0603,13.17,3.87,0.138,135.73,98.78,-73.91,3.01,240.2,4.26,A,Normal,0
PCB_03422,LOT_20260307,SMD_Line_B,Mounter_01,FD_05,NZ_05,BGA_256,10.34,-15.34,0.275,138.14,87.94,-73.01,2.89,235.4,4.49,A,Normal,0
PCB_03423,LOT_20260307,SMD_Line_C,Mounter_01,FD_12,NZ_07,CHIP_1005,16.91,-17.1,-0.162,97.79,111.98,-70.03,3.39,244.0,4.71,A,Normal,0
PCB_03424,LOT_20260307,SMD_Line_A,Mounter_04,FD_09,NZ_03,CHIP_0603,9.49,1.97,0.125,152.81,,-69.95,2.74,250.8,4.44,F,Tombstone,1
PCB_03425,LOT_20260307,SMD_Line_C,Mounter_02,FD_20,NZ_05,CHIP_1005,-2.62,4.83,-0.164,143.13,98.42,-72.63,3.52,236.6,4.04,A,Normal,0
PCB_03426,LOT_20260307,SMD_Line_B,Mounter_02,FD_13,NZ_06,IC_QFP_48,0.2,-6.69,0.201,119.93,106.67,-73.09,3.32,243.3,4.09,A,Normal,0
PCB_03427,LOT_20260307,SMD_Line_B,Mounter_04,FD_18,NZ_06,CHIP_1005,0.31,-13.35,0.113,131.43,87.65,-65.61,2.5,251.8,3.78,A,Normal,0
PCB_03428,LOT_20260307,SMD_Line_B,Mounter_02,FD_20,NZ_04,CHIP_1005,-3.36,-9.25,0.998,100.44,94.81,-79.67,2.46,249.1,3.59,A,Normal,0
PCB_03429,LOT_20260307,SMD_Line_C,Mounter_03,FD_09,NZ_08,BGA_256,-20.29,10.51,-0.62,140.56,91.91,-70.72,3.25,246.0,4.86,A,Normal,0
PCB_03430,LOT_20260307,SMD_Line_B,Mounter_03,FD_04,NZ_06,CHIP_1005,-26.94,10.6,0.09,117.31,86.51,-71.94,3.03,240.0,4.51,B,Normal,0
PCB_03431,LOT_20260307,SMD_Line_B,Mounter_01,FD_21,NZ_06,CHIP_1005,9.49,7.58,-0.189,124.66,100.92,-73.48,3.69,251.3,4.92,A,Normal,0
PCB_03432,LOT_20260307,SMD_Line_C,Mounter_02,FD_08,NZ_02,CHIP_0603,-2.26,-4.55,0.056,128.35,110.21,-70.99,2.65,244.2,4.5,A,Normal,0
PCB_03433,LOT_20260307,SMD_Line_C,Mounter_03,FD_01,NZ_05,CAP_3216,12.0,-12.69,-0.061,148.12,,-75.41,3.64,235.6,4.02,A,Normal,0
PCB_03434,LOT_20260307,SMD_Line_B,Mounter_04,FD_17,NZ_05,CHIP_0603,-4.74,15.49,-0.157,137.01,109.14,-76.56,3.66,251.1,3.62,A,Normal,0
PCB_03435,LOT_20260307,SMD_Line_B,Mounter_02,FD_09,NZ_05,CHIP_1005,-0.01,19.37,-0.235,124.61,96.77,-68.36,2.49,240.6,3.94,A,Normal,0
PCB_03436,LOT_20260307,SMD_Line_A,Mounter_03,FD_20,NZ_05,BGA_256,11.62,-6.19,0.321,121.16,113.38,-74.36,3.07,258.4,4.54,A,Normal,0
PCB_03437,LOT_20260307,SMD_Line_A,Mounter_03,FD_13,NZ_01,CHIP_0603,19.44,-1.88,-0.168,133.38,86.45,-72.43,4.02,244.2,3.84,A,Normal,0
PCB_03438,LOT_20260307,SMD_Line_B,Mounter_04,FD_02,NZ_05,CHIP_1005,-3.95,-17.31,-0.01,128.72,93.56,-79.89,3.44,246.8,4.86,F,Tombstone,1
PCB_03439,LOT_20260307,SMD_Line_C,Mounter_01,FD_13,NZ_08,CHIP_0603,-12.5,6.3,0.084,126.37,111.43,-78.07,3.14,245.4,4.02,A,Normal,0
PCB_03440,LOT_20260307,SMD_Line_C,Mounter_04,FD_09,NZ_07,IC_QFP_48,15.16,24.49,-0.326,130.09,92.1,-71.12,3.71,243.9,3.6,B,Normal,0
PCB_03441,LOT_20260307,SMD_Line_A,Mounter_01,FD_20,NZ_04,CHIP_1005,-3.59,11.13,0.274,125.94,100.69,-68.21,2.91,248.3,4.04,A,Normal,0
PCB_03442,LOT_20260307,SMD_Line_B,Mounter_03,FD_06,NZ_07,BGA_256,-6.07,26.1,-0.431,106.52,91.59,-74.4,3.0,245.8,4.32,B,Normal,0
PCB_03443,LOT_20260307,SMD_Line_A,Mounter_01,FD_01,NZ_08,BGA_256,-5.0,-4.61,0.222,129.14,97.41,-66.29,3.3,245.3,5.05,A,Normal,0
PCB_03444,LOT_20260307,SMD_Line_C,Mounter_03,FD_05,NZ_04,CHIP_1005,-8.98,-15.43,0.181,129.67,,-67.5,4.05,240.7,4.26,A,Normal,0
PCB_03445,LOT_20260307,SMD_Line_C,Mounter_03,FD_03,NZ_01,IC_QFP_48,9.67,17.75,-0.06,132.0,105.66,,2.65,244.4,3.89,A,Normal,0
PCB_03446,LOT_20260307,SMD_Line_B,Mounter_02,FD_04,NZ_05,CHIP_1005,-16.73,2.03,-0.493,114.95,101.99,-68.21,3.48,240.1,4.91,A,Normal,0
PCB_03447,LOT_20260307,SMD_Line_C,Mounter_01,FD_01,NZ_03,CHIP_1005,1.28,-10.54,0.003,118.0,108.58,-67.4,2.96,246.7,4.77,A,Normal,0
PCB_03448,LOT_20260307,SMD_Line_B,Mounter_01,FD_14,NZ_07,CHIP_1005,3.12,22.09,-0.465,154.59,104.71,-73.82,3.95,246.4,4.15,A,Normal,0
PCB_03449,LOT_20260307,SMD_Line_B,Mounter_01,FD_09,NZ_05,CAP_3216,-7.48,-7.15,-0.05,118.89,97.6,-73.65,3.66,245.7,3.39,A,Normal,0
PCB_03450,LOT_20260307,SMD_Line_A,Mounter_04,FD_24,NZ_04,CHIP_1005,19.84,-13.21,0.355,137.64,92.69,-69.56,3.15,250.2,3.91,A,Normal,0
PCB_03451,LOT_20260307,SMD_Line_B,Mounter_02,FD_04,NZ_07,CHIP_0603,11.23,7.1,-0.007,118.05,89.02,-76.35,3.56,248.4,4.56,F,Tombstone,1
PCB_03452,LOT_20260307,SMD_Line_B,Mounter_02,FD_18,NZ_02,CHIP_1005,-5.68,-15.36,0.564,101.63,67.27,-70.84,2.85,253.8,4.82,C,Normal,0
PCB_03453,LOT_20260307,SMD_Line_B,Mounter_02,FD_14,NZ_06,CHIP_1005,-1.33,12.06,0.133,128.44,98.62,-70.39,2.82,249.1,4.27,F,Tombstone,1
PCB_03454,LOT_20260307,SMD_Line_A,Mounter_04,FD_04,NZ_02,CHIP_0603,11.18,-13.6,0.348,139.19,86.28,-69.55,4.71,245.7,4.16,A,Normal,0
PCB_03455,LOT_20260307,SMD_Line_C,Mounter_01,FD_10,NZ_03,CHIP_1005,1.0,2.97,0.323,124.99,89.49,-69.99,2.98,243.8,3.94,F,Tombstone,1
PCB_03456,LOT_20260307,SMD_Line_A,Mounter_01,FD_03,NZ_05,CHIP_1005,17.52,3.74,0.633,100.06,,-76.51,3.31,239.1,4.57,F,Tombstone,1
PCB_03457,LOT_20260307,SMD_Line_B,Mounter_01,FD_23,NZ_01,CHIP_1005,7.08,3.13,-0.587,96.5,93.75,-77.97,2.96,250.8,3.69,A,Normal,0
PCB_03458,LOT_20260307,SMD_Line_B,Mounter_02,FD_07,NZ_05,CHIP_1005,3.16,-15.19,-0.235,147.3,106.57,-71.77,2.43,247.4,3.93,A,Normal,0
PCB_03459,LOT_20260307,SMD_Line_B,Mounter_02,FD_10,NZ_03,CHIP_1005,3.05,-2.3,0.013,129.79,98.0,-63.44,2.59,243.1,4.89,A,Normal,0
PCB_03460,LOT_20260307,SMD_Line_B,Mounter_03,FD_13,NZ_03,BGA_256,39.36,16.21,0.36,139.11,119.52,-75.36,3.4,246.3,4.69,C,Normal,0
PCB_03461,LOT_20260307,SMD_Line_A,Mounter_04,FD_04,NZ_06,CAP_3216,-12.73,-2.38,0.076,133.47,126.33,-73.13,2.35,245.6,4.94,B,Normal,0
PCB_03462,LOT_20260307,SMD_Line_A,Mounter_04,FD_18,NZ_03,CHIP_1005,-13.68,-13.58,-0.003,112.74,96.33,-70.96,2.77,244.6,3.87,A,Normal,0
PCB_03463,LOT_20260307,SMD_Line_B,Mounter_02,FD_11,NZ_02,CHIP_0603,-3.02,-5.25,0.464,126.16,89.84,-73.89,3.59,248.9,3.57,A,Normal,0
PCB_03464,LOT_20260307,SMD_Line_B,Mounter_03,FD_04,NZ_06,CAP_3216,17.56,-14.85,-0.152,104.54,78.84,-69.71,3.34,238.5,4.94,B,Normal,0
PCB_03465,LOT_20260307,SMD_Line_A,Mounter_01,FD_24,NZ_05,IC_QFP_48,-30.8,-25.74,-0.173,144.19,121.93,-69.51,2.95,248.6,4.57,F,Tombstone,1
PCB_03466,LOT_20260307,SMD_Line_B,Mounter_02,FD_14,NZ_07,CHIP_0603,-23.8,-2.08,0.234,134.79,91.31,-66.6,2.93,250.5,4.71,A,Normal,0
PCB_03467,LOT_20260307,SMD_Line_B,Mounter_04,FD_18,NZ_05,CHIP_0603,-5.0,1.18,1.077,141.11,,-70.08,2.58,240.3,4.58,A,Normal,0
PCB_03468,LOT_20260307,SMD_Line_B,Mounter_04,FD_08,NZ_01,CHIP_0603,26.5,8.25,-0.009,149.36,91.6,-73.16,4.54,236.8,5.13,A,Normal,0
PCB_03469,LOT_20260307,SMD_Line_C,Mounter_04,FD_10,NZ_03,CHIP_0603,0.32,5.51,-0.291,124.65,96.08,-68.96,2.61,247.0,4.55,A,Normal,0
PCB_03470,LOT_20260307,SMD_Line_A,Mounter_01,FD_05,NZ_03,CHIP_0603,-14.53,7.25,-0.255,118.88,94.28,-72.14,3.81,249.1,4.3,A,Normal,0
PCB_03471,LOT_20260307,SMD_Line_A,Mounter_04,FD_23,NZ_04,CAP_3216,10.28,-0.48,-0.165,128.41,109.92,-73.32,1.87,241.3,4.36,F,Tombstone,1
PCB_03472,LOT_20260307,SMD_Line_C,Mounter_01,FD_07,NZ_06,CHIP_1005,20.77,25.1,0.597,149.01,67.05,-73.45,3.73,239.1,4.32,F,Insufficient_Solder,1
PCB_03473,LOT_20260307,SMD_Line_B,Mounter_01,FD_12,NZ_04,IC_QFP_48,-7.98,-9.93,-0.165,106.51,97.75,-73.73,3.79,237.1,4.99,A,Normal,0
PCB_03474,LOT_20260307,SMD_Line_B,Mounter_01,FD_03,NZ_06,BGA_256,5.68,-3.74,0.137,130.31,108.62,-68.19,2.64,249.5,4.83,A,Normal,0
PCB_03475,LOT_20260307,SMD_Line_C,Mounter_02,FD_04,NZ_02,IC_QFP_48,1.96,19.57,-0.041,142.07,91.72,-68.24,2.83,244.6,4.99,A,Normal,0
PCB_03476,LOT_20260307,SMD_Line_C,Mounter_01,FD_10,NZ_06,BGA_256,7.15,-4.6,-0.591,134.62,107.06,-71.01,3.84,250.5,3.2,A,Normal,0
PCB_03477,LOT_20260307,SMD_Line_C,Mounter_03,FD_04,NZ_05,CAP_3216,-5.74,-1.3,-0.147,146.1,101.07,-73.56,2.51,233.3,4.08,A,Normal,0
PCB_03478,LOT_20260307,SMD_Line_B,Mounter_04,FD_15,NZ_01,CHIP_1005,7.86,4.77,-1.114,106.97,91.39,-71.34,3.46,245.3,3.75,B,Normal,0
PCB_03479,LOT_20260307,SMD_Line_B,Mounter_02,FD_10,NZ_07,CAP_3216,10.48,13.78,0.079,146.31,78.25,-74.57,2.79,249.7,5.14,B,Normal,0
PCB_03480,LOT_20260307,SMD_Line_B,Mounter_04,FD_21,NZ_06,IC_QFP_48,8.93,1.68,0.22,120.64,104.88,-72.32,3.74,241.1,3.84,A,Normal,0
PCB_03481,LOT_20260307,SMD_Line_A,Mounter_01,FD_22,NZ_06,CHIP_0603,-20.28,-10.43,-0.381,98.57,103.82,-77.29,4.32,248.1,4.51,A,Normal,0
PCB_03482,LOT_20260307,SMD_Line_B,Mounter_02,FD_16,NZ_06,IC_QFP_48,-17.92,-4.84,-0.244,125.1,91.11,-72.4,2.6,240.6,5.21,A,Normal,0
PCB_03483,LOT_20260307,SMD_Line_A,Mounter_03,FD_15,NZ_01,IC_QFP_48,-8.62,6.37,-0.603,117.42,109.12,-68.95,3.55,241.0,4.38,A,Normal,0
PCB_03484,LOT_20260307,SMD_Line_C,Mounter_01,FD_19,NZ_03,CAP_3216,3.34,-3.48,-0.997,127.54,94.18,-73.86,3.79,245.3,4.03,A,Normal,0
PCB_03485,LOT_20260307,SMD_Line_B,Mounter_04,FD_20,NZ_01,CHIP_1005,6.99,-5.51,-0.678,107.2,112.41,-68.4,2.0,242.5,4.32,A,Normal,0
PCB_03486,LOT_20260307,SMD_Line_B,Mounter_03,FD_19,NZ_08,CHIP_1005,-13.18,-11.0,0.293,128.15,103.64,-69.85,3.8,250.8,3.54,A,Normal,0
PCB_03487,LOT_20260307,SMD_Line_A,Mounter_01,FD_18,NZ_08,CHIP_0603,4.05,14.08,-0.141,121.38,,-70.47,3.41,245.0,3.46,A,Normal,0
PCB_03488,LOT_20260307,SMD_Line_A,Mounter_03,FD_12,NZ_08,CHIP_0603,11.82,-1.43,0.094,159.82,104.36,-73.97,3.58,250.9,4.49,A,Normal,0
PCB_03489,LOT_20260307,SMD_Line_A,Mounter_01,FD_16,NZ_03,CHIP_0603,8.35,-1.36,0.918,132.61,100.34,,2.1,247.8,2.99,A,Normal,0
PCB_03490,LOT_20260307,SMD_Line_B,Mounter_02,FD_01,NZ_08,CHIP_1005,-5.75,8.02,0.449,133.42,77.39,-68.49,3.65,241.2,4.18,B,Normal,0
PCB_03491,LOT_20260307,SMD_Line_A,Mounter_01,FD_16,NZ_07,BGA_256,-4.61,-16.08,0.243,126.58,100.64,-76.12,3.09,245.9,4.14,A,Normal,0
PCB_03492,LOT_20260307,SMD_Line_B,Mounter_02,FD_02,NZ_05,CHIP_0603,-16.22,0.5,-0.218,148.71,,-73.37,2.52,241.5,5.19,A,Normal,0
PCB_03493,LOT_20260307,SMD_Line_C,Mounter_01,FD_24,NZ_01,CHIP_1005,21.75,17.76,0.702,137.28,119.38,-71.14,3.62,249.8,4.47,B,Normal,0
PCB_03494,LOT_20260307,SMD_Line_C,Mounter_01,FD_15,NZ_03,CHIP_0603,5.93,-0.75,0.556,152.7,102.56,-63.55,3.69,251.1,4.07,A,Normal,0
PCB_03495,LOT_20260307,SMD_Line_B,Mounter_04,FD_07,NZ_05,CHIP_0603,-20.15,2.59,0.402,145.81,109.39,-69.49,3.15,237.7,4.68,A,Normal,0
PCB_03496,LOT_20260307,SMD_Line_A,Mounter_03,FD_01,NZ_05,CHIP_1005,15.33,2.33,-0.002,124.22,,-74.32,3.42,247.4,4.3,A,Normal,0
PCB_03497,LOT_20260307,SMD_Line_C,Mounter_03,FD_05,NZ_03,CHIP_0603,8.23,12.52,-0.416,140.94,116.07,-72.06,3.1,250.1,3.66,A,Normal,0
PCB_03498,LOT_20260307,SMD_Line_C,Mounter_03,FD_10,NZ_08,CHIP_1005,14.93,2.37,0.683,142.21,98.96,-72.82,2.37,248.8,4.36,A,Normal,0
PCB_03499,LOT_20260307,SMD_Line_A,Mounter_01,FD_22,NZ_03,CHIP_0603,-6.98,29.13,0.392,144.17,125.55,-70.85,3.11,244.6,4.29,C,Normal,0
PCB_03500,LOT_20260307,SMD_Line_B,Mounter_01,FD_21,NZ_02,CHIP_0603,-5.24,2.73,-0.092,136.02,93.93,-68.51,3.92,256.5,4.25,A,Normal,0
PCB_03501,LOT_20260308,SMD_Line_A,Mounter_01,FD_04,NZ_05,CHIP_1005,-10.16,-5.14,-0.125,109.85,115.97,-74.17,3.93,246.0,4.43,A,Normal,0
PCB_03502,LOT_20260308,SMD_Line_C,Mounter_02,FD_14,NZ_03,CHIP_1005,26.46,17.84,-0.55,129.56,91.04,-71.32,2.7,238.8,4.74,B,Normal,0
PCB_03503,LOT_20260308,SMD_Line_C,Mounter_02,FD_13,NZ_05,CHIP_0603,-6.26,-2.49,0.342,131.67,110.32,,3.34,247.9,4.39,F,Tombstone,1
PCB_03504,LOT_20260308,SMD_Line_A,Mounter_04,FD_01,NZ_08,CHIP_1005,-11.94,-7.08,0.077,131.06,,-76.19,3.25,249.6,3.57,A,Normal,0
PCB_03505,LOT_20260308,SMD_Line_C,Mounter_01,FD_16,NZ_01,BGA_256,-8.09,-14.02,0.179,147.21,107.42,-72.48,3.5,247.5,3.45,A,Normal,0
PCB_03506,LOT_20260308,SMD_Line_B,Mounter_03,FD_23,NZ_07,IC_QFP_48,-4.06,5.65,0.419,120.35,89.75,-73.29,3.23,245.9,4.02,A,Normal,0
PCB_03507,LOT_20260308,SMD_Line_C,Mounter_03,FD_09,NZ_04,CHIP_0603,19.45,-5.4,0.325,132.04,87.56,-72.07,3.63,239.2,3.98,A,Normal,0
PCB_03508,LOT_20260308,SMD_Line_B,Mounter_04,FD_22,NZ_08,CHIP_1005,3.46,-9.17,-0.394,128.96,88.4,-79.76,2.95,238.1,4.39,F,Tombstone,1
PCB_03509,LOT_20260308,SMD_Line_C,Mounter_03,FD_16,NZ_04,IC_QFP_48,15.42,-6.68,0.01,140.25,105.98,-74.46,3.86,240.9,4.87,A,Normal,0
PCB_03510,LOT_20260308,SMD_Line_A,Mounter_04,FD_19,NZ_06,CHIP_0603,3.57,-4.29,0.186,157.15,105.93,-79.39,2.88,234.9,4.99,A,Normal,0
PCB_03511,LOT_20260308,SMD_Line_A,Mounter_01,FD_15,NZ_03,BGA_256,-2.25,9.83,0.22,139.34,105.88,-75.73,3.32,251.4,3.88,A,Normal,0
PCB_03512,LOT_20260308,SMD_Line_A,Mounter_03,FD_14,NZ_03,CAP_3216,-13.03,5.71,-0.716,138.34,102.66,-71.53,3.6,245.3,3.32,A,Normal,0
PCB_03513,LOT_20260308,SMD_Line_C,Mounter_01,FD_20,NZ_08,BGA_256,19.93,-1.71,-0.453,114.7,94.19,-70.56,3.33,243.6,4.23,A,Normal,0
PCB_03514,LOT_20260308,SMD_Line_C,Mounter_02,FD_10,NZ_05,BGA_256,12.39,6.62,0.296,106.85,91.34,-73.38,1.79,239.0,4.75,A,Normal,0
PCB_03515,LOT_20260308,SMD_Line_C,Mounter_03,FD_21,NZ_08,IC_QFP_48,13.52,-1.25,0.289,133.84,87.58,-79.39,3.38,239.6,3.99,A,Normal,0
PCB_03516,LOT_20260308,SMD_Line_C,Mounter_02,FD_12,NZ_06,CHIP_1005,11.56,2.44,0.724,127.2,86.86,-74.05,3.61,245.1,4.23,A,Normal,0
PCB_03517,LOT_20260308,SMD_Line_A,Mounter_03,FD_01,NZ_08,IC_QFP_48,-8.88,-7.87,-0.698,136.91,114.56,-76.39,3.38,243.8,4.12,A,Normal,0
PCB_03518,LOT_20260308,SMD_Line_A,Mounter_01,FD_21,NZ_03,BGA_256,3.31,-7.76,0.404,120.81,,-72.89,3.76,245.6,4.99,A,Normal,0
PCB_03519,LOT_20260308,SMD_Line_A,Mounter_04,FD_17,NZ_08,IC_QFP_48,13.59,1.79,0.169,151.04,88.81,-71.66,3.9,239.4,5.35,A,Normal,0
PCB_03520,LOT_20260308,SMD_Line_A,Mounter_01,FD_09,NZ_05,CHIP_0603,11.8,1.81,-0.473,112.06,88.02,,2.78,246.6,4.54,A,Normal,0
PCB_03521,LOT_20260308,SMD_Line_A,Mounter_01,FD_23,NZ_03,CHIP_1005,1.96,11.93,-0.795,127.06,84.08,-73.34,2.17,250.4,4.55,B,Normal,0
PCB_03522,LOT_20260308,SMD_Line_B,Mounter_01,FD_19,NZ_05,BGA_256,24.69,5.89,0.423,124.13,103.66,-79.71,2.48,243.8,3.5,A,Normal,0
PCB_03523,LOT_20260308,SMD_Line_A,Mounter_03,FD_18,NZ_08,CHIP_0603,6.66,-5.8,-0.443,146.47,93.57,-72.67,3.24,248.3,3.99,A,Normal,0
PCB_03524,LOT_20260308,SMD_Line_A,Mounter_04,FD_07,NZ_03,IC_QFP_48,16.52,-15.1,-0.591,126.53,,-72.69,3.57,244.3,4.64,A,Normal,0
PCB_03525,LOT_20260308,SMD_Line_A,Mounter_02,FD_09,NZ_02,CAP_3216,2.5,10.41,0.204,121.33,98.6,-77.28,3.13,243.4,4.4,A,Normal,0
PCB_03526,LOT_20260308,SMD_Line_A,Mounter_01,FD_22,NZ_07,IC_QFP_48,-4.65,3.91,-0.004,131.21,103.46,-77.06,2.37,246.8,4.46,A,Normal,0
PCB_03527,LOT_20260308,SMD_Line_C,Mounter_03,FD_21,NZ_05,CAP_3216,12.11,11.44,0.259,118.17,101.22,-65.82,3.38,243.0,3.35,F,Tombstone,1
PCB_03528,LOT_20260308,SMD_Line_C,Mounter_02,FD_12,NZ_07,IC_QFP_48,9.17,5.41,0.194,129.67,114.21,-70.81,3.21,242.4,3.14,A,Normal,0
PCB_03529,LOT_20260308,SMD_Line_C,Mounter_01,FD_07,NZ_02,CHIP_0603,4.33,21.3,1.505,128.05,91.99,-74.45,3.3,249.5,5.18,F,Mount_Shift,1
PCB_03530,LOT_20260308,SMD_Line_B,Mounter_02,FD_14,NZ_02,BGA_256,-10.58,-2.55,0.326,173.34,92.89,,4.29,237.4,4.13,A,Normal,0
PCB_03531,LOT_20260308,SMD_Line_A,Mounter_01,FD_15,NZ_02,CHIP_0603,12.64,0.49,0.297,123.06,98.93,-76.17,3.69,245.4,3.37,A,Normal,0
PCB_03532,LOT_20260308,SMD_Line_C,Mounter_02,FD_15,NZ_02,CHIP_1005,-9.92,9.33,-0.397,128.66,99.12,-71.22,3.12,240.6,4.14,A,Normal,0
PCB_03533,LOT_20260308,SMD_Line_A,Mounter_02,FD_06,NZ_01,CHIP_0603,9.72,10.18,0.703,133.27,82.2,-72.41,2.4,252.6,3.48,B,Normal,0
PCB_03534,LOT_20260308,SMD_Line_A,Mounter_04,FD_21,NZ_07,CHIP_0603,-13.71,3.86,-0.227,134.1,81.08,,4.01,248.8,3.62,A,Normal,0
PCB_03535,LOT_20260308,SMD_Line_A,Mounter_04,FD_14,NZ_08,CHIP_1005,-10.59,-18.77,-0.41,145.65,98.31,-68.41,2.14,250.4,3.83,A,Normal,0
PCB_03536,LOT_20260308,SMD_Line_A,Mounter_01,FD_02,NZ_06,CHIP_1005,3.65,-20.86,-0.095,158.82,116.63,-67.28,3.03,245.8,3.48,A,Normal,0
PCB_03537,LOT_20260308,SMD_Line_A,Mounter_03,FD_08,NZ_08,CHIP_1005,7.24,-4.55,0.198,117.98,117.82,-68.99,2.48,247.7,2.5,A,Normal,0
PCB_03538,LOT_20260308,SMD_Line_A,Mounter_04,FD_13,NZ_08,BGA_256,2.71,0.26,-0.208,136.58,86.59,-72.76,2.96,245.9,4.58,A,Normal,0
PCB_03539,LOT_20260308,SMD_Line_B,Mounter_02,FD_23,NZ_07,CHIP_0603,-6.59,-22.04,-0.394,127.53,94.83,-76.75,3.15,242.6,3.91,A,Normal,0
PCB_03540,LOT_20260308,SMD_Line_A,Mounter_04,FD_06,NZ_08,CHIP_0603,13.92,-0.35,-0.404,134.96,101.95,-73.03,2.41,252.4,4.68,A,Normal,0
PCB_03541,LOT_20260308,SMD_Line_A,Mounter_04,FD_05,NZ_04,IC_QFP_48,1.74,7.68,0.093,146.66,103.65,-72.17,1.73,248.0,4.22,A,Normal,0
PCB_03542,LOT_20260308,SMD_Line_C,Mounter_01,FD_05,NZ_01,IC_QFP_48,2.42,-0.7,0.252,154.42,88.32,-70.62,2.62,241.5,3.29,A,Normal,0
PCB_03543,LOT_20260308,SMD_Line_A,Mounter_04,FD_01,NZ_08,CAP_3216,-1.97,3.48,0.289,143.12,,-73.96,2.39,238.4,4.19,A,Normal,0
PCB_03544,LOT_20260308,SMD_Line_A,Mounter_04,FD_09,NZ_03,CHIP_0603,-9.03,6.94,-0.7,134.73,93.16,-76.2,2.63,240.7,4.91,A,Normal,0
PCB_03545,LOT_20260308,SMD_Line_C,Mounter_02,FD_06,NZ_08,BGA_256,14.08,-18.89,-0.374,145.4,104.43,-71.1,3.03,245.2,4.15,A,Normal,0
PCB_03546,LOT_20260308,SMD_Line_A,Mounter_04,FD_20,NZ_03,CHIP_1005,-8.03,7.7,0.419,117.38,96.05,-63.54,4.11,242.3,3.84,A,Normal,0
PCB_03547,LOT_20260308,SMD_Line_A,Mounter_02,FD_07,NZ_06,CHIP_1005,21.22,-8.66,-0.191,119.11,96.11,-67.01,2.84,248.9,3.48,A,Normal,0
PCB_03548,LOT_20260308,SMD_Line_B,Mounter_04,FD_09,NZ_04,CHIP_0603,-10.31,-2.81,0.091,132.53,109.08,-67.83,2.88,246.2,3.91,A,Normal,0
PCB_03549,LOT_20260308,SMD_Line_A,Mounter_04,FD_05,NZ_04,CHIP_1005,4.04,-7.8,1.182,147.46,111.82,-73.29,3.14,244.0,3.62,B,Normal,0
PCB_03550,LOT_20260308,SMD_Line_B,Mounter_03,FD_14,NZ_04,CHIP_0603,0.87,12.67,-1.015,125.57,108.17,-74.63,3.6,245.0,3.96,B,Normal,0
PCB_03551,LOT_20260308,SMD_Line_C,Mounter_04,FD_05,NZ_02,CHIP_0603,-1.41,-13.83,-0.058,127.14,89.4,-69.33,3.54,244.5,3.11,A,Normal,0
PCB_03552,LOT_20260308,SMD_Line_A,Mounter_02,FD_08,NZ_01,CHIP_1005,8.52,16.3,0.319,100.26,83.85,-67.59,2.05,244.0,3.59,A,Normal,0
PCB_03553,LOT_20260308,SMD_Line_B,Mounter_02,FD_07,NZ_08,BGA_256,9.87,28.22,-0.442,165.82,131.92,,2.57,246.6,4.5,C,Normal,0
PCB_03554,LOT_20260308,SMD_Line_B,Mounter_01,FD_13,NZ_03,IC_QFP_48,6.7,-18.3,-0.061,126.55,103.68,-74.05,3.86,242.8,4.27,A,Normal,0
PCB_03555,LOT_20260308,SMD_Line_A,Mounter_01,FD_13,NZ_01,CHIP_1005,-13.3,-6.92,-0.54,88.88,89.23,-73.88,2.89,240.1,4.03,A,Normal,0
PCB_03556,LOT_20260308,SMD_Line_B,Mounter_03,FD_08,NZ_01,CHIP_1005,-14.64,7.23,0.26,132.51,111.31,-71.25,3.78,248.1,3.57,A,Normal,0
PCB_03557,LOT_20260308,SMD_Line_A,Mounter_02,FD_11,NZ_01,CHIP_1005,-15.39,-11.72,-0.302,137.09,89.13,-72.23,3.63,241.7,5.02,A,Normal,0
PCB_03558,LOT_20260308,SMD_Line_B,Mounter_02,FD_18,NZ_04,CAP_3216,-3.05,-3.21,-0.194,126.55,123.62,-71.95,1.85,250.2,5.29,A,Normal,0
PCB_03559,LOT_20260308,SMD_Line_A,Mounter_02,FD_19,NZ_06,CHIP_1005,26.44,2.08,0.404,116.35,95.11,-67.65,2.21,244.3,3.58,F,Tombstone,1
PCB_03560,LOT_20260308,SMD_Line_B,Mounter_03,FD_06,NZ_06,CHIP_0603,-0.61,-8.41,0.25,143.47,110.31,-68.97,3.0,243.1,4.63,A,Normal,0
PCB_03561,LOT_20260308,SMD_Line_A,Mounter_02,FD_22,NZ_04,CHIP_0603,26.26,0.97,0.438,141.75,99.46,-72.61,3.44,241.1,3.61,A,Normal,0
PCB_03562,LOT_20260308,SMD_Line_C,Mounter_01,FD_02,NZ_03,CHIP_1005,-0.42,11.2,0.791,137.89,81.71,-72.0,3.04,243.7,4.47,B,Normal,0
PCB_03563,LOT_20260308,SMD_Line_A,Mounter_03,FD_13,NZ_03,CHIP_1005,2.0,-0.92,0.033,118.54,88.19,-68.45,3.08,246.5,2.99,A,Normal,0
PCB_03564,LOT_20260308,SMD_Line_B,Mounter_01,FD_23,NZ_03,CHIP_0603,7.45,-12.26,0.953,120.87,90.79,-70.15,3.22,241.7,3.89,A,Normal,0
PCB_03565,LOT_20260308,SMD_Line_B,Mounter_01,FD_11,NZ_08,BGA_256,-3.64,13.75,0.087,124.74,91.78,-66.23,3.14,248.1,4.3,A,Normal,0
PCB_03566,LOT_20260308,SMD_Line_B,Mounter_03,FD_01,NZ_06,IC_QFP_48,2.84,16.39,0.593,123.78,102.25,-69.63,3.18,240.4,4.39,A,Normal,0
PCB_03567,LOT_20260308,SMD_Line_B,Mounter_04,FD_24,NZ_08,IC_QFP_48,-21.29,4.35,-0.013,139.38,70.82,-71.09,1.78,248.8,3.69,B,Normal,0
PCB_03568,LOT_20260308,SMD_Line_B,Mounter_04,FD_02,NZ_06,CHIP_0603,-11.11,-11.59,0.378,124.08,102.33,-73.72,3.01,245.5,4.5,A,Normal,0
PCB_03569,LOT_20260308,SMD_Line_C,Mounter_01,FD_17,NZ_01,CHIP_1005,-21.02,-10.36,-0.192,115.75,76.29,-77.49,3.01,243.1,4.16,F,Tombstone,1
PCB_03570,LOT_20260308,SMD_Line_C,Mounter_04,FD_08,NZ_04,CAP_3216,9.07,-27.95,0.603,136.35,104.3,-68.29,2.56,246.6,3.47,B,Normal,0
PCB_03571,LOT_20260308,SMD_Line_A,Mounter_02,FD_02,NZ_02,BGA_256,-17.04,-6.99,0.518,165.65,90.39,-68.25,2.74,251.7,3.63,A,Normal,0
PCB_03572,LOT_20260308,SMD_Line_B,Mounter_03,FD_06,NZ_01,CHIP_0603,17.65,12.57,-0.096,118.2,101.62,-67.23,2.2,249.8,5.02,A,Normal,0
PCB_03573,LOT_20260308,SMD_Line_C,Mounter_01,FD_22,NZ_05,CHIP_0603,4.45,-8.07,0.07,119.36,83.99,-76.27,3.43,246.5,4.29,A,Normal,0
PCB_03574,LOT_20260308,SMD_Line_C,Mounter_02,FD_05,NZ_08,CHIP_1005,11.99,-11.28,-0.425,128.16,92.45,-70.66,2.51,248.9,3.98,A,Normal,0
PCB_03575,LOT_20260308,SMD_Line_C,Mounter_04,FD_16,NZ_06,CHIP_1005,-8.08,12.07,0.419,141.34,75.44,-74.35,3.13,243.2,3.44,B,Normal,0
PCB_03576,LOT_20260308,SMD_Line_A,Mounter_02,FD_08,NZ_01,IC_QFP_48,-14.04,13.59,0.378,138.49,85.05,-72.36,2.91,242.4,3.91,A,Normal,0
PCB_03577,LOT_20260308,SMD_Line_A,Mounter_04,FD_19,NZ_04,CAP_3216,-4.35,-6.33,-0.555,128.23,116.82,-77.47,3.09,248.0,4.3,A,Normal,0
PCB_03578,LOT_20260308,SMD_Line_B,Mounter_01,FD_16,NZ_05,CHIP_1005,13.3,6.01,0.977,123.46,117.13,-74.38,3.75,246.0,4.39,B,Normal,0
PCB_03579,LOT_20260308,SMD_Line_B,Mounter_02,FD_13,NZ_07,CHIP_0603,26.44,-10.24,0.179,161.49,85.07,-72.36,2.76,243.8,4.26,B,Normal,0
PCB_03580,LOT_20260308,SMD_Line_B,Mounter_03,FD_20,NZ_08,BGA_256,6.35,-4.04,-0.105,147.16,95.94,-70.62,3.14,248.4,3.86,A,Normal,0
PCB_03581,LOT_20260308,SMD_Line_B,Mounter_01,FD_07,NZ_01,CHIP_0603,-16.45,-21.48,0.539,156.03,105.5,-69.38,3.58,245.2,3.25,B,Normal,0
PCB_03582,LOT_20260308,SMD_Line_C,Mounter_02,FD_16,NZ_04,CAP_3216,-12.15,4.25,-0.235,140.54,100.97,-66.43,3.29,250.4,4.15,A,Normal,0
PCB_03583,LOT_20260308,SMD_Line_A,Mounter_02,FD_23,NZ_04,IC_QFP_48,-18.6,-1.21,0.588,128.6,93.09,-72.42,2.72,236.1,4.18,F,Tombstone,1
PCB_03584,LOT_20260308,SMD_Line_C,Mounter_04,FD_16,NZ_06,CAP_3216,-1.61,-7.93,-0.529,135.98,81.31,-73.65,2.27,242.9,3.76,A,Normal,0
PCB_03585,LOT_20260308,SMD_Line_B,Mounter_01,FD_12,NZ_02,CHIP_0603,-3.47,-1.09,-0.1,157.1,110.52,-70.78,2.7,248.9,4.09,F,Tombstone,1
PCB_03586,LOT_20260308,SMD_Line_A,Mounter_01,FD_14,NZ_01,CHIP_0603,-1.71,-2.54,-0.039,137.71,,-70.93,3.31,251.9,4.25,A,Normal,0
PCB_03587,LOT_20260308,SMD_Line_B,Mounter_01,FD_24,NZ_04,CHIP_1005,-13.42,-9.76,-0.245,104.23,80.25,-75.9,3.17,250.6,4.36,A,Normal,0
PCB_03588,LOT_20260308,SMD_Line_C,Mounter_01,FD_18,NZ_08,CHIP_1005,-14.67,4.7,-0.332,151.04,99.46,-76.26,3.58,242.3,4.61,A,Normal,0
PCB_03589,LOT_20260308,SMD_Line_A,Mounter_04,FD_18,NZ_03,CHIP_0603,1.18,-3.52,-0.219,152.45,95.88,-63.98,3.0,250.3,2.97,A,Normal,0
PCB_03590,LOT_20260308,SMD_Line_A,Mounter_03,FD_16,NZ_04,CAP_3216,6.06,-1.58,-0.24,148.56,93.9,-71.04,2.74,237.4,4.43,A,Normal,0
PCB_03591,LOT_20260308,SMD_Line_C,Mounter_01,FD_20,NZ_02,BGA_256,-14.81,-17.24,-0.211,109.86,101.52,-69.21,2.31,241.1,3.39,A,Normal,0
PCB_03592,LOT_20260308,SMD_Line_A,Mounter_04,FD_16,NZ_04,IC_QFP_48,5.92,-1.48,0.645,135.8,97.45,-70.02,2.47,243.9,3.67,A,Normal,0
PCB_03593,LOT_20260308,SMD_Line_B,Mounter_03,FD_13,NZ_06,CHIP_0603,11.83,-2.12,0.195,145.38,113.46,-70.34,2.57,246.9,4.74,F,Tombstone,1
PCB_03594,LOT_20260308,SMD_Line_B,Mounter_03,FD_09,NZ_07,IC_QFP_48,-29.13,-9.74,-0.04,130.24,89.04,-67.56,3.99,240.9,3.58,B,Normal,0
PCB_03595,LOT_20260308,SMD_Line_B,Mounter_04,FD_09,NZ_01,IC_QFP_48,19.7,6.27,0.344,135.71,90.75,-64.17,2.49,244.4,4.64,A,Normal,0
PCB_03596,LOT_20260308,SMD_Line_B,Mounter_01,FD_13,NZ_06,CHIP_1005,8.78,-24.87,-0.043,138.4,109.26,-70.04,2.5,250.7,3.9,A,Normal,0
PCB_03597,LOT_20260308,SMD_Line_A,Mounter_03,FD_04,NZ_01,CAP_3216,11.95,-5.69,-0.357,117.6,129.94,-71.58,2.77,240.1,4.95,B,Normal,0
PCB_03598,LOT_20260308,SMD_Line_B,Mounter_01,FD_09,NZ_05,CHIP_0603,-12.76,3.66,-0.723,137.05,128.07,-68.44,3.82,239.7,3.51,B,Normal,0
PCB_03599,LOT_20260308,SMD_Line_A,Mounter_01,FD_15,NZ_01,CHIP_0603,9.84,24.76,0.445,115.22,108.78,-72.79,3.48,241.7,4.15,B,Normal,0
PCB_03600,LOT_20260308,SMD_Line_B,Mounter_02,FD_14,NZ_05,CHIP_0603,11.28,-16.11,-1.002,128.46,95.79,-76.21,3.05,255.0,2.79,B,Normal,0
PCB_03601,LOT_20260308,SMD_Line_A,Mounter_01,FD_19,NZ_06,IC_QFP_48,-8.14,1.05,-0.679,121.35,93.59,-69.71,2.25,246.8,4.25,A,Normal,0
PCB_03602,LOT_20260308,SMD_Line_B,Mounter_02,FD_12,NZ_03,CHIP_1005,9.75,6.47,0.227,143.13,95.36,-75.17,3.12,241.4,3.37,A,Normal,0
PCB_03603,LOT_20260308,SMD_Line_A,Mounter_03,FD_21,NZ_08,CHIP_0603,-1.73,0.75,-0.008,140.03,79.11,-74.75,3.62,248.9,4.07,A,Normal,0
PCB_03604,LOT_20260308,SMD_Line_A,Mounter_04,FD_06,NZ_02,CHIP_0603,-7.72,-14.54,0.657,138.51,108.2,-76.43,3.94,237.3,3.76,F,Tombstone,1
PCB_03605,LOT_20260308,SMD_Line_A,Mounter_02,FD_03,NZ_03,CHIP_0603,-2.46,-5.71,-0.29,134.23,115.86,-80.79,1.79,244.5,5.1,A,Normal,0
PCB_03606,LOT_20260308,SMD_Line_A,Mounter_04,FD_22,NZ_08,CHIP_0603,2.1,-28.81,0.346,136.54,98.38,-76.62,2.64,245.6,3.97,B,Normal,0
PCB_03607,LOT_20260308,SMD_Line_C,Mounter_03,FD_20,NZ_05,CHIP_1005,-3.78,0.05,-0.079,160.13,125.11,-71.62,3.16,249.7,5.04,B,Normal,0
PCB_03608,LOT_20260308,SMD_Line_A,Mounter_01,FD_16,NZ_04,CHIP_0603,-9.9,-16.71,0.247,149.86,132.71,,3.85,239.0,3.7,C,Normal,0
PCB_03609,LOT_20260308,SMD_Line_C,Mounter_03,FD_20,NZ_04,CHIP_0603,4.91,5.38,0.076,115.58,110.62,-73.87,2.31,250.4,2.53,A,Normal,0
PCB_03610,LOT_20260308,SMD_Line_C,Mounter_04,FD_24,NZ_03,BGA_256,7.0,-7.71,0.227,121.99,91.96,-74.43,2.44,249.3,4.58,A,Normal,0
PCB_03611,LOT_20260308,SMD_Line_B,Mounter_03,FD_23,NZ_04,CHIP_1005,1.83,-8.82,0.097,126.87,89.7,-72.22,2.82,250.6,3.59,A,Normal,0
PCB_03612,LOT_20260308,SMD_Line_A,Mounter_01,FD_17,NZ_05,IC_QFP_48,-20.22,1.97,0.132,126.36,109.29,-72.25,2.25,240.0,4.76,A,Normal,0
PCB_03613,LOT_20260308,SMD_Line_A,Mounter_03,FD_16,NZ_06,CHIP_0603,-7.31,3.07,-0.49,117.6,112.64,-72.2,1.91,252.3,4.13,A,Normal,0
PCB_03614,LOT_20260308,SMD_Line_C,Mounter_01,FD_06,NZ_02,CHIP_1005,-10.55,10.28,0.034,138.8,,-68.28,4.37,237.1,4.5,A,Normal,0
PCB_03615,LOT_20260308,SMD_Line_A,Mounter_02,FD_08,NZ_07,CHIP_1005,21.64,-3.08,0.271,129.08,86.09,-73.08,2.94,239.7,4.65,F,Tombstone,1
PCB_03616,LOT_20260308,SMD_Line_A,Mounter_04,FD_19,NZ_01,CHIP_0603,1.47,-1.25,-0.023,133.26,,-73.71,2.7,245.7,5.31,A,Normal,0
PCB_03617,LOT_20260308,SMD_Line_B,Mounter_01,FD_02,NZ_05,CHIP_0603,-3.5,-16.36,-0.046,104.36,,-71.95,2.38,243.4,4.73,A,Normal,0
PCB_03618,LOT_20260308,SMD_Line_C,Mounter_01,FD_14,NZ_08,BGA_256,-6.98,17.09,-0.847,106.41,94.98,-69.72,3.07,239.4,4.3,A,Normal,0
PCB_03619,LOT_20260308,SMD_Line_C,Mounter_03,FD_22,NZ_07,CAP_3216,-1.56,-11.03,0.69,121.88,113.09,-61.98,2.76,254.9,4.63,B,Normal,0
PCB_03620,LOT_20260308,SMD_Line_A,Mounter_02,FD_12,NZ_05,CHIP_0603,9.39,8.55,-0.615,139.12,93.13,-65.89,3.56,237.9,4.58,A,Normal,0
PCB_03621,LOT_20260308,SMD_Line_B,Mounter_01,FD_17,NZ_01,CHIP_0603,-22.87,8.64,-0.278,137.17,63.19,-71.14,2.45,237.7,4.45,C,Normal,0
PCB_03622,LOT_20260308,SMD_Line_A,Mounter_02,FD_15,NZ_01,CAP_3216,2.88,4.72,-0.355,145.11,92.14,-73.79,3.08,246.4,5.21,A,Normal,0
PCB_03623,LOT_20260308,SMD_Line_A,Mounter_02,FD_18,NZ_02,CHIP_0603,-6.31,-2.8,0.134,119.49,96.0,-72.3,3.05,244.8,4.09,A,Normal,0
PCB_03624,LOT_20260308,SMD_Line_C,Mounter_03,FD_16,NZ_02,CHIP_1005,5.38,-4.28,0.154,140.29,,-74.35,3.41,238.9,4.28,A,Normal,0
PCB_03625,LOT_20260308,SMD_Line_A,Mounter_01,FD_13,NZ_02,CAP_3216,9.99,-0.76,0.297,152.95,69.0,-71.24,2.98,254.2,3.91,B,Normal,0
PCB_03626,LOT_20260308,SMD_Line_A,Mounter_03,FD_21,NZ_04,CAP_3216,-8.69,-22.47,0.317,143.9,95.91,-70.87,3.44,245.4,5.58,A,Normal,0
PCB_03627,LOT_20260308,SMD_Line_A,Mounter_04,FD_17,NZ_08,CHIP_1005,-17.12,-0.31,0.776,110.61,115.84,-69.86,3.27,242.6,4.04,B,Normal,0
PCB_03628,LOT_20260308,SMD_Line_C,Mounter_04,FD_08,NZ_08,CHIP_0603,-3.81,17.53,-0.137,146.62,94.41,-78.88,3.61,245.0,4.38,A,Normal,0
PCB_03629,LOT_20260308,SMD_Line_C,Mounter_01,FD_01,NZ_05,CHIP_0603,16.09,-2.67,-0.374,134.89,,-75.06,3.44,238.4,3.72,A,Normal,0
PCB_03630,LOT_20260308,SMD_Line_B,Mounter_02,FD_03,NZ_06,BGA_256,10.45,-0.39,-0.106,136.81,90.73,-66.92,2.98,249.6,3.99,A,Normal,0
PCB_03631,LOT_20260308,SMD_Line_C,Mounter_01,FD_16,NZ_01,CAP_3216,-4.72,-12.08,-0.497,167.43,101.84,-75.86,4.09,246.1,4.71,A,Normal,0
PCB_03632,LOT_20260308,SMD_Line_A,Mounter_01,FD_02,NZ_05,CHIP_1005,-7.94,2.19,-0.155,133.7,81.72,-74.69,2.78,244.0,4.14,A,Normal,0
PCB_03633,LOT_20260308,SMD_Line_B,Mounter_04,FD_15,NZ_07,IC_QFP_48,-6.99,-9.18,-0.698,139.47,86.4,-73.14,4.01,245.0,4.79,A,Normal,0
PCB_03634,LOT_20260308,SMD_Line_A,Mounter_04,FD_01,NZ_05,IC_QFP_48,-16.22,10.03,-0.376,131.41,113.47,-67.03,3.74,241.3,4.61,A,Normal,0
PCB_03635,LOT_20260308,SMD_Line_A,Mounter_02,FD_09,NZ_08,IC_QFP_48,9.81,13.47,-0.759,126.35,108.05,-69.68,3.5,249.8,4.15,A,Normal,0
PCB_03636,LOT_20260308,SMD_Line_B,Mounter_02,FD_16,NZ_02,BGA_256,12.09,16.04,0.544,135.47,93.49,-72.97,3.09,242.3,3.76,A,Normal,0
PCB_03637,LOT_20260308,SMD_Line_C,Mounter_01,FD_04,NZ_02,IC_QFP_48,-4.84,-17.03,0.05,123.44,105.84,-73.61,2.73,242.7,4.35,A,Normal,0
PCB_03638,LOT_20260308,SMD_Line_A,Mounter_03,FD_12,NZ_05,CHIP_1005,-6.26,8.53,0.846,132.18,88.96,-74.39,3.27,245.8,4.35,A,Normal,0
PCB_03639,LOT_20260308,SMD_Line_A,Mounter_01,FD_01,NZ_08,CHIP_0603,-8.73,7.63,0.5,125.47,88.81,-76.39,3.26,236.6,4.21,A,Normal,0
PCB_03640,LOT_20260308,SMD_Line_A,Mounter_02,FD_01,NZ_08,IC_QFP_48,-5.63,-4.9,0.544,98.82,88.57,-74.84,3.09,247.3,4.35,A,Normal,0
PCB_03641,LOT_20260308,SMD_Line_A,Mounter_03,FD_07,NZ_08,CHIP_1005,-9.19,14.07,-0.063,122.62,81.16,-65.84,3.48,244.9,3.85,F,Tombstone,1
PCB_03642,LOT_20260308,SMD_Line_C,Mounter_04,FD_18,NZ_02,CHIP_0603,-1.94,4.89,0.221,144.33,98.86,-66.79,3.69,247.2,4.53,A,Normal,0
PCB_03643,LOT_20260308,SMD_Line_B,Mounter_02,FD_23,NZ_08,BGA_256,9.83,16.2,-0.403,137.8,123.88,-73.2,2.65,244.0,4.41,B,Normal,0
PCB_03644,LOT_20260308,SMD_Line_B,Mounter_02,FD_23,NZ_04,IC_QFP_48,8.54,-14.96,-0.24,126.49,76.03,-73.73,2.75,241.5,3.82,B,Normal,0
PCB_03645,LOT_20260308,SMD_Line_C,Mounter_03,FD_15,NZ_01,CAP_3216,-10.48,-8.43,0.006,131.48,120.23,-68.01,2.39,245.5,3.96,A,Normal,0
PCB_03646,LOT_20260308,SMD_Line_A,Mounter_02,FD_13,NZ_07,CHIP_0603,1.9,1.11,-0.783,117.92,67.42,-74.12,3.37,249.2,4.17,C,Normal,0
PCB_03647,LOT_20260308,SMD_Line_B,Mounter_02,FD_16,NZ_08,CHIP_1005,8.08,13.84,-0.228,119.53,105.99,-69.67,4.09,242.7,3.97,A,Normal,0
PCB_03648,LOT_20260308,SMD_Line_B,Mounter_02,FD_07,NZ_05,CHIP_0603,-11.75,5.37,0.357,130.1,77.71,-75.87,2.36,248.5,3.81,B,Normal,0
PCB_03649,LOT_20260308,SMD_Line_B,Mounter_02,FD_16,NZ_01,CAP_3216,1.77,-11.19,-0.221,126.76,106.13,-71.41,2.7,243.7,4.72,A,Normal,0
PCB_03650,LOT_20260308,SMD_Line_C,Mounter_02,FD_13,NZ_04,CHIP_0603,15.17,20.96,-0.331,118.7,90.25,-73.65,2.33,243.1,4.65,A,Normal,0
PCB_03651,LOT_20260308,SMD_Line_C,Mounter_02,FD_14,NZ_07,IC_QFP_48,-3.06,-3.48,-0.173,129.0,108.62,-70.39,2.84,248.7,4.5,A,Normal,0
PCB_03652,LOT_20260308,SMD_Line_A,Mounter_02,FD_17,NZ_02,IC_QFP_48,-25.22,-10.81,0.337,113.31,90.34,-67.48,1.92,246.5,3.61,B,Normal,0
PCB_03653,LOT_20260308,SMD_Line_C,Mounter_02,FD_12,NZ_03,CHIP_1005,-31.47,-9.15,0.162,153.61,105.92,-74.12,3.85,239.2,5.13,B,Normal,0
PCB_03654,LOT_20260308,SMD_Line_A,Mounter_04,FD_24,NZ_04,CAP_3216,3.89,-15.72,-0.101,143.43,97.4,-75.73,3.6,244.2,4.36,A,Normal,0
PCB_03655,LOT_20260308,SMD_Line_A,Mounter_02,FD_24,NZ_03,BGA_256,1.33,-26.52,0.008,97.43,,-73.04,3.31,240.1,4.14,A,Normal,0
PCB_03656,LOT_20260308,SMD_Line_A,Mounter_04,FD_20,NZ_01,CHIP_0603,2.35,-1.38,0.386,142.58,97.67,-67.32,3.74,247.2,4.62,A,Normal,0
PCB_03657,LOT_20260308,SMD_Line_A,Mounter_04,FD_13,NZ_05,CHIP_0603,6.12,-18.34,0.588,124.41,102.48,-71.54,3.71,241.2,4.14,F,Tombstone,1
PCB_03658,LOT_20260308,SMD_Line_B,Mounter_01,FD_24,NZ_07,CHIP_0603,-18.49,3.7,-0.214,121.8,,-72.26,3.16,245.7,2.76,A,Normal,0
PCB_03659,LOT_20260308,SMD_Line_B,Mounter_01,FD_20,NZ_02,CHIP_0603,-10.09,11.61,-0.037,141.3,110.48,-67.96,2.39,247.2,4.33,A,Normal,0
PCB_03660,LOT_20260308,SMD_Line_C,Mounter_04,FD_15,NZ_07,BGA_256,5.29,4.44,0.56,127.85,111.17,-70.19,2.75,247.2,4.75,A,Normal,0
PCB_03661,LOT_20260308,SMD_Line_B,Mounter_04,FD_24,NZ_04,CAP_3216,9.2,0.52,0.235,124.19,100.43,-63.88,3.15,242.7,4.39,A,Normal,0
PCB_03662,LOT_20260308,SMD_Line_B,Mounter_02,FD_21,NZ_02,CHIP_0603,-3.21,-18.18,-0.631,110.07,79.16,-75.82,2.73,245.2,3.27,B,Normal,0
PCB_03663,LOT_20260308,SMD_Line_A,Mounter_01,FD_04,NZ_03,CHIP_1005,-17.9,9.98,-0.402,143.73,88.25,-72.03,4.24,242.1,4.63,A,Normal,0
PCB_03664,LOT_20260308,SMD_Line_A,Mounter_03,FD_22,NZ_03,CHIP_1005,4.25,22.97,-0.388,145.55,109.37,-76.84,3.29,243.2,4.34,A,Normal,0
PCB_03665,LOT_20260308,SMD_Line_B,Mounter_01,FD_02,NZ_06,CHIP_0603,0.64,16.62,-0.187,132.42,,-75.82,3.26,241.0,4.37,A,Normal,0
PCB_03666,LOT_20260308,SMD_Line_B,Mounter_04,FD_18,NZ_07,CHIP_1005,-13.23,-15.7,0.166,112.51,91.12,-67.4,3.77,245.2,3.44,A,Normal,0
PCB_03667,LOT_20260308,SMD_Line_C,Mounter_04,FD_02,NZ_08,CHIP_0603,-24.8,-0.92,0.848,134.54,92.63,-75.16,3.37,247.0,3.92,B,Normal,0
PCB_03668,LOT_20260308,SMD_Line_A,Mounter_02,FD_15,NZ_05,CHIP_1005,7.14,-3.34,-0.037,139.62,97.14,-66.52,3.04,241.5,3.65,A,Normal,0
PCB_03669,LOT_20260308,SMD_Line_A,Mounter_02,FD_19,NZ_08,IC_QFP_48,-7.72,-4.7,0.297,129.6,,-75.88,4.11,241.5,4.65,A,Normal,0
PCB_03670,LOT_20260308,SMD_Line_B,Mounter_01,FD_15,NZ_03,IC_QFP_48,2.33,0.32,0.51,143.22,100.38,-72.32,3.46,251.7,4.44,A,Normal,0
PCB_03671,LOT_20260308,SMD_Line_A,Mounter_02,FD_20,NZ_05,CHIP_0603,1.87,25.55,0.669,132.54,87.1,-76.18,2.9,241.5,3.88,B,Normal,0
PCB_03672,LOT_20260308,SMD_Line_A,Mounter_03,FD_10,NZ_06,BGA_256,-14.34,1.27,0.511,134.56,,-69.71,3.31,248.0,3.83,A,Normal,0
PCB_03673,LOT_20260308,SMD_Line_B,Mounter_03,FD_24,NZ_04,IC_QFP_48,5.22,-5.24,-0.336,152.21,121.24,-71.28,2.88,249.2,4.04,A,Normal,0
PCB_03674,LOT_20260308,SMD_Line_A,Mounter_02,FD_20,NZ_06,BGA_256,-10.75,3.52,-0.653,122.62,116.76,-67.6,2.71,246.2,4.34,A,Normal,0
PCB_03675,LOT_20260308,SMD_Line_B,Mounter_03,FD_11,NZ_05,CHIP_1005,-18.69,-15.5,-0.283,106.48,106.09,-69.05,3.67,246.5,4.64,A,Normal,0
PCB_03676,LOT_20260308,SMD_Line_A,Mounter_03,FD_10,NZ_03,BGA_256,-20.29,-8.45,0.076,127.46,107.31,-71.57,2.9,245.3,3.74,F,Tombstone,1
PCB_03677,LOT_20260308,SMD_Line_A,Mounter_01,FD_23,NZ_01,BGA_256,-0.04,11.64,-0.334,121.54,103.07,-71.6,2.74,239.3,4.38,A,Normal,0
PCB_03678,LOT_20260308,SMD_Line_A,Mounter_03,FD_05,NZ_05,CHIP_1005,19.93,2.22,-0.731,108.67,99.15,-76.43,3.31,249.5,4.02,A,Normal,0
PCB_03679,LOT_20260308,SMD_Line_C,Mounter_04,FD_09,NZ_02,CHIP_1005,0.51,24.8,-0.547,139.33,89.35,,3.83,243.1,2.73,B,Normal,0
PCB_03680,LOT_20260308,SMD_Line_A,Mounter_04,FD_20,NZ_08,CAP_3216,22.29,3.16,1.353,130.01,117.17,-72.34,1.94,248.5,3.93,C,Normal,0
PCB_03681,LOT_20260308,SMD_Line_C,Mounter_01,FD_19,NZ_01,IC_QFP_48,18.11,-14.7,-0.099,102.68,122.19,-69.69,2.77,244.9,4.4,B,Normal,0
PCB_03682,LOT_20260308,SMD_Line_A,Mounter_02,FD_13,NZ_07,CAP_3216,6.45,-18.7,0.81,153.19,93.13,,1.86,247.0,3.79,A,Normal,0
PCB_03683,LOT_20260308,SMD_Line_C,Mounter_01,FD_18,NZ_05,IC_QFP_48,19.68,11.82,-0.106,119.08,112.93,-74.25,1.17,246.1,4.37,A,Normal,0
PCB_03684,LOT_20260308,SMD_Line_A,Mounter_02,FD_17,NZ_02,CHIP_1005,18.27,-12.29,0.357,120.76,94.5,-74.53,3.23,243.0,4.55,A,Normal,0
PCB_03685,LOT_20260308,SMD_Line_B,Mounter_02,FD_06,NZ_08,CHIP_0603,14.73,-13.35,-0.064,144.12,90.17,-71.73,2.41,248.3,4.78,A,Normal,0
PCB_03686,LOT_20260308,SMD_Line_B,Mounter_02,FD_10,NZ_07,CHIP_0603,-23.55,-6.08,0.003,136.42,94.37,-72.92,3.66,239.4,3.67,A,Normal,0
PCB_03687,LOT_20260308,SMD_Line_C,Mounter_02,FD_02,NZ_06,CAP_3216,-2.96,11.76,0.35,146.38,95.08,-77.11,2.48,250.2,4.79,A,Normal,0
PCB_03688,LOT_20260308,SMD_Line_A,Mounter_02,FD_24,NZ_01,CHIP_0603,-8.67,-4.34,-0.181,97.3,106.76,-75.51,3.55,249.6,4.22,A,Normal,0
PCB_03689,LOT_20260308,SMD_Line_A,Mounter_01,FD_06,NZ_05,CHIP_0603,14.64,-9.93,-0.537,125.71,94.19,-68.24,3.37,243.9,3.41,A,Normal,0
PCB_03690,LOT_20260308,SMD_Line_A,Mounter_02,FD_21,NZ_04,IC_QFP_48,-3.84,14.31,-0.362,132.01,109.79,,2.64,246.1,4.08,A,Normal,0
PCB_03691,LOT_20260308,SMD_Line_C,Mounter_03,FD_13,NZ_06,IC_QFP_48,21.9,12.3,-0.365,149.52,90.76,,2.9,243.9,4.05,A,Normal,0
PCB_03692,LOT_20260308,SMD_Line_B,Mounter_03,FD_18,NZ_02,CHIP_0603,1.27,19.67,0.038,117.33,98.81,-67.62,3.3,241.5,3.93,A,Normal,0
PCB_03693,LOT_20260308,SMD_Line_C,Mounter_02,FD_07,NZ_04,CHIP_0603,-0.35,15.95,-0.853,124.89,85.94,-72.22,3.52,244.6,3.58,B,Normal,0
PCB_03694,LOT_20260308,SMD_Line_A,Mounter_03,FD_02,NZ_03,CHIP_1005,-4.73,12.5,0.137,132.11,83.88,,4.02,246.1,4.32,A,Normal,0
PCB_03695,LOT_20260308,SMD_Line_A,Mounter_04,FD_14,NZ_06,CHIP_0603,-2.31,-8.86,0.57,141.42,103.93,-72.13,3.33,250.6,4.17,A,Normal,0
PCB_03696,LOT_20260308,SMD_Line_A,Mounter_01,FD_05,NZ_08,IC_QFP_48,3.36,7.78,-0.229,113.36,,-71.79,3.17,244.2,3.92,A,Normal,0
PCB_03697,LOT_20260308,SMD_Line_C,Mounter_01,FD_18,NZ_06,CHIP_0603,-0.83,14.33,-0.295,142.17,94.0,-61.01,3.21,245.0,3.72,B,Normal,0
PCB_03698,LOT_20260308,SMD_Line_B,Mounter_02,FD_11,NZ_08,BGA_256,-5.81,21.9,0.885,121.15,88.4,-74.43,3.05,250.5,3.28,B,Normal,0
PCB_03699,LOT_20260308,SMD_Line_C,Mounter_02,FD_10,NZ_05,BGA_256,-5.07,2.02,0.662,135.63,85.59,-70.07,2.92,247.1,4.97,A,Normal,0
PCB_03700,LOT_20260308,SMD_Line_A,Mounter_04,FD_11,NZ_05,IC_QFP_48,22.76,-5.81,0.192,127.1,103.82,-70.15,2.64,239.1,4.07,A,Normal,0
PCB_03701,LOT_20260308,SMD_Line_B,Mounter_02,FD_02,NZ_02,CHIP_0603,24.97,-10.43,-0.336,134.12,91.25,-67.98,3.43,244.9,4.6,B,Normal,0
PCB_03702,LOT_20260308,SMD_Line_B,Mounter_03,FD_15,NZ_06,CHIP_1005,-5.88,11.56,0.263,133.18,119.14,-72.25,2.69,248.5,4.76,A,Normal,0
PCB_03703,LOT_20260308,SMD_Line_A,Mounter_04,FD_07,NZ_05,CHIP_1005,10.61,-7.87,-0.454,149.16,101.71,,3.3,255.3,4.72,A,Normal,0
PCB_03704,LOT_20260308,SMD_Line_C,Mounter_03,FD_09,NZ_03,CHIP_0603,-10.35,1.27,-0.595,126.47,105.93,-73.26,3.18,245.8,4.54,A,Normal,0
PCB_03705,LOT_20260308,SMD_Line_C,Mounter_01,FD_05,NZ_08,BGA_256,-4.09,-10.39,0.203,125.46,116.53,-73.57,3.59,236.3,4.31,A,Normal,0
PCB_03706,LOT_20260308,SMD_Line_C,Mounter_03,FD_07,NZ_07,CHIP_1005,-13.59,-1.88,-0.215,146.03,89.69,-69.05,3.34,237.4,3.35,A,Normal,0
PCB_03707,LOT_20260308,SMD_Line_B,Mounter_01,FD_20,NZ_07,BGA_256,12.75,5.18,-0.91,151.0,,-67.69,2.73,242.1,4.99,A,Normal,0
PCB_03708,LOT_20260308,SMD_Line_A,Mounter_03,FD_02,NZ_07,CHIP_0603,6.06,3.18,0.264,124.06,105.65,-76.37,2.53,241.0,3.63,A,Normal,0
PCB_03709,LOT_20260308,SMD_Line_A,Mounter_01,FD_03,NZ_05,CHIP_0603,8.44,8.71,0.657,140.39,93.43,-74.7,3.82,248.5,4.95,A,Normal,0
PCB_03710,LOT_20260308,SMD_Line_C,Mounter_02,FD_02,NZ_06,CAP_3216,11.1,-16.21,0.297,117.19,81.21,-71.4,2.95,252.9,4.05,B,Normal,0
PCB_03711,LOT_20260308,SMD_Line_A,Mounter_03,FD_21,NZ_07,CHIP_1005,-10.87,-1.38,-0.224,140.47,73.76,-69.92,4.04,248.3,4.69,B,Normal,0
PCB_03712,LOT_20260308,SMD_Line_B,Mounter_01,FD_22,NZ_01,CHIP_1005,-4.06,-5.55,-0.963,143.8,88.76,-67.28,1.63,248.8,4.63,F,Tombstone,1
PCB_03713,LOT_20260308,SMD_Line_B,Mounter_03,FD_23,NZ_04,CHIP_1005,5.57,-11.59,0.066,125.87,113.03,-71.6,3.31,247.8,4.38,A,Normal,0
PCB_03714,LOT_20260308,SMD_Line_B,Mounter_04,FD_19,NZ_06,CHIP_0603,-4.32,-8.84,-0.296,146.66,90.25,-67.96,3.71,246.5,4.38,A,Normal,0
PCB_03715,LOT_20260308,SMD_Line_C,Mounter_02,FD_04,NZ_08,IC_QFP_48,0.87,-10.55,-0.406,126.06,111.17,-78.31,3.25,241.8,4.11,A,Normal,0
PCB_03716,LOT_20260308,SMD_Line_A,Mounter_01,FD_24,NZ_03,CHIP_0603,-10.0,4.13,-0.876,130.36,90.5,-76.2,3.33,248.3,4.22,A,Normal,0
PCB_03717,LOT_20260308,SMD_Line_A,Mounter_04,FD_20,NZ_06,CHIP_1005,16.62,4.72,0.845,135.87,100.19,-72.03,3.54,243.5,4.22,A,Normal,0
PCB_03718,LOT_20260308,SMD_Line_A,Mounter_03,FD_07,NZ_03,CHIP_1005,11.73,10.33,-0.494,115.6,106.0,-68.34,3.7,248.5,4.28,A,Normal,0
PCB_03719,LOT_20260308,SMD_Line_B,Mounter_04,FD_22,NZ_06,CAP_3216,15.46,3.87,-0.82,109.62,112.02,-73.13,3.56,246.8,4.13,F,Tombstone,1
PCB_03720,LOT_20260308,SMD_Line_A,Mounter_03,FD_07,NZ_07,CHIP_1005,8.24,1.87,0.763,134.2,,-73.02,3.94,245.0,3.53,A,Normal,0
PCB_03721,LOT_20260308,SMD_Line_A,Mounter_02,FD_17,NZ_04,CHIP_0603,-13.67,0.93,0.014,118.87,91.96,,2.92,241.9,3.99,A,Normal,0
PCB_03722,LOT_20260308,SMD_Line_C,Mounter_04,FD_19,NZ_04,CHIP_1005,-5.99,7.97,-0.056,111.69,75.9,-72.8,4.2,244.7,4.41,B,Normal,0
PCB_03723,LOT_20260308,SMD_Line_C,Mounter_02,FD_22,NZ_03,CHIP_0603,-8.77,-24.86,0.139,141.53,94.5,-67.09,2.58,242.6,4.13,A,Normal,0
PCB_03724,LOT_20260308,SMD_Line_A,Mounter_01,FD_16,NZ_06,CHIP_0603,-3.22,-0.7,0.196,152.75,139.51,-71.65,3.77,237.8,4.2,F,Solder_Bridge,1
PCB_03725,LOT_20260308,SMD_Line_A,Mounter_03,FD_03,NZ_04,CHIP_0603,13.22,3.74,0.096,142.86,97.04,-63.39,3.44,240.3,3.9,A,Normal,0
PCB_03726,LOT_20260308,SMD_Line_C,Mounter_03,FD_15,NZ_02,CHIP_1005,-18.41,21.12,-0.678,112.23,82.6,-71.47,4.54,246.2,4.49,B,Normal,0
PCB_03727,LOT_20260308,SMD_Line_A,Mounter_02,FD_14,NZ_06,CHIP_0603,-7.3,-13.12,-0.713,132.67,97.84,-73.33,3.38,234.1,4.51,F,Tombstone,1
PCB_03728,LOT_20260308,SMD_Line_A,Mounter_02,FD_15,NZ_04,CHIP_1005,-4.93,-13.53,-0.328,125.36,108.54,-71.69,3.61,255.0,3.04,A,Normal,0
PCB_03729,LOT_20260308,SMD_Line_A,Mounter_01,FD_14,NZ_01,CAP_3216,-16.43,-26.8,-0.23,117.21,92.47,-68.17,2.21,242.9,3.42,B,Normal,0
PCB_03730,LOT_20260308,SMD_Line_B,Mounter_04,FD_07,NZ_01,IC_QFP_48,2.56,-16.41,-0.162,131.28,86.61,-72.58,3.71,248.6,4.11,A,Normal,0
PCB_03731,LOT_20260308,SMD_Line_A,Mounter_03,FD_03,NZ_02,CHIP_0603,-4.27,-1.79,0.103,128.99,130.15,-81.84,3.37,235.9,4.45,F,Solder_Bridge,1
PCB_03732,LOT_20260308,SMD_Line_C,Mounter_03,FD_17,NZ_04,CHIP_0603,13.9,-8.54,-0.126,126.51,104.46,-73.66,3.64,240.9,4.35,A,Normal,0
PCB_03733,LOT_20260308,SMD_Line_B,Mounter_01,FD_10,NZ_01,IC_QFP_48,-3.44,-8.8,-0.306,144.82,118.38,-80.11,2.63,249.5,4.13,A,Normal,0
PCB_03734,LOT_20260308,SMD_Line_B,Mounter_01,FD_15,NZ_07,BGA_256,5.74,0.27,0.178,149.5,95.2,-70.19,2.9,246.8,4.62,A,Normal,0
PCB_03735,LOT_20260308,SMD_Line_A,Mounter_02,FD_06,NZ_06,CHIP_0603,1.44,6.87,0.321,125.15,121.28,-75.92,3.31,243.3,4.5,A,Normal,0
PCB_03736,LOT_20260308,SMD_Line_B,Mounter_02,FD_17,NZ_05,BGA_256,-31.02,0.15,-0.364,127.31,110.89,-71.83,3.16,253.3,4.1,B,Normal,0
PCB_03737,LOT_20260308,SMD_Line_B,Mounter_04,FD_17,NZ_04,CHIP_1005,-17.94,0.32,-0.616,126.29,106.13,-77.15,3.36,239.1,4.13,F,Tombstone,1
PCB_03738,LOT_20260308,SMD_Line_C,Mounter_01,FD_14,NZ_08,CHIP_1005,4.79,4.76,0.081,137.72,85.26,-72.3,3.3,249.6,3.55,A,Normal,0
PCB_03739,LOT_20260308,SMD_Line_C,Mounter_04,FD_24,NZ_02,CAP_3216,4.22,-21.63,-0.189,134.97,91.17,-71.41,2.9,243.2,4.25,A,Normal,0
PCB_03740,LOT_20260308,SMD_Line_B,Mounter_01,FD_18,NZ_04,IC_QFP_48,-0.86,1.52,0.376,119.36,105.4,-73.73,3.06,241.4,4.48,A,Normal,0
PCB_03741,LOT_20260308,SMD_Line_C,Mounter_03,FD_05,NZ_03,BGA_256,16.63,-0.88,-0.443,128.07,95.83,-72.16,2.75,236.7,3.84,A,Normal,0
PCB_03742,LOT_20260308,SMD_Line_C,Mounter_01,FD_08,NZ_03,CHIP_1005,6.37,-0.08,-0.543,107.55,104.47,-77.89,4.85,237.3,4.22,A,Normal,0
PCB_03743,LOT_20260308,SMD_Line_C,Mounter_01,FD_07,NZ_01,CHIP_1005,19.63,-6.89,-0.285,106.43,94.28,-71.84,3.4,245.6,4.37,A,Normal,0
PCB_03744,LOT_20260308,SMD_Line_A,Mounter_03,FD_23,NZ_08,CHIP_1005,-30.75,-2.42,0.234,112.29,105.06,-74.23,4.25,245.3,4.64,B,Normal,0
PCB_03745,LOT_20260308,SMD_Line_A,Mounter_01,FD_04,NZ_03,CHIP_0603,21.68,4.75,-0.158,126.23,92.14,-71.69,2.58,241.8,4.05,A,Normal,0
PCB_03746,LOT_20260308,SMD_Line_A,Mounter_04,FD_18,NZ_02,CHIP_1005,-7.59,18.99,-0.04,139.17,105.4,-72.42,3.15,244.1,3.77,A,Normal,0
PCB_03747,LOT_20260308,SMD_Line_B,Mounter_02,FD_05,NZ_08,CHIP_0603,0.31,-19.96,-0.223,118.26,87.9,-72.84,2.93,244.4,4.03,A,Normal,0
PCB_03748,LOT_20260308,SMD_Line_B,Mounter_02,FD_16,NZ_01,CHIP_0603,14.83,6.75,0.457,128.11,95.89,-73.57,3.44,243.0,4.35,A,Normal,0
PCB_03749,LOT_20260308,SMD_Line_B,Mounter_04,FD_14,NZ_02,CHIP_1005,-26.43,14.37,0.217,133.28,97.42,-71.04,3.32,240.8,4.32,F,Tombstone,1
PCB_03750,LOT_20260308,SMD_Line_C,Mounter_03,FD_19,NZ_06,IC_QFP_48,-3.17,-14.99,-0.685,153.04,89.18,-66.16,2.52,247.2,3.43,A,Normal,0
PCB_03751,LOT_20260308,SMD_Line_C,Mounter_01,FD_14,NZ_02,CAP_3216,12.61,-2.12,0.406,130.84,92.3,-72.47,3.49,250.2,4.03,A,Normal,0
PCB_03752,LOT_20260308,SMD_Line_C,Mounter_04,FD_09,NZ_03,CHIP_1005,-7.71,3.25,0.266,131.51,103.36,-70.11,3.36,246.6,3.69,A,Normal,0
PCB_03753,LOT_20260308,SMD_Line_A,Mounter_02,FD_06,NZ_06,CHIP_1005,11.42,23.71,0.488,120.92,108.49,-66.52,3.38,246.8,4.22,B,Normal,0
PCB_03754,LOT_20260308,SMD_Line_B,Mounter_02,FD_17,NZ_03,CHIP_0603,8.45,25.65,-0.238,157.55,103.01,-70.59,3.89,248.2,4.38,A,Normal,0
PCB_03755,LOT_20260308,SMD_Line_A,Mounter_04,FD_19,NZ_02,CAP_3216,2.11,-14.99,-0.423,141.47,106.08,-69.36,3.77,244.0,4.71,A,Normal,0
PCB_03756,LOT_20260308,SMD_Line_A,Mounter_02,FD_12,NZ_03,CHIP_1005,7.49,-3.57,-0.037,113.33,101.03,-75.0,4.18,242.3,4.83,A,Normal,0
PCB_03757,LOT_20260308,SMD_Line_A,Mounter_04,FD_04,NZ_08,IC_QFP_48,16.18,2.35,0.073,152.47,91.66,-70.73,3.4,236.6,4.45,A,Normal,0
PCB_03758,LOT_20260308,SMD_Line_A,Mounter_02,FD_16,NZ_03,IC_QFP_48,7.53,6.57,0.533,140.75,79.28,-70.77,3.75,242.7,3.99,A,Normal,0
PCB_03759,LOT_20260308,SMD_Line_B,Mounter_04,FD_11,NZ_03,CHIP_0603,11.61,2.37,0.286,133.51,93.65,-65.78,3.09,242.4,3.94,A,Normal,0
PCB_03760,LOT_20260308,SMD_Line_C,Mounter_01,FD_22,NZ_04,CHIP_1005,-11.02,-11.19,0.067,139.9,98.54,-76.37,3.32,240.6,4.43,A,Normal,0
PCB_03761,LOT_20260308,SMD_Line_A,Mounter_01,FD_04,NZ_06,CAP_3216,7.27,-11.71,-0.057,147.04,92.47,-64.39,3.55,246.0,4.58,A,Normal,0
PCB_03762,LOT_20260308,SMD_Line_B,Mounter_01,FD_17,NZ_08,CHIP_0603,6.12,-18.19,0.007,118.7,118.63,-67.98,2.9,244.2,3.59,A,Normal,0
PCB_03763,LOT_20260308,SMD_Line_B,Mounter_01,FD_08,NZ_06,IC_QFP_48,14.05,-23.84,-0.177,124.16,103.32,-68.62,3.24,246.8,5.39,A,Normal,0
PCB_03764,LOT_20260308,SMD_Line_A,Mounter_02,FD_14,NZ_07,CAP_3216,-14.47,-18.46,0.306,129.42,98.9,-76.02,2.43,240.3,4.41,A,Normal,0
PCB_03765,LOT_20260308,SMD_Line_B,Mounter_03,FD_02,NZ_06,CHIP_0603,13.42,13.71,-0.653,111.4,106.56,-75.17,3.94,238.6,4.62,A,Normal,0
PCB_03766,LOT_20260308,SMD_Line_A,Mounter_04,FD_11,NZ_07,BGA_256,-10.99,8.38,0.004,140.94,124.27,-69.81,3.96,247.8,4.43,B,Normal,0
PCB_03767,LOT_20260308,SMD_Line_B,Mounter_03,FD_11,NZ_02,CAP_3216,29.26,6.53,0.47,125.87,96.62,-79.28,2.47,248.5,3.68,B,Normal,0
PCB_03768,LOT_20260308,SMD_Line_B,Mounter_02,FD_24,NZ_07,IC_QFP_48,-11.11,-2.63,-0.511,124.21,88.43,-77.27,3.89,241.5,3.98,A,Normal,0
PCB_03769,LOT_20260308,SMD_Line_A,Mounter_02,FD_22,NZ_07,CHIP_0603,-14.58,-0.49,0.875,120.36,103.86,-69.21,3.78,243.5,3.81,A,Normal,0
PCB_03770,LOT_20260308,SMD_Line_A,Mounter_03,FD_24,NZ_05,CHIP_0603,-3.63,-3.17,-0.485,129.49,86.21,-67.83,3.39,246.2,3.36,A,Normal,0
PCB_03771,LOT_20260308,SMD_Line_B,Mounter_03,FD_06,NZ_02,CHIP_0603,13.1,-18.73,-0.227,132.34,88.56,-64.5,3.39,247.4,3.59,A,Normal,0
PCB_03772,LOT_20260308,SMD_Line_C,Mounter_02,FD_21,NZ_06,BGA_256,4.44,7.64,0.462,144.94,117.09,-73.17,3.54,237.6,5.08,A,Normal,0
PCB_03773,LOT_20260308,SMD_Line_A,Mounter_02,FD_21,NZ_01,BGA_256,20.99,10.06,0.653,145.36,115.55,-75.03,2.41,249.1,4.09,B,Normal,0
PCB_03774,LOT_20260308,SMD_Line_B,Mounter_04,FD_14,NZ_03,CHIP_1005,-3.76,-13.57,0.161,112.99,107.8,-74.69,4.58,239.4,4.63,A,Normal,0
PCB_03775,LOT_20260308,SMD_Line_B,Mounter_01,FD_10,NZ_03,CHIP_1005,-6.12,-13.58,0.149,136.91,104.68,-70.42,1.9,239.1,3.92,F,Tombstone,1
PCB_03776,LOT_20260308,SMD_Line_C,Mounter_01,FD_08,NZ_05,CHIP_0603,-9.18,4.15,0.805,148.45,85.35,-72.7,2.32,243.3,3.84,A,Normal,0
PCB_03777,LOT_20260308,SMD_Line_C,Mounter_04,FD_07,NZ_01,IC_QFP_48,-6.58,4.05,-0.616,126.66,90.3,-76.74,3.84,243.2,4.95,A,Normal,0
PCB_03778,LOT_20260308,SMD_Line_B,Mounter_03,FD_08,NZ_04,IC_QFP_48,-17.47,8.65,-0.776,127.45,115.88,-70.16,3.75,245.1,4.11,B,Normal,0
PCB_03779,LOT_20260308,SMD_Line_B,Mounter_02,FD_08,NZ_07,CAP_3216,-8.11,16.68,-0.866,124.05,93.92,,4.22,245.7,4.09,A,Normal,0
PCB_03780,LOT_20260308,SMD_Line_C,Mounter_03,FD_23,NZ_08,IC_QFP_48,-15.13,-12.48,-0.383,138.07,90.4,-69.39,3.26,252.1,4.33,F,Tombstone,1
PCB_03781,LOT_20260308,SMD_Line_A,Mounter_01,FD_02,NZ_02,BGA_256,8.99,-0.97,-0.322,134.31,97.72,-69.53,2.65,241.2,4.52,F,Tombstone,1
PCB_03782,LOT_20260308,SMD_Line_A,Mounter_01,FD_16,NZ_04,IC_QFP_48,18.5,-11.81,0.171,144.69,106.92,-73.04,3.24,249.5,3.93,A,Normal,0
PCB_03783,LOT_20260308,SMD_Line_A,Mounter_03,FD_09,NZ_01,CHIP_1005,2.77,-10.96,0.453,128.33,97.51,-71.0,3.71,238.8,3.11,A,Normal,0
PCB_03784,LOT_20260308,SMD_Line_C,Mounter_01,FD_13,NZ_05,CHIP_1005,-8.42,-5.07,0.409,148.9,97.86,-73.02,2.78,239.8,4.78,A,Normal,0
PCB_03785,LOT_20260308,SMD_Line_C,Mounter_02,FD_23,NZ_01,CAP_3216,9.3,17.0,0.396,138.96,73.86,-72.25,2.56,241.1,4.41,F,Tombstone,1
PCB_03786,LOT_20260308,SMD_Line_A,Mounter_04,FD_12,NZ_05,IC_QFP_48,-0.49,13.04,-0.431,147.65,99.15,-76.48,3.22,236.9,3.76,A,Normal,0
PCB_03787,LOT_20260308,SMD_Line_B,Mounter_03,FD_22,NZ_04,CHIP_1005,12.69,-0.88,0.173,121.06,111.97,-83.88,2.77,246.9,4.12,A,Normal,0
PCB_03788,LOT_20260308,SMD_Line_B,Mounter_02,FD_17,NZ_04,CHIP_0603,-11.82,-25.44,-0.33,153.51,99.18,-72.44,3.1,250.1,4.86,A,Normal,0
PCB_03789,LOT_20260308,SMD_Line_A,Mounter_02,FD_02,NZ_08,CHIP_0603,-10.95,4.63,0.27,121.67,124.84,-75.48,2.83,248.8,4.99,B,Normal,0
PCB_03790,LOT_20260308,SMD_Line_C,Mounter_01,FD_13,NZ_01,CHIP_1005,9.08,4.36,0.019,122.37,91.33,-74.99,3.55,238.5,4.03,A,Normal,0
PCB_03791,LOT_20260308,SMD_Line_A,Mounter_02,FD_01,NZ_01,CHIP_0603,-0.25,-11.02,0.398,124.1,94.13,-75.2,2.93,254.6,4.95,A,Normal,0
PCB_03792,LOT_20260308,SMD_Line_A,Mounter_03,FD_19,NZ_07,CHIP_0603,11.59,9.8,1.069,122.5,,,2.89,245.5,4.2,F,Tombstone,1
PCB_03793,LOT_20260308,SMD_Line_B,Mounter_02,FD_11,NZ_03,CHIP_1005,-10.73,-11.24,-0.015,158.4,91.62,-68.23,3.62,251.5,3.83,A,Normal,0
PCB_03794,LOT_20260308,SMD_Line_B,Mounter_04,FD_05,NZ_05,CHIP_0603,5.42,9.77,-0.497,137.83,106.44,-70.81,2.53,244.4,3.94,A,Normal,0
PCB_03795,LOT_20260308,SMD_Line_A,Mounter_02,FD_01,NZ_03,BGA_256,6.83,2.84,-0.734,137.44,96.7,-73.14,2.66,244.5,5.09,A,Normal,0
PCB_03796,LOT_20260308,SMD_Line_B,Mounter_02,FD_20,NZ_02,CHIP_1005,-19.21,-17.23,-0.404,101.63,123.33,-70.84,3.4,243.4,4.49,F,Tombstone,1
PCB_03797,LOT_20260308,SMD_Line_B,Mounter_04,FD_13,NZ_02,CHIP_1005,-0.04,-4.27,0.48,149.28,102.97,-68.16,2.68,253.7,3.73,A,Normal,0
PCB_03798,LOT_20260308,SMD_Line_A,Mounter_02,FD_08,NZ_01,CHIP_0603,-25.2,1.71,0.218,114.42,89.54,-66.18,3.98,250.8,4.72,A,Normal,0
PCB_03799,LOT_20260308,SMD_Line_A,Mounter_02,FD_06,NZ_04,CHIP_0603,18.37,3.54,0.104,129.45,88.09,-74.65,2.57,244.8,4.73,A,Normal,0
PCB_03800,LOT_20260308,SMD_Line_B,Mounter_01,FD_17,NZ_02,CHIP_1005,-16.47,12.19,0.172,119.44,120.0,-77.31,3.13,243.7,3.99,B,Normal,0
PCB_03801,LOT_20260308,SMD_Line_A,Mounter_03,FD_12,NZ_02,BGA_256,-2.36,13.66,0.324,133.59,102.65,-70.92,2.68,248.1,4.43,A,Normal,0
PCB_03802,LOT_20260308,SMD_Line_C,Mounter_01,FD_01,NZ_08,IC_QFP_48,-0.06,-2.82,-0.701,153.01,115.66,-78.28,4.08,237.2,4.91,A,Normal,0
PCB_03803,LOT_20260308,SMD_Line_C,Mounter_03,FD_03,NZ_03,CHIP_0603,-12.03,6.6,0.444,115.58,100.83,-71.03,2.57,235.9,3.62,A,Normal,0
PCB_03804,LOT_20260308,SMD_Line_C,Mounter_04,FD_14,NZ_08,CHIP_1005,23.12,18.97,0.175,119.22,100.19,-71.22,4.35,240.6,3.29,B,Normal,0
PCB_03805,LOT_20260308,SMD_Line_A,Mounter_04,FD_08,NZ_03,CHIP_0603,-8.65,-12.02,-0.648,132.09,116.08,-72.47,3.25,246.6,3.86,A,Normal,0
PCB_03806,LOT_20260308,SMD_Line_C,Mounter_04,FD_11,NZ_07,CAP_3216,-3.37,-7.17,0.151,153.55,104.47,,3.09,249.5,3.32,A,Normal,0
PCB_03807,LOT_20260308,SMD_Line_B,Mounter_03,FD_14,NZ_08,CAP_3216,-8.62,-19.53,-0.586,123.63,,-71.73,1.95,239.8,3.58,A,Normal,0
PCB_03808,LOT_20260308,SMD_Line_A,Mounter_03,FD_08,NZ_07,CHIP_1005,-8.72,-7.45,0.23,119.26,95.14,-70.06,4.2,251.5,4.77,A,Normal,0
PCB_03809,LOT_20260308,SMD_Line_A,Mounter_03,FD_03,NZ_02,IC_QFP_48,-1.36,2.43,0.054,132.46,110.46,-67.95,3.5,242.7,3.78,A,Normal,0
PCB_03810,LOT_20260308,SMD_Line_A,Mounter_04,FD_07,NZ_01,BGA_256,8.79,-24.97,-0.454,130.11,99.11,-72.24,2.47,246.8,4.17,A,Normal,0
PCB_03811,LOT_20260308,SMD_Line_B,Mounter_03,FD_19,NZ_03,IC_QFP_48,2.0,5.16,0.186,114.63,,-73.38,2.89,242.7,4.56,A,Normal,0
PCB_03812,LOT_20260308,SMD_Line_B,Mounter_02,FD_04,NZ_02,IC_QFP_48,-9.48,-5.57,0.364,123.92,125.83,-73.27,2.21,244.5,4.79,F,Tombstone,1
PCB_03813,LOT_20260308,SMD_Line_A,Mounter_01,FD_16,NZ_04,CAP_3216,-0.08,-0.74,-0.258,100.48,96.4,-70.52,2.73,252.6,4.37,F,Tombstone,1
PCB_03814,LOT_20260308,SMD_Line_B,Mounter_04,FD_13,NZ_03,CHIP_1005,-17.09,-13.79,0.352,129.54,90.52,-70.87,3.13,242.7,3.13,A,Normal,0
PCB_03815,LOT_20260308,SMD_Line_A,Mounter_01,FD_20,NZ_02,CHIP_1005,14.79,-1.21,-0.125,111.31,113.65,-66.01,4.18,241.0,4.17,A,Normal,0
PCB_03816,LOT_20260308,SMD_Line_B,Mounter_02,FD_19,NZ_07,BGA_256,-6.32,19.81,0.393,167.03,,-74.22,4.7,247.8,4.58,A,Normal,0
PCB_03817,LOT_20260308,SMD_Line_A,Mounter_03,FD_05,NZ_08,IC_QFP_48,-5.66,-4.72,-0.043,138.32,92.05,-72.82,3.52,249.1,4.28,A,Normal,0
PCB_03818,LOT_20260308,SMD_Line_C,Mounter_01,FD_23,NZ_05,IC_QFP_48,-24.33,-26.11,0.528,133.81,,-68.66,2.27,238.7,4.47,B,Normal,0
PCB_03819,LOT_20260308,SMD_Line_C,Mounter_02,FD_05,NZ_03,CHIP_0603,-6.33,14.32,-0.411,137.9,,-69.7,4.6,246.5,3.86,A,Normal,0
PCB_03820,LOT_20260308,SMD_Line_B,Mounter_02,FD_20,NZ_05,CHIP_1005,21.03,6.4,-0.398,122.63,,-72.2,2.14,247.3,4.25,A,Normal,0
PCB_03821,LOT_20260308,SMD_Line_A,Mounter_01,FD_24,NZ_03,CHIP_0603,7.64,1.11,-0.355,127.87,109.43,-72.68,3.72,252.3,4.53,A,Normal,0
PCB_03822,LOT_20260308,SMD_Line_A,Mounter_04,FD_04,NZ_03,CHIP_1005,13.86,6.7,0.057,137.58,99.92,-73.76,3.24,243.3,4.91,A,Normal,0
PCB_03823,LOT_20260308,SMD_Line_C,Mounter_01,FD_02,NZ_08,CHIP_1005,1.46,0.97,-0.069,115.36,109.82,-75.17,3.94,250.7,3.88,A,Normal,0
PCB_03824,LOT_20260308,SMD_Line_A,Mounter_04,FD_13,NZ_07,CAP_3216,-32.75,19.39,0.129,140.25,96.29,-72.09,2.75,245.7,3.87,B,Normal,0
PCB_03825,LOT_20260308,SMD_Line_A,Mounter_03,FD_16,NZ_06,CHIP_1005,0.87,8.87,-0.524,161.61,92.25,-69.96,3.82,243.7,4.99,A,Normal,0
PCB_03826,LOT_20260308,SMD_Line_A,Mounter_04,FD_22,NZ_06,IC_QFP_48,2.52,-5.39,-0.323,107.8,112.64,-70.71,4.07,241.9,4.03,A,Normal,0
PCB_03827,LOT_20260308,SMD_Line_B,Mounter_03,FD_02,NZ_05,CHIP_0603,11.2,17.61,0.572,137.99,103.49,-72.29,3.45,247.1,4.31,A,Normal,0
PCB_03828,LOT_20260308,SMD_Line_B,Mounter_01,FD_19,NZ_01,BGA_256,-0.46,21.48,0.167,117.72,,-70.89,3.21,240.1,4.33,A,Normal,0
PCB_03829,LOT_20260308,SMD_Line_C,Mounter_03,FD_17,NZ_02,CHIP_1005,-9.65,10.74,0.281,140.36,114.69,-75.34,3.81,240.4,4.2,A,Normal,0
PCB_03830,LOT_20260308,SMD_Line_A,Mounter_02,FD_05,NZ_01,IC_QFP_48,-1.24,4.8,-0.115,135.08,93.13,-70.02,4.01,247.5,5.17,A,Normal,0
PCB_03831,LOT_20260308,SMD_Line_A,Mounter_03,FD_18,NZ_01,CHIP_0603,-4.28,-10.08,0.133,158.19,106.39,-77.01,2.92,252.8,4.09,A,Normal,0
PCB_03832,LOT_20260308,SMD_Line_C,Mounter_04,FD_23,NZ_06,CHIP_1005,6.55,8.09,-0.214,155.52,127.84,-71.11,2.82,239.0,4.6,B,Normal,0
PCB_03833,LOT_20260308,SMD_Line_C,Mounter_04,FD_21,NZ_02,CHIP_1005,-1.21,4.58,-0.833,108.28,98.08,-69.93,2.81,241.9,3.99,A,Normal,0
PCB_03834,LOT_20260308,SMD_Line_A,Mounter_04,FD_18,NZ_06,CHIP_1005,-12.38,-0.32,0.466,141.46,85.52,-71.63,1.85,246.2,5.13,A,Normal,0
PCB_03835,LOT_20260308,SMD_Line_B,Mounter_03,FD_08,NZ_08,CAP_3216,7.09,8.25,0.082,141.21,109.86,-71.98,3.76,242.7,3.79,A,Normal,0
PCB_03836,LOT_20260308,SMD_Line_A,Mounter_04,FD_15,NZ_08,BGA_256,-9.24,1.03,-0.329,147.83,80.02,-75.71,3.2,237.1,4.51,A,Normal,0
PCB_03837,LOT_20260308,SMD_Line_C,Mounter_04,FD_13,NZ_06,CAP_3216,-3.95,6.48,0.001,137.09,86.83,-72.15,3.03,241.4,3.03,A,Normal,0
PCB_03838,LOT_20260308,SMD_Line_A,Mounter_02,FD_13,NZ_07,IC_QFP_48,-5.8,12.22,-0.21,138.95,100.07,-65.06,2.93,247.1,4.05,F,Tombstone,1
PCB_03839,LOT_20260308,SMD_Line_C,Mounter_03,FD_16,NZ_06,CAP_3216,2.97,-15.71,0.674,114.51,,-72.24,3.46,243.8,4.48,A,Normal,0
PCB_03840,LOT_20260308,SMD_Line_B,Mounter_02,FD_22,NZ_04,BGA_256,-17.14,-12.09,0.302,136.33,102.26,-72.97,2.8,246.5,3.47,A,Normal,0
PCB_03841,LOT_20260308,SMD_Line_B,Mounter_04,FD_20,NZ_01,CHIP_0603,0.4,-10.76,-0.517,126.75,126.48,-77.66,3.74,239.3,4.01,B,Normal,0
PCB_03842,LOT_20260308,SMD_Line_A,Mounter_04,FD_13,NZ_07,CHIP_1005,13.51,22.89,-0.578,140.25,,-70.72,2.97,246.4,5.8,B,Normal,0
PCB_03843,LOT_20260308,SMD_Line_B,Mounter_04,FD_20,NZ_07,CHIP_0603,1.2,7.48,0.113,128.58,93.07,-70.47,2.51,236.2,3.67,A,Normal,0
PCB_03844,LOT_20260308,SMD_Line_B,Mounter_03,FD_02,NZ_01,CHIP_0603,-8.34,8.57,0.06,136.71,92.31,,3.56,248.3,4.34,A,Normal,0
PCB_03845,LOT_20260308,SMD_Line_A,Mounter_01,FD_03,NZ_07,CHIP_0603,-4.57,13.33,0.233,139.24,94.53,-72.86,2.68,250.7,3.47,F,Tombstone,1
PCB_03846,LOT_20260308,SMD_Line_B,Mounter_04,FD_15,NZ_01,CHIP_0603,3.7,-12.35,-0.064,139.52,85.44,-76.65,3.16,239.1,3.66,A,Normal,0
PCB_03847,LOT_20260308,SMD_Line_C,Mounter_04,FD_23,NZ_04,IC_QFP_48,7.0,-24.05,-0.291,118.84,106.72,-71.57,3.76,242.6,4.41,A,Normal,0
PCB_03848,LOT_20260308,SMD_Line_B,Mounter_04,FD_19,NZ_03,CHIP_1005,18.8,-0.74,0.229,166.28,103.62,-70.26,3.23,238.8,4.09,A,Normal,0
PCB_03849,LOT_20260308,SMD_Line_B,Mounter_04,FD_13,NZ_07,CHIP_0603,-20.32,10.59,0.267,133.81,105.6,-79.9,3.26,245.4,3.79,A,Normal,0
PCB_03850,LOT_20260308,SMD_Line_A,Mounter_03,FD_05,NZ_05,IC_QFP_48,3.29,-2.33,0.566,139.48,109.61,-72.13,2.94,245.6,3.97,F,Tombstone,1
PCB_03851,LOT_20260308,SMD_Line_B,Mounter_01,FD_22,NZ_05,BGA_256,2.32,-16.17,0.331,130.89,107.43,-65.94,3.3,239.4,4.75,A,Normal,0
PCB_03852,LOT_20260308,SMD_Line_A,Mounter_01,FD_06,NZ_04,CAP_3216,-0.83,-10.68,-0.377,113.38,83.42,-71.47,2.83,242.6,4.09,A,Normal,0
PCB_03853,LOT_20260308,SMD_Line_B,Mounter_01,FD_14,NZ_01,CHIP_1005,4.44,-13.92,0.115,141.74,96.63,-70.28,3.52,249.5,4.49,A,Normal,0
PCB_03854,LOT_20260308,SMD_Line_C,Mounter_04,FD_04,NZ_05,CHIP_1005,-2.87,-7.23,-0.129,134.03,,-68.29,3.0,247.3,3.33,A,Normal,0
PCB_03855,LOT_20260308,SMD_Line_B,Mounter_04,FD_22,NZ_04,CHIP_0603,-12.49,-13.68,-0.425,143.33,116.53,-70.01,3.09,245.8,3.93,A,Normal,0
PCB_03856,LOT_20260308,SMD_Line_A,Mounter_01,FD_19,NZ_06,CHIP_0603,2.67,1.73,-0.805,120.03,117.58,-73.26,2.6,249.6,3.99,A,Normal,0
PCB_03857,LOT_20260308,SMD_Line_A,Mounter_01,FD_23,NZ_02,CHIP_0603,8.12,-6.46,1.011,125.02,,-77.67,3.51,252.6,3.83,A,Normal,0
PCB_03858,LOT_20260308,SMD_Line_B,Mounter_04,FD_07,NZ_05,CHIP_1005,-0.59,7.47,-0.252,134.02,88.1,-62.54,2.87,245.6,4.14,A,Normal,0
PCB_03859,LOT_20260308,SMD_Line_B,Mounter_04,FD_04,NZ_08,CAP_3216,13.24,-11.52,-0.057,130.72,101.9,-69.39,2.54,246.3,4.05,A,Normal,0
PCB_03860,LOT_20260308,SMD_Line_C,Mounter_02,FD_02,NZ_02,CHIP_0603,-2.97,3.01,0.099,125.71,96.18,-69.05,2.89,243.8,4.56,A,Normal,0
PCB_03861,LOT_20260308,SMD_Line_C,Mounter_02,FD_07,NZ_08,CHIP_0603,5.76,-0.44,0.05,134.03,99.0,-68.36,3.69,245.7,4.75,A,Normal,0
PCB_03862,LOT_20260308,SMD_Line_B,Mounter_02,FD_03,NZ_01,CHIP_0603,-19.77,4.67,-1.135,151.45,114.59,-68.08,3.55,242.0,3.89,B,Normal,0
PCB_03863,LOT_20260308,SMD_Line_A,Mounter_01,FD_15,NZ_05,IC_QFP_48,28.03,6.33,-0.075,136.87,103.23,,1.86,237.9,4.8,A,Normal,0
PCB_03864,LOT_20260308,SMD_Line_A,Mounter_03,FD_01,NZ_04,CHIP_1005,-2.84,7.6,0.797,147.6,,-71.9,2.78,248.4,3.84,A,Normal,0
PCB_03865,LOT_20260308,SMD_Line_A,Mounter_04,FD_02,NZ_03,CHIP_1005,-6.1,9.8,-0.095,127.48,,-73.12,4.06,247.9,4.26,A,Normal,0
PCB_03866,LOT_20260308,SMD_Line_A,Mounter_02,FD_10,NZ_05,CHIP_0603,-3.32,6.4,0.736,130.82,82.77,-69.44,3.95,245.3,3.53,A,Normal,0
PCB_03867,LOT_20260308,SMD_Line_B,Mounter_03,FD_16,NZ_05,CHIP_1005,-11.86,3.51,0.014,133.65,106.75,-71.49,2.45,245.5,4.06,A,Normal,0
PCB_03868,LOT_20260308,SMD_Line_B,Mounter_04,FD_15,NZ_05,CHIP_0603,-14.61,-7.87,-0.158,123.33,103.39,-71.6,3.74,242.1,4.96,A,Normal,0
PCB_03869,LOT_20260308,SMD_Line_B,Mounter_03,FD_24,NZ_05,CHIP_1005,0.51,10.04,0.065,133.77,,-68.55,2.34,250.1,4.27,A,Normal,0
PCB_03870,LOT_20260308,SMD_Line_A,Mounter_01,FD_15,NZ_08,CHIP_0603,1.43,-8.22,0.017,153.52,99.8,-64.66,2.7,239.9,4.07,F,Tombstone,1
PCB_03871,LOT_20260308,SMD_Line_A,Mounter_01,FD_14,NZ_04,IC_QFP_48,2.8,-3.44,0.007,156.17,87.33,-75.29,2.56,250.9,3.2,A,Normal,0
PCB_03872,LOT_20260308,SMD_Line_A,Mounter_01,FD_22,NZ_04,CHIP_1005,-0.42,-10.17,-0.262,150.63,100.67,-70.32,3.64,247.5,4.17,A,Normal,0
PCB_03873,LOT_20260308,SMD_Line_A,Mounter_02,FD_14,NZ_08,IC_QFP_48,-1.04,-10.41,-0.614,134.59,113.67,-75.52,3.22,246.2,4.25,A,Normal,0
PCB_03874,LOT_20260308,SMD_Line_C,Mounter_04,FD_06,NZ_03,CHIP_1005,-15.04,-3.74,0.253,119.21,100.7,-71.32,3.5,246.5,3.96,A,Normal,0
PCB_03875,LOT_20260308,SMD_Line_A,Mounter_01,FD_14,NZ_04,CHIP_1005,-6.09,-2.75,0.043,166.7,119.71,-77.88,2.02,249.3,4.03,A,Normal,0
PCB_03876,LOT_20260308,SMD_Line_B,Mounter_02,FD_17,NZ_04,CHIP_0603,2.02,-9.6,0.749,122.29,103.03,,3.73,242.6,4.15,A,Normal,0
PCB_03877,LOT_20260308,SMD_Line_A,Mounter_02,FD_18,NZ_01,CHIP_1005,-6.73,0.26,-0.015,152.87,123.61,-71.93,4.18,248.3,4.22,A,Normal,0
PCB_03878,LOT_20260308,SMD_Line_C,Mounter_02,FD_20,NZ_07,CHIP_1005,3.65,1.85,-0.681,135.49,124.59,-68.26,3.34,243.3,4.11,B,Normal,0
PCB_03879,LOT_20260308,SMD_Line_B,Mounter_02,FD_19,NZ_01,CHIP_1005,-1.69,-6.43,0.145,114.51,89.23,-77.18,4.39,247.0,4.79,A,Normal,0
PCB_03880,LOT_20260308,SMD_Line_A,Mounter_01,FD_17,NZ_07,IC_QFP_48,-1.79,27.02,0.034,107.77,92.24,,3.72,238.4,3.68,A,Normal,0
PCB_03881,LOT_20260308,SMD_Line_B,Mounter_02,FD_16,NZ_02,BGA_256,2.59,3.93,-0.194,150.86,94.52,-72.13,4.28,242.2,4.97,A,Normal,0
PCB_03882,LOT_20260308,SMD_Line_B,Mounter_01,FD_08,NZ_03,IC_QFP_48,6.06,1.4,0.278,121.39,79.5,-66.88,3.06,252.4,4.07,A,Normal,0
PCB_03883,LOT_20260308,SMD_Line_C,Mounter_01,FD_07,NZ_07,CHIP_0603,8.85,-7.98,0.224,111.1,105.57,-73.42,3.39,250.6,4.47,A,Normal,0
PCB_03884,LOT_20260308,SMD_Line_A,Mounter_02,FD_20,NZ_01,CHIP_1005,24.79,1.63,-0.539,125.97,105.24,-70.48,2.79,251.9,4.73,F,Tombstone,1
PCB_03885,LOT_20260308,SMD_Line_C,Mounter_01,FD_12,NZ_03,CHIP_0603,10.8,2.84,-0.211,129.92,102.31,-72.55,2.33,249.8,4.3,A,Normal,0
PCB_03886,LOT_20260308,SMD_Line_C,Mounter_04,FD_09,NZ_03,IC_QFP_48,-18.51,-0.04,0.492,135.56,85.32,-75.42,2.71,242.3,4.18,A,Normal,0
PCB_03887,LOT_20260308,SMD_Line_C,Mounter_04,FD_14,NZ_05,CHIP_1005,-13.55,16.74,-0.441,134.79,119.06,-74.0,3.37,242.9,4.27,B,Normal,0
PCB_03888,LOT_20260308,SMD_Line_B,Mounter_03,FD_20,NZ_06,CHIP_0603,-3.43,-20.08,-0.078,119.01,77.43,-74.65,2.44,249.2,3.23,B,Normal,0
PCB_03889,LOT_20260308,SMD_Line_B,Mounter_04,FD_01,NZ_06,BGA_256,-9.54,-4.49,0.102,130.02,84.12,,3.27,249.5,2.87,A,Normal,0
PCB_03890,LOT_20260308,SMD_Line_B,Mounter_01,FD_10,NZ_06,CHIP_1005,4.88,8.42,-0.519,155.76,110.63,-66.59,1.89,250.8,4.58,A,Normal,0
PCB_03891,LOT_20260308,SMD_Line_C,Mounter_01,FD_17,NZ_03,CHIP_1005,6.21,-10.58,-0.044,114.21,103.79,-73.25,3.0,245.8,4.04,A,Normal,0
PCB_03892,LOT_20260308,SMD_Line_B,Mounter_04,FD_17,NZ_05,CHIP_0603,-6.04,-18.25,-0.059,137.06,92.63,-70.33,3.36,244.7,3.77,A,Normal,0
PCB_03893,LOT_20260308,SMD_Line_B,Mounter_02,FD_17,NZ_02,CHIP_1005,14.87,-6.12,-0.146,114.19,100.66,-75.87,2.78,250.0,4.31,A,Normal,0
PCB_03894,LOT_20260308,SMD_Line_B,Mounter_02,FD_04,NZ_02,CAP_3216,18.18,12.32,-0.689,123.83,101.55,-71.84,3.01,238.6,4.12,A,Normal,0
PCB_03895,LOT_20260308,SMD_Line_B,Mounter_01,FD_17,NZ_06,CHIP_1005,-22.65,-10.3,-0.0,146.99,114.13,-70.23,3.19,244.3,3.55,B,Normal,0
PCB_03896,LOT_20260308,SMD_Line_C,Mounter_02,FD_18,NZ_02,CAP_3216,-17.86,-4.21,-0.278,99.5,85.4,-71.7,2.97,243.9,4.67,A,Normal,0
PCB_03897,LOT_20260308,SMD_Line_A,Mounter_03,FD_20,NZ_05,CHIP_0603,13.72,4.97,0.48,161.47,103.5,-74.91,3.37,244.0,4.77,A,Normal,0
PCB_03898,LOT_20260308,SMD_Line_C,Mounter_03,FD_23,NZ_06,CHIP_1005,10.87,-6.84,0.187,110.6,112.95,-69.17,2.19,250.6,4.31,A,Normal,0
PCB_03899,LOT_20260308,SMD_Line_B,Mounter_04,FD_02,NZ_07,IC_QFP_48,6.28,-5.19,-0.35,99.86,88.02,-79.17,2.49,247.6,4.28,A,Normal,0
PCB_03900,LOT_20260308,SMD_Line_C,Mounter_04,FD_08,NZ_07,CHIP_1005,0.14,-7.69,-0.178,130.29,99.38,-77.52,2.58,245.5,4.19,A,Normal,0
PCB_03901,LOT_20260308,SMD_Line_B,Mounter_02,FD_13,NZ_05,CHIP_0603,-1.29,-6.7,0.056,123.56,99.29,-72.41,3.07,238.6,4.26,A,Normal,0
PCB_03902,LOT_20260308,SMD_Line_A,Mounter_01,FD_23,NZ_08,CHIP_1005,6.71,-13.72,-0.179,120.72,80.64,-80.38,4.28,240.2,4.37,A,Normal,0
PCB_03903,LOT_20260308,SMD_Line_C,Mounter_04,FD_22,NZ_02,CHIP_1005,2.21,-3.04,-0.682,139.62,103.51,-74.75,3.55,248.4,3.97,A,Normal,0
PCB_03904,LOT_20260308,SMD_Line_A,Mounter_03,FD_20,NZ_06,IC_QFP_48,16.35,12.56,0.132,116.12,104.22,-73.65,2.17,246.1,4.6,A,Normal,0
PCB_03905,LOT_20260308,SMD_Line_C,Mounter_04,FD_22,NZ_07,IC_QFP_48,-8.52,18.68,0.237,138.55,117.96,-66.68,3.33,250.2,4.29,B,Normal,0
PCB_03906,LOT_20260308,SMD_Line_B,Mounter_04,FD_15,NZ_05,IC_QFP_48,0.22,14.75,0.333,142.41,99.74,-74.31,2.87,242.0,4.59,A,Normal,0
PCB_03907,LOT_20260308,SMD_Line_B,Mounter_03,FD_20,NZ_04,IC_QFP_48,11.13,1.62,0.422,109.42,105.25,-73.83,2.93,245.2,4.83,A,Normal,0
PCB_03908,LOT_20260308,SMD_Line_A,Mounter_01,FD_23,NZ_07,CHIP_0603,2.06,19.57,-0.373,145.4,117.67,-78.47,2.76,244.3,4.22,B,Normal,0
PCB_03909,LOT_20260308,SMD_Line_B,Mounter_04,FD_09,NZ_04,CHIP_1005,8.41,27.17,0.353,141.6,92.3,,3.03,248.7,4.37,B,Normal,0
PCB_03910,LOT_20260308,SMD_Line_A,Mounter_04,FD_03,NZ_05,IC_QFP_48,8.23,2.14,-0.514,153.29,85.83,-71.97,2.13,253.7,4.52,A,Normal,0
PCB_03911,LOT_20260308,SMD_Line_A,Mounter_04,FD_03,NZ_05,CAP_3216,-5.31,-11.69,0.161,130.08,101.46,-75.82,3.13,242.6,4.24,A,Normal,0
PCB_03912,LOT_20260308,SMD_Line_A,Mounter_02,FD_02,NZ_01,CHIP_0603,-12.76,15.48,-0.319,117.48,97.63,-68.8,3.39,236.4,4.03,A,Normal,0
PCB_03913,LOT_20260308,SMD_Line_A,Mounter_04,FD_01,NZ_07,CHIP_1005,-9.35,-14.2,0.188,148.81,98.91,-69.03,2.72,247.0,4.29,A,Normal,0
PCB_03914,LOT_20260308,SMD_Line_C,Mounter_03,FD_14,NZ_01,CHIP_0603,-13.55,-10.46,-0.679,130.73,94.92,-73.96,2.88,246.7,4.85,A,Normal,0
PCB_03915,LOT_20260308,SMD_Line_C,Mounter_01,FD_17,NZ_03,CHIP_0603,-23.2,-24.57,0.244,157.34,89.92,-78.74,2.48,237.4,2.99,B,Normal,0
PCB_03916,LOT_20260308,SMD_Line_A,Mounter_01,FD_13,NZ_07,CHIP_1005,13.65,8.58,-0.354,140.64,111.21,-75.75,2.96,240.9,4.57,A,Normal,0
PCB_03917,LOT_20260308,SMD_Line_B,Mounter_03,FD_19,NZ_06,CHIP_1005,-23.58,-27.32,0.217,129.61,99.76,-66.63,3.25,243.2,4.28,B,Normal,0
PCB_03918,LOT_20260308,SMD_Line_A,Mounter_02,FD_23,NZ_03,CHIP_0603,23.27,11.72,0.168,116.78,126.95,-71.51,3.09,249.8,3.94,B,Normal,0
PCB_03919,LOT_20260308,SMD_Line_B,Mounter_03,FD_15,NZ_03,IC_QFP_48,-6.6,21.35,0.173,128.43,87.52,,3.59,240.7,4.63,A,Normal,0
PCB_03920,LOT_20260308,SMD_Line_C,Mounter_01,FD_14,NZ_02,BGA_256,-3.48,20.39,0.021,144.06,124.08,-67.22,3.77,243.9,3.6,B,Normal,0
PCB_03921,LOT_20260308,SMD_Line_C,Mounter_03,FD_02,NZ_04,CAP_3216,-18.94,-14.94,-0.525,107.38,103.51,-72.65,2.85,236.7,4.0,A,Normal,0
PCB_03922,LOT_20260308,SMD_Line_B,Mounter_02,FD_07,NZ_02,CHIP_0603,4.81,-21.99,0.671,123.92,100.22,-71.95,3.06,247.0,4.86,A,Normal,0
PCB_03923,LOT_20260308,SMD_Line_C,Mounter_01,FD_17,NZ_06,CHIP_1005,-3.26,-7.58,-0.058,105.78,86.79,-63.63,2.54,239.8,3.25,A,Normal,0
PCB_03924,LOT_20260308,SMD_Line_A,Mounter_02,FD_18,NZ_05,CHIP_1005,0.76,10.37,-0.06,114.38,92.05,-68.78,2.91,254.1,4.45,A,Normal,0
PCB_03925,LOT_20260308,SMD_Line_C,Mounter_03,FD_06,NZ_01,CHIP_0603,-9.84,14.2,0.623,120.83,115.1,-73.0,3.23,241.4,4.92,A,Normal,0
PCB_03926,LOT_20260308,SMD_Line_A,Mounter_04,FD_21,NZ_06,CHIP_1005,6.01,7.84,-0.4,125.94,68.01,-70.71,3.65,249.0,4.75,B,Normal,0
PCB_03927,LOT_20260308,SMD_Line_B,Mounter_03,FD_08,NZ_05,IC_QFP_48,-10.3,6.23,-0.021,135.3,78.46,-70.07,3.14,247.3,4.4,A,Normal,0
PCB_03928,LOT_20260308,SMD_Line_B,Mounter_02,FD_02,NZ_06,CHIP_0603,0.98,27.86,0.076,140.53,80.66,-69.12,3.38,241.4,3.72,B,Normal,0
PCB_03929,LOT_20260308,SMD_Line_B,Mounter_03,FD_01,NZ_05,CAP_3216,5.77,-5.64,-0.104,150.75,,-75.63,2.4,249.7,4.65,A,Normal,0
PCB_03930,LOT_20260308,SMD_Line_A,Mounter_04,FD_16,NZ_07,BGA_256,18.14,-9.18,0.123,154.05,108.17,-66.3,3.35,236.5,3.89,A,Normal,0
PCB_03931,LOT_20260308,SMD_Line_C,Mounter_02,FD_07,NZ_01,IC_QFP_48,10.07,-14.03,-0.262,147.78,87.84,-67.01,2.68,244.9,4.12,A,Normal,0
PCB_03932,LOT_20260308,SMD_Line_A,Mounter_03,FD_22,NZ_05,IC_QFP_48,1.12,5.11,-0.031,124.31,94.34,-75.25,4.14,248.0,4.17,A,Normal,0
PCB_03933,LOT_20260308,SMD_Line_B,Mounter_02,FD_24,NZ_03,CHIP_1005,-0.1,-2.12,0.059,133.51,101.56,-72.05,4.29,244.0,3.58,A,Normal,0
PCB_03934,LOT_20260308,SMD_Line_A,Mounter_02,FD_11,NZ_06,IC_QFP_48,3.92,9.73,0.615,121.57,112.24,-71.74,4.13,240.2,4.85,A,Normal,0
PCB_03935,LOT_20260308,SMD_Line_A,Mounter_01,FD_15,NZ_01,CHIP_1005,9.58,-5.32,0.745,133.76,87.84,-71.44,2.65,251.6,4.15,F,Tombstone,1
PCB_03936,LOT_20260308,SMD_Line_B,Mounter_01,FD_13,NZ_05,BGA_256,-9.3,7.42,0.076,127.59,101.6,-69.29,3.59,244.5,4.16,A,Normal,0
PCB_03937,LOT_20260308,SMD_Line_B,Mounter_02,FD_24,NZ_03,CHIP_0603,11.29,-4.53,0.54,112.87,95.87,-73.16,1.7,242.7,3.89,A,Normal,0
PCB_03938,LOT_20260308,SMD_Line_A,Mounter_03,FD_02,NZ_03,CHIP_0603,-11.71,-1.92,-0.326,151.78,98.76,-70.49,3.84,240.4,3.85,A,Normal,0
PCB_03939,LOT_20260308,SMD_Line_A,Mounter_03,FD_14,NZ_07,CHIP_1005,5.7,-0.8,1.013,155.62,89.24,-69.78,3.18,245.4,4.51,A,Normal,0
PCB_03940,LOT_20260308,SMD_Line_B,Mounter_03,FD_24,NZ_04,CHIP_0603,6.77,-20.06,-0.11,118.63,102.52,-70.27,2.11,244.1,4.52,A,Normal,0
PCB_03941,LOT_20260308,SMD_Line_C,Mounter_04,FD_06,NZ_03,CHIP_1005,-8.39,-1.65,-0.015,137.81,90.61,-70.34,3.56,243.8,5.69,A,Normal,0
PCB_03942,LOT_20260308,SMD_Line_C,Mounter_02,FD_09,NZ_02,CHIP_1005,-19.28,6.63,0.239,119.28,101.15,-70.06,2.99,251.9,4.04,A,Normal,0
PCB_03943,LOT_20260308,SMD_Line_A,Mounter_02,FD_07,NZ_01,BGA_256,-3.31,-11.66,0.384,128.81,,-71.25,2.99,251.9,3.99,A,Normal,0
PCB_03944,LOT_20260308,SMD_Line_A,Mounter_04,FD_18,NZ_01,CHIP_1005,-32.87,22.54,-0.077,122.03,112.52,-78.71,3.52,246.1,4.75,C,Normal,0
PCB_03945,LOT_20260308,SMD_Line_A,Mounter_02,FD_24,NZ_08,CHIP_1005,-2.23,0.06,-0.904,120.59,116.68,-75.55,3.8,247.9,4.62,B,Normal,0
PCB_03946,LOT_20260308,SMD_Line_A,Mounter_02,FD_09,NZ_01,CHIP_0603,-15.6,-7.4,0.295,132.85,103.8,-76.53,3.36,238.7,4.06,A,Normal,0
PCB_03947,LOT_20260308,SMD_Line_B,Mounter_04,FD_23,NZ_05,CHIP_1005,38.92,-7.76,-0.41,102.77,113.59,-75.76,1.82,245.4,4.38,F,Mount_Shift,1
PCB_03948,LOT_20260308,SMD_Line_B,Mounter_01,FD_04,NZ_06,CHIP_1005,13.23,16.17,0.348,122.16,78.37,-75.46,3.36,246.1,4.98,B,Normal,0
PCB_03949,LOT_20260308,SMD_Line_A,Mounter_02,FD_09,NZ_05,IC_QFP_48,0.9,-9.73,0.339,190.23,79.66,-68.37,2.58,244.1,3.6,A,Normal,0
PCB_03950,LOT_20260308,SMD_Line_A,Mounter_04,FD_04,NZ_02,CHIP_0603,16.66,3.52,0.087,106.88,87.94,-67.33,3.49,243.2,3.83,A,Normal,0
PCB_03951,LOT_20260308,SMD_Line_A,Mounter_03,FD_12,NZ_08,CHIP_0603,8.81,10.42,0.407,124.3,88.77,-69.75,3.39,241.7,4.41,A,Normal,0
PCB_03952,LOT_20260308,SMD_Line_C,Mounter_01,FD_04,NZ_06,CHIP_1005,-14.54,6.54,-0.221,134.32,112.57,-75.48,3.0,245.1,3.86,A,Normal,0
PCB_03953,LOT_20260308,SMD_Line_C,Mounter_03,FD_24,NZ_07,CHIP_1005,-7.82,-6.64,0.619,127.31,81.9,-75.23,3.11,249.8,3.89,A,Normal,0
PCB_03954,LOT_20260308,SMD_Line_A,Mounter_02,FD_20,NZ_03,CHIP_1005,12.87,9.9,0.073,118.54,83.72,-74.26,2.09,250.5,4.81,A,Normal,0
PCB_03955,LOT_20260308,SMD_Line_A,Mounter_01,FD_14,NZ_08,IC_QFP_48,-12.01,1.84,-0.083,144.52,98.54,,4.13,245.0,4.41,A,Normal,0
PCB_03956,LOT_20260308,SMD_Line_C,Mounter_04,FD_24,NZ_05,CHIP_0603,4.94,-20.3,0.514,132.24,101.64,-67.38,3.35,249.5,4.17,A,Normal,0
PCB_03957,LOT_20260308,SMD_Line_C,Mounter_02,FD_24,NZ_06,CHIP_1005,8.43,14.43,-0.299,120.65,110.5,-76.75,3.31,241.1,3.81,A,Normal,0
PCB_03958,LOT_20260308,SMD_Line_B,Mounter_04,FD_07,NZ_03,CHIP_1005,-3.26,-7.24,-0.947,142.86,96.79,-70.9,3.34,247.4,4.38,A,Normal,0
PCB_03959,LOT_20260308,SMD_Line_A,Mounter_01,FD_13,NZ_06,CHIP_0603,1.9,-2.07,-0.561,122.09,97.81,-76.46,2.07,244.5,4.79,A,Normal,0
PCB_03960,LOT_20260308,SMD_Line_A,Mounter_03,FD_22,NZ_03,IC_QFP_48,10.4,3.65,0.646,116.88,110.65,-70.26,3.74,242.1,3.55,A,Normal,0
PCB_03961,LOT_20260308,SMD_Line_B,Mounter_02,FD_08,NZ_06,CHIP_1005,9.8,-6.28,0.112,138.82,89.2,-73.34,2.91,254.1,3.59,A,Normal,0
PCB_03962,LOT_20260308,SMD_Line_A,Mounter_02,FD_23,NZ_05,CHIP_1005,5.6,8.93,0.077,110.39,101.47,,3.22,243.0,4.54,A,Normal,0
PCB_03963,LOT_20260308,SMD_Line_A,Mounter_04,FD_05,NZ_08,BGA_256,-0.16,-13.03,0.41,156.37,,-73.95,2.79,243.5,3.92,A,Normal,0
PCB_03964,LOT_20260308,SMD_Line_B,Mounter_01,FD_12,NZ_05,CHIP_0603,7.34,-6.78,0.133,152.74,95.56,-70.25,2.41,243.1,3.8,A,Normal,0
PCB_03965,LOT_20260308,SMD_Line_A,Mounter_04,FD_13,NZ_02,BGA_256,-25.27,14.46,-0.124,138.2,110.33,-77.7,2.82,246.5,3.86,B,Normal,0
PCB_03966,LOT_20260308,SMD_Line_C,Mounter_01,FD_20,NZ_07,CHIP_1005,18.44,0.3,-0.197,121.27,89.72,-74.2,3.03,250.7,4.58,F,Tombstone,1
PCB_03967,LOT_20260308,SMD_Line_A,Mounter_02,FD_14,NZ_07,CHIP_1005,-1.66,-12.47,-0.529,113.98,118.75,-72.65,3.14,240.2,4.56,A,Normal,0
PCB_03968,LOT_20260308,SMD_Line_A,Mounter_01,FD_18,NZ_04,BGA_256,-9.19,0.93,-0.48,91.41,96.22,-76.82,2.84,247.0,4.4,A,Normal,0
PCB_03969,LOT_20260308,SMD_Line_B,Mounter_02,FD_24,NZ_01,BGA_256,7.49,4.74,0.079,154.24,94.73,-75.33,3.08,246.5,3.99,A,Normal,0
PCB_03970,LOT_20260308,SMD_Line_A,Mounter_01,FD_20,NZ_05,CHIP_1005,7.14,-18.72,-0.07,115.46,82.47,-66.92,2.96,238.2,3.79,A,Normal,0
PCB_03971,LOT_20260308,SMD_Line_C,Mounter_03,FD_04,NZ_05,IC_QFP_48,-12.21,19.52,0.22,135.31,86.56,-76.63,2.32,250.7,3.9,A,Normal,0
PCB_03972,LOT_20260308,SMD_Line_B,Mounter_01,FD_21,NZ_03,CHIP_1005,0.84,21.11,-0.039,132.98,,-73.87,3.12,246.1,3.76,A,Normal,0
PCB_03973,LOT_20260308,SMD_Line_A,Mounter_03,FD_18,NZ_04,CHIP_1005,0.47,1.42,-0.479,104.91,86.46,-70.3,3.12,248.0,4.0,A,Normal,0
PCB_03974,LOT_20260308,SMD_Line_B,Mounter_01,FD_07,NZ_07,CHIP_0603,-0.35,-2.36,0.111,120.93,85.81,-72.26,2.73,236.3,4.22,A,Normal,0
PCB_03975,LOT_20260308,SMD_Line_A,Mounter_01,FD_15,NZ_05,CHIP_0603,20.3,0.27,0.084,113.0,100.53,-74.0,3.7,251.2,4.57,A,Normal,0
PCB_03976,LOT_20260308,SMD_Line_C,Mounter_04,FD_21,NZ_06,BGA_256,-0.25,10.54,0.008,141.9,107.21,-69.25,3.14,253.7,4.22,A,Normal,0
PCB_03977,LOT_20260308,SMD_Line_A,Mounter_04,FD_06,NZ_07,CHIP_0603,-1.62,5.34,0.071,142.56,103.35,-79.27,3.38,244.4,4.12,A,Normal,0
PCB_03978,LOT_20260308,SMD_Line_B,Mounter_02,FD_16,NZ_04,CHIP_0603,-8.5,2.82,0.885,126.34,61.64,,2.63,242.0,5.05,F,Insufficient_Solder,1
PCB_03979,LOT_20260308,SMD_Line_A,Mounter_04,FD_20,NZ_01,IC_QFP_48,-10.31,16.31,-0.536,117.36,87.5,,2.74,234.7,2.46,A,Normal,0
PCB_03980,LOT_20260308,SMD_Line_B,Mounter_01,FD_24,NZ_06,CHIP_0603,4.9,13.35,-0.431,132.82,113.65,-80.95,2.98,239.6,4.52,A,Normal,0
PCB_03981,LOT_20260308,SMD_Line_C,Mounter_04,FD_08,NZ_03,CHIP_0603,-5.87,-11.33,-0.766,146.61,83.88,-64.46,2.42,248.5,4.46,B,Normal,0
PCB_03982,LOT_20260308,SMD_Line_C,Mounter_01,FD_21,NZ_02,CHIP_1005,-2.35,10.47,0.042,107.78,,-71.87,2.04,244.9,4.47,A,Normal,0
PCB_03983,LOT_20260308,SMD_Line_A,Mounter_03,FD_16,NZ_06,CHIP_1005,2.48,13.59,-0.871,161.69,86.85,-69.31,3.97,238.6,4.66,B,Normal,0
PCB_03984,LOT_20260308,SMD_Line_A,Mounter_01,FD_22,NZ_08,IC_QFP_48,0.8,3.28,0.101,126.34,115.66,,2.81,251.4,3.61,F,Tombstone,1
PCB_03985,LOT_20260308,SMD_Line_C,Mounter_02,FD_16,NZ_07,CHIP_1005,1.69,7.07,-0.025,128.22,90.47,,3.07,242.2,4.68,A,Normal,0
PCB_03986,LOT_20260308,SMD_Line_C,Mounter_03,FD_03,NZ_08,CHIP_1005,1.64,-3.63,-0.258,154.04,108.25,-72.91,3.33,238.8,4.39,A,Normal,0
PCB_03987,LOT_20260308,SMD_Line_A,Mounter_02,FD_17,NZ_01,IC_QFP_48,7.81,-14.21,0.212,129.16,91.31,-72.12,3.03,245.2,4.0,A,Normal,0
PCB_03988,LOT_20260308,SMD_Line_B,Mounter_02,FD_09,NZ_06,CHIP_1005,33.01,22.27,0.133,128.42,70.89,-74.46,2.48,247.1,4.51,C,Normal,0
PCB_03989,LOT_20260308,SMD_Line_A,Mounter_02,FD_03,NZ_04,CHIP_1005,15.37,-15.81,0.722,116.3,105.65,-67.84,3.78,239.4,4.29,A,Normal,0
PCB_03990,LOT_20260308,SMD_Line_C,Mounter_04,FD_20,NZ_04,BGA_256,-4.53,19.84,0.276,121.34,76.97,-67.34,2.87,243.7,3.73,F,Tombstone,1
PCB_03991,LOT_20260308,SMD_Line_A,Mounter_02,FD_07,NZ_01,CHIP_1005,15.19,-0.77,-0.028,119.41,89.04,-72.45,3.54,251.5,3.19,A,Normal,0
PCB_03992,LOT_20260308,SMD_Line_A,Mounter_03,FD_18,NZ_07,CHIP_1005,-13.17,14.72,-1.027,103.51,,-70.25,4.04,239.3,3.54,B,Normal,0
PCB_03993,LOT_20260308,SMD_Line_C,Mounter_01,FD_12,NZ_04,CHIP_0603,-7.08,0.27,0.418,98.8,137.56,-69.01,2.41,246.5,3.84,C,Normal,0
PCB_03994,LOT_20260308,SMD_Line_A,Mounter_02,FD_19,NZ_06,CHIP_1005,8.84,11.06,0.422,126.53,100.24,-71.01,3.68,243.7,4.4,A,Normal,0
PCB_03995,LOT_20260308,SMD_Line_B,Mounter_03,FD_16,NZ_02,CHIP_0603,8.45,5.3,0.596,109.28,89.3,-74.02,3.26,247.3,3.48,A,Normal,0
PCB_03996,LOT_20260308,SMD_Line_B,Mounter_02,FD_22,NZ_06,CHIP_1005,7.52,-7.9,-1.029,139.79,100.31,-80.69,2.65,240.6,4.41,A,Normal,0
PCB_03997,LOT_20260308,SMD_Line_A,Mounter_01,FD_24,NZ_02,BGA_256,-7.38,1.58,0.092,126.69,84.23,-71.67,3.45,246.0,4.36,A,Normal,0
PCB_03998,LOT_20260308,SMD_Line_A,Mounter_03,FD_17,NZ_04,CHIP_1005,-7.29,-1.69,0.296,106.06,,-69.22,3.26,241.0,5.23,A,Normal,0
PCB_03999,LOT_20260308,SMD_Line_B,Mounter_03,FD_20,NZ_06,CHIP_0603,1.64,7.59,0.541,152.87,119.23,-75.3,2.83,236.6,4.38,A,Normal,0
PCB_04000,LOT_20260308,SMD_Line_A,Mounter_01,FD_15,NZ_04,IC_QFP_48,-3.15,1.67,0.271,123.6,102.51,-71.4,4.34,239.1,3.17,A,Normal,0
PCB_04001,LOT_20260309,SMD_Line_B,Mounter_03,FD_01,NZ_07,CHIP_0603,11.1,3.38,0.027,137.73,82.93,-70.44,3.43,244.1,4.77,A,Normal,0
PCB_04002,LOT_20260309,SMD_Line_C,Mounter_01,FD_02,NZ_02,IC_QFP_48,-3.47,-12.11,-0.458,154.66,104.88,-70.42,2.54,246.0,3.74,A,Normal,0
PCB_04003,LOT_20260309,SMD_Line_C,Mounter_03,FD_08,NZ_07,CHIP_1005,-3.84,-15.08,-0.053,129.49,79.46,-71.56,3.4,250.1,3.72,A,Normal,0
PCB_04004,LOT_20260309,SMD_Line_A,Mounter_03,FD_22,NZ_04,CHIP_0603,-20.32,0.83,0.175,130.21,77.48,-75.5,3.09,246.5,4.1,B,Normal,0
PCB_04005,LOT_20260309,SMD_Line_A,Mounter_01,FD_02,NZ_05,CAP_3216,10.94,2.14,0.352,151.57,109.19,-67.78,2.52,251.5,4.48,A,Normal,0
PCB_04006,LOT_20260309,SMD_Line_A,Mounter_01,FD_19,NZ_03,CHIP_0603,4.03,-12.41,-0.714,125.59,90.84,-72.16,3.06,244.2,4.06,A,Normal,0
PCB_04007,LOT_20260309,SMD_Line_A,Mounter_03,FD_09,NZ_06,CAP_3216,-28.58,6.74,0.133,146.1,118.88,-73.88,3.43,247.3,4.2,B,Normal,0
PCB_04008,LOT_20260309,SMD_Line_B,Mounter_03,FD_09,NZ_05,CHIP_0603,5.56,7.26,-0.663,128.89,87.35,,2.64,240.9,3.74,A,Normal,0
PCB_04009,LOT_20260309,SMD_Line_B,Mounter_01,FD_13,NZ_07,CHIP_0603,-5.01,1.84,0.12,132.55,114.73,,2.36,246.3,3.62,A,Normal,0
PCB_04010,LOT_20260309,SMD_Line_A,Mounter_04,FD_06,NZ_08,CHIP_0603,9.7,0.19,-0.516,132.35,119.7,-63.4,2.37,243.4,4.3,B,Normal,0
PCB_04011,LOT_20260309,SMD_Line_A,Mounter_01,FD_15,NZ_04,CHIP_0603,-1.31,-14.96,-0.649,124.45,101.87,-72.82,2.41,243.0,3.44,A,Normal,0
PCB_04012,LOT_20260309,SMD_Line_A,Mounter_03,FD_19,NZ_04,IC_QFP_48,-10.05,-15.15,0.815,121.98,96.37,-73.71,3.52,245.3,3.84,A,Normal,0
PCB_04013,LOT_20260309,SMD_Line_B,Mounter_03,FD_21,NZ_03,IC_QFP_48,21.61,4.66,-0.622,120.21,,-72.04,3.45,239.0,4.03,A,Normal,0
PCB_04014,LOT_20260309,SMD_Line_A,Mounter_03,FD_15,NZ_04,IC_QFP_48,19.65,-9.77,-0.287,110.57,93.55,-72.26,2.65,246.4,4.32,A,Normal,0
PCB_04015,LOT_20260309,SMD_Line_B,Mounter_01,FD_18,NZ_03,CHIP_0603,-2.32,-8.94,-0.009,123.3,80.78,-73.29,3.07,248.0,4.07,A,Normal,0
PCB_04016,LOT_20260309,SMD_Line_A,Mounter_03,FD_07,NZ_06,CHIP_1005,4.66,3.29,-0.937,126.02,107.69,-64.74,2.41,242.0,4.04,A,Normal,0
PCB_04017,LOT_20260309,SMD_Line_C,Mounter_04,FD_11,NZ_02,IC_QFP_48,-5.74,24.04,0.353,136.11,107.27,-71.84,2.81,245.8,3.58,A,Normal,0
PCB_04018,LOT_20260309,SMD_Line_C,Mounter_02,FD_08,NZ_03,CHIP_1005,-21.33,-4.69,-0.315,128.62,97.25,-76.56,2.8,250.3,3.99,A,Normal,0
PCB_04019,LOT_20260309,SMD_Line_A,Mounter_04,FD_06,NZ_03,IC_QFP_48,16.47,24.2,-0.459,146.16,100.36,-76.12,3.38,248.2,4.08,B,Normal,0
PCB_04020,LOT_20260309,SMD_Line_A,Mounter_01,FD_08,NZ_05,CHIP_1005,-9.97,-0.9,0.416,145.49,94.55,-68.01,3.91,244.4,4.41,A,Normal,0
PCB_04021,LOT_20260309,SMD_Line_B,Mounter_03,FD_02,NZ_04,CHIP_0603,15.92,6.65,-0.601,150.18,85.4,-71.01,2.54,246.7,3.8,A,Normal,0
PCB_04022,LOT_20260309,SMD_Line_A,Mounter_01,FD_19,NZ_06,IC_QFP_48,8.72,11.32,0.201,126.96,84.35,-73.23,2.7,251.3,3.75,A,Normal,0
PCB_04023,LOT_20260309,SMD_Line_B,Mounter_02,FD_16,NZ_02,IC_QFP_48,3.59,12.18,0.011,122.33,,-73.52,3.36,246.1,3.59,A,Normal,0
PCB_04024,LOT_20260309,SMD_Line_C,Mounter_01,FD_07,NZ_01,IC_QFP_48,-0.51,4.0,0.026,109.49,95.29,-69.56,2.34,249.0,4.28,A,Normal,0
PCB_04025,LOT_20260309,SMD_Line_B,Mounter_03,FD_10,NZ_07,CHIP_0603,8.77,-2.71,-0.025,149.63,113.87,-74.76,2.65,248.3,4.02,A,Normal,0
PCB_04026,LOT_20260309,SMD_Line_C,Mounter_02,FD_12,NZ_03,CHIP_0603,-11.63,9.77,0.058,112.68,108.02,-72.52,3.71,245.4,4.13,A,Normal,0
PCB_04027,LOT_20260309,SMD_Line_A,Mounter_02,FD_17,NZ_01,CHIP_1005,16.68,5.0,-1.025,116.48,118.48,-69.45,3.93,250.4,3.96,B,Normal,0
PCB_04028,LOT_20260309,SMD_Line_A,Mounter_03,FD_07,NZ_04,CHIP_0603,1.79,-5.14,-0.393,133.39,108.28,-74.6,2.64,240.8,3.98,A,Normal,0
PCB_04029,LOT_20260309,SMD_Line_B,Mounter_03,FD_22,NZ_07,CHIP_0603,18.69,16.63,-0.411,125.37,80.98,-67.55,2.7,246.8,3.9,B,Normal,0
PCB_04030,LOT_20260309,SMD_Line_A,Mounter_03,FD_08,NZ_03,BGA_256,-1.53,5.4,0.498,151.71,82.19,,3.6,242.7,4.45,A,Normal,0
PCB_04031,LOT_20260309,SMD_Line_B,Mounter_01,FD_07,NZ_08,CHIP_1005,1.78,-8.84,0.071,118.49,87.28,-71.87,3.78,248.7,4.22,A,Normal,0
PCB_04032,LOT_20260309,SMD_Line_A,Mounter_04,FD_04,NZ_08,CHIP_1005,3.3,-10.22,0.005,130.44,95.77,-71.73,3.02,244.9,4.93,A,Normal,0
PCB_04033,LOT_20260309,SMD_Line_A,Mounter_01,FD_03,NZ_01,CHIP_0603,7.2,23.12,0.835,102.21,90.69,-79.43,2.78,249.0,4.05,B,Normal,0
PCB_04034,LOT_20260309,SMD_Line_C,Mounter_01,FD_19,NZ_05,CAP_3216,22.64,-5.81,-0.911,148.48,108.3,-74.6,3.5,248.2,4.99,B,Normal,0
PCB_04035,LOT_20260309,SMD_Line_A,Mounter_04,FD_15,NZ_01,CHIP_0603,-5.48,8.88,0.637,104.86,114.14,-69.91,3.39,243.2,4.06,A,Normal,0
PCB_04036,LOT_20260309,SMD_Line_C,Mounter_03,FD_04,NZ_07,IC_QFP_48,-1.6,4.45,0.005,167.32,85.5,-74.52,3.15,247.3,4.46,A,Normal,0
PCB_04037,LOT_20260309,SMD_Line_C,Mounter_03,FD_09,NZ_05,CAP_3216,-0.24,8.48,-0.34,128.24,80.29,-72.93,4.28,246.9,3.89,A,Normal,0
PCB_04038,LOT_20260309,SMD_Line_C,Mounter_04,FD_13,NZ_07,IC_QFP_48,-28.94,22.56,-0.24,125.69,,-73.42,3.32,244.1,4.44,F,Tombstone,1
PCB_04039,LOT_20260309,SMD_Line_B,Mounter_04,FD_18,NZ_02,CAP_3216,-6.94,11.77,-0.224,129.53,102.78,-68.59,2.49,248.6,3.05,A,Normal,0
PCB_04040,LOT_20260309,SMD_Line_B,Mounter_01,FD_21,NZ_04,IC_QFP_48,-6.12,9.86,0.675,113.89,93.58,-70.8,3.43,244.5,3.58,A,Normal,0
PCB_04041,LOT_20260309,SMD_Line_C,Mounter_02,FD_16,NZ_08,CHIP_0603,32.98,-2.32,0.108,139.87,118.98,-73.58,2.77,241.7,3.71,F,Tombstone,1
PCB_04042,LOT_20260309,SMD_Line_A,Mounter_04,FD_01,NZ_06,CHIP_0603,3.23,-7.84,0.309,123.87,114.94,-74.51,3.08,246.2,5.23,F,Tombstone,1
PCB_04043,LOT_20260309,SMD_Line_B,Mounter_01,FD_04,NZ_01,CHIP_0603,6.17,28.55,-0.334,125.31,92.9,-68.97,3.64,246.9,4.73,B,Normal,0
PCB_04044,LOT_20260309,SMD_Line_B,Mounter_02,FD_18,NZ_03,CHIP_0603,-18.36,-0.49,0.05,149.28,110.45,-71.5,3.69,232.5,4.33,A,Normal,0
PCB_04045,LOT_20260309,SMD_Line_B,Mounter_03,FD_08,NZ_07,IC_QFP_48,-0.78,-1.26,0.409,104.2,113.83,-68.47,1.41,255.1,3.99,A,Normal,0
PCB_04046,LOT_20260309,SMD_Line_B,Mounter_03,FD_20,NZ_07,CHIP_0603,11.7,3.41,0.507,127.06,110.06,-69.84,2.84,256.9,3.91,A,Normal,0
PCB_04047,LOT_20260309,SMD_Line_A,Mounter_01,FD_16,NZ_04,BGA_256,31.46,2.26,-0.603,128.36,115.22,-83.44,2.87,241.5,3.9,B,Normal,0
PCB_04048,LOT_20260309,SMD_Line_B,Mounter_01,FD_21,NZ_01,CHIP_1005,-8.55,18.79,0.364,132.07,88.61,-68.25,3.17,247.6,4.54,A,Normal,0
PCB_04049,LOT_20260309,SMD_Line_C,Mounter_04,FD_11,NZ_03,CHIP_1005,-22.69,6.37,-0.066,121.66,100.31,-71.56,2.65,240.5,4.25,A,Normal,0
PCB_04050,LOT_20260309,SMD_Line_A,Mounter_03,FD_20,NZ_03,CAP_3216,-9.69,-15.46,0.164,125.21,119.75,-71.14,3.0,238.0,4.65,B,Normal,0
PCB_04051,LOT_20260309,SMD_Line_C,Mounter_01,FD_21,NZ_07,CHIP_0603,-9.64,-7.78,-0.238,157.74,95.32,-79.02,3.13,243.1,4.48,A,Normal,0
PCB_04052,LOT_20260309,SMD_Line_B,Mounter_03,FD_21,NZ_06,IC_QFP_48,-9.52,0.13,0.687,137.49,92.26,-73.71,2.17,239.2,4.41,A,Normal,0
PCB_04053,LOT_20260309,SMD_Line_C,Mounter_03,FD_21,NZ_07,IC_QFP_48,11.34,12.1,0.117,118.31,,-71.8,3.07,247.2,3.81,A,Normal,0
PCB_04054,LOT_20260309,SMD_Line_B,Mounter_04,FD_19,NZ_06,CHIP_0603,4.28,-17.94,-0.265,139.78,81.0,-76.49,3.76,248.7,3.81,B,Normal,0
PCB_04055,LOT_20260309,SMD_Line_C,Mounter_02,FD_23,NZ_07,CHIP_1005,-14.11,5.83,-0.22,130.68,103.92,-67.35,2.44,252.4,4.27,A,Normal,0
PCB_04056,LOT_20260309,SMD_Line_A,Mounter_04,FD_19,NZ_07,CHIP_1005,17.7,8.63,0.387,141.13,80.01,-69.39,3.27,245.2,4.39,B,Normal,0
PCB_04057,LOT_20260309,SMD_Line_C,Mounter_01,FD_18,NZ_03,IC_QFP_48,23.66,10.41,0.325,126.94,115.2,-73.41,3.23,248.6,4.1,B,Normal,0
PCB_04058,LOT_20260309,SMD_Line_A,Mounter_04,FD_19,NZ_06,CHIP_1005,-21.31,-0.95,0.036,117.88,80.55,-65.65,2.1,246.6,3.58,B,Normal,0
PCB_04059,LOT_20260309,SMD_Line_C,Mounter_04,FD_11,NZ_03,CHIP_1005,14.72,12.38,-0.174,104.97,110.19,-70.71,2.97,246.2,4.31,F,Tombstone,1
PCB_04060,LOT_20260309,SMD_Line_C,Mounter_03,FD_03,NZ_01,IC_QFP_48,-2.13,-9.62,0.43,147.29,91.24,-67.2,3.13,240.8,4.58,A,Normal,0
PCB_04061,LOT_20260309,SMD_Line_A,Mounter_04,FD_08,NZ_07,CHIP_0603,-11.78,11.16,-0.237,140.26,87.31,-74.86,3.94,244.0,3.65,A,Normal,0
PCB_04062,LOT_20260309,SMD_Line_A,Mounter_01,FD_20,NZ_02,IC_QFP_48,-18.19,-0.73,-0.259,135.35,100.31,-70.33,2.97,243.5,4.05,A,Normal,0
PCB_04063,LOT_20260309,SMD_Line_C,Mounter_02,FD_19,NZ_06,BGA_256,-5.66,0.51,1.137,139.73,103.59,-67.3,3.41,247.5,3.73,A,Normal,0
PCB_04064,LOT_20260309,SMD_Line_A,Mounter_04,FD_10,NZ_05,BGA_256,-6.52,0.37,0.17,148.55,101.1,-67.86,2.76,236.1,4.68,A,Normal,0
PCB_04065,LOT_20260309,SMD_Line_C,Mounter_04,FD_16,NZ_08,IC_QFP_48,1.84,7.67,-0.037,104.75,104.08,-68.47,3.37,249.4,5.2,A,Normal,0
PCB_04066,LOT_20260309,SMD_Line_A,Mounter_02,FD_05,NZ_05,CHIP_1005,26.83,-13.04,-0.2,131.25,108.29,-67.64,3.71,243.9,4.86,B,Normal,0
PCB_04067,LOT_20260309,SMD_Line_A,Mounter_01,FD_20,NZ_05,CAP_3216,-6.35,10.45,-0.095,102.84,75.87,-66.65,2.2,242.2,3.41,B,Normal,0
PCB_04068,LOT_20260309,SMD_Line_C,Mounter_01,FD_09,NZ_02,CHIP_1005,-17.58,10.28,0.562,124.09,101.62,-80.08,3.27,246.4,4.37,A,Normal,0
PCB_04069,LOT_20260309,SMD_Line_B,Mounter_04,FD_08,NZ_03,CHIP_1005,-4.13,-3.56,0.373,134.95,83.63,-73.49,3.51,244.9,4.48,A,Normal,0
PCB_04070,LOT_20260309,SMD_Line_C,Mounter_03,FD_11,NZ_03,CHIP_0603,13.03,0.03,-0.292,124.72,84.78,-78.1,3.11,245.7,5.07,A,Normal,0
PCB_04071,LOT_20260309,SMD_Line_A,Mounter_04,FD_16,NZ_08,CAP_3216,-3.1,-10.14,-0.149,156.44,86.8,-78.05,3.34,250.5,3.91,A,Normal,0
PCB_04072,LOT_20260309,SMD_Line_B,Mounter_02,FD_07,NZ_08,IC_QFP_48,8.14,-13.69,-0.592,125.63,76.33,-73.82,3.64,237.5,4.14,B,Normal,0
PCB_04073,LOT_20260309,SMD_Line_B,Mounter_02,FD_15,NZ_04,IC_QFP_48,2.12,2.33,0.118,118.45,,-73.5,2.37,239.2,3.61,A,Normal,0
PCB_04074,LOT_20260309,SMD_Line_B,Mounter_02,FD_24,NZ_08,CHIP_0603,0.76,2.41,-1.785,130.48,78.79,-67.24,3.43,242.7,3.53,C,Normal,0
PCB_04075,LOT_20260309,SMD_Line_B,Mounter_04,FD_21,NZ_05,IC_QFP_48,19.84,-3.98,-0.693,114.46,104.86,-76.17,3.91,250.9,4.23,A,Normal,0
PCB_04076,LOT_20260309,SMD_Line_B,Mounter_04,FD_20,NZ_05,IC_QFP_48,-12.1,-14.75,0.042,116.85,118.23,-71.37,2.94,248.3,4.93,F,Tombstone,1
PCB_04077,LOT_20260309,SMD_Line_B,Mounter_01,FD_23,NZ_03,IC_QFP_48,-13.01,5.39,-1.181,144.05,118.78,-66.41,2.81,244.5,4.21,B,Normal,0
PCB_04078,LOT_20260309,SMD_Line_A,Mounter_03,FD_17,NZ_05,CHIP_0603,-11.36,-4.26,1.028,144.85,86.91,-72.54,2.81,247.5,4.22,B,Normal,0
PCB_04079,LOT_20260309,SMD_Line_C,Mounter_04,FD_06,NZ_03,CHIP_1005,4.32,-8.84,-0.399,132.36,85.75,-65.17,3.37,248.5,3.57,A,Normal,0
PCB_04080,LOT_20260309,SMD_Line_A,Mounter_01,FD_15,NZ_07,CHIP_0603,0.67,15.06,0.218,139.15,109.38,-78.56,4.05,247.2,4.27,A,Normal,0
PCB_04081,LOT_20260309,SMD_Line_B,Mounter_04,FD_08,NZ_07,CHIP_1005,8.88,-11.51,0.571,161.33,100.68,-74.97,4.44,249.6,3.92,A,Normal,0
PCB_04082,LOT_20260309,SMD_Line_A,Mounter_01,FD_07,NZ_03,CHIP_0603,-0.95,6.63,0.121,129.12,99.11,-66.6,4.14,245.7,3.97,A,Normal,0
PCB_04083,LOT_20260309,SMD_Line_B,Mounter_01,FD_02,NZ_06,CHIP_0603,-2.45,-17.69,-0.002,117.0,84.31,-74.37,2.99,247.1,5.05,A,Normal,0
PCB_04084,LOT_20260309,SMD_Line_B,Mounter_03,FD_13,NZ_03,CHIP_0603,4.11,-16.95,-0.255,138.04,101.45,-72.84,2.68,247.1,3.98,A,Normal,0
PCB_04085,LOT_20260309,SMD_Line_A,Mounter_04,FD_23,NZ_01,CHIP_0603,21.21,5.7,-0.593,142.53,,-66.15,2.28,243.3,4.03,A,Normal,0
PCB_04086,LOT_20260309,SMD_Line_A,Mounter_01,FD_06,NZ_01,CHIP_0603,-14.53,-3.97,-0.214,144.01,90.73,-69.67,3.47,244.4,4.31,A,Normal,0
PCB_04087,LOT_20260309,SMD_Line_A,Mounter_02,FD_05,NZ_01,CAP_3216,-11.5,-13.79,0.046,147.16,105.57,-77.76,4.96,247.1,2.43,A,Normal,0
PCB_04088,LOT_20260309,SMD_Line_B,Mounter_02,FD_20,NZ_01,CHIP_1005,0.51,11.21,-0.012,144.92,101.92,-69.84,3.32,240.9,3.81,A,Normal,0
PCB_04089,LOT_20260309,SMD_Line_C,Mounter_02,FD_01,NZ_02,CHIP_1005,25.41,4.38,-0.43,137.8,92.17,-74.47,3.41,242.0,3.3,A,Normal,0
PCB_04090,LOT_20260309,SMD_Line_A,Mounter_03,FD_18,NZ_04,CHIP_1005,-13.4,-25.11,0.479,139.54,99.39,-73.73,3.17,243.9,3.92,F,Tombstone,1
PCB_04091,LOT_20260309,SMD_Line_B,Mounter_01,FD_15,NZ_04,CHIP_1005,-0.12,11.32,-0.644,136.16,87.44,-72.33,3.53,245.2,5.15,A,Normal,0
PCB_04092,LOT_20260309,SMD_Line_A,Mounter_03,FD_23,NZ_03,CAP_3216,-10.97,-12.55,0.268,106.16,110.27,-74.02,2.83,244.9,2.81,A,Normal,0
PCB_04093,LOT_20260309,SMD_Line_B,Mounter_04,FD_10,NZ_07,CHIP_0603,4.98,-20.15,0.383,104.22,87.64,-70.29,3.39,244.9,3.37,A,Normal,0
PCB_04094,LOT_20260309,SMD_Line_C,Mounter_04,FD_03,NZ_05,CHIP_0603,-25.8,-9.68,0.107,114.2,92.83,-75.05,3.02,245.6,4.88,A,Normal,0
PCB_04095,LOT_20260309,SMD_Line_A,Mounter_01,FD_05,NZ_01,CAP_3216,-12.95,-0.49,0.749,142.3,110.83,-70.94,3.49,244.0,4.12,A,Normal,0
PCB_04096,LOT_20260309,SMD_Line_B,Mounter_02,FD_24,NZ_04,CHIP_1005,15.98,0.91,0.183,123.44,93.72,-69.35,3.19,242.1,4.42,A,Normal,0
PCB_04097,LOT_20260309,SMD_Line_A,Mounter_01,FD_13,NZ_04,CHIP_0603,0.12,-19.29,0.62,132.04,88.77,-72.23,3.51,245.2,4.25,A,Normal,0
PCB_04098,LOT_20260309,SMD_Line_A,Mounter_01,FD_08,NZ_01,CHIP_0603,-9.32,-16.67,-1.2,153.45,102.2,-71.76,2.65,247.7,4.26,B,Normal,0
PCB_04099,LOT_20260309,SMD_Line_A,Mounter_01,FD_22,NZ_07,CHIP_0603,-0.57,-8.98,0.422,146.26,121.54,,3.85,248.6,4.03,A,Normal,0
PCB_04100,LOT_20260309,SMD_Line_A,Mounter_03,FD_21,NZ_02,CAP_3216,-0.79,-8.22,0.264,97.41,,-71.55,3.78,236.6,2.58,F,Tombstone,1
PCB_04101,LOT_20260309,SMD_Line_B,Mounter_04,FD_02,NZ_02,CHIP_0603,7.01,8.99,0.241,140.95,107.32,-72.36,3.02,240.8,4.19,A,Normal,0
PCB_04102,LOT_20260309,SMD_Line_B,Mounter_01,FD_09,NZ_08,CAP_3216,-25.95,-4.88,0.278,130.84,111.93,-72.53,2.86,249.0,4.75,B,Normal,0
PCB_04103,LOT_20260309,SMD_Line_B,Mounter_01,FD_17,NZ_04,CAP_3216,-12.96,8.76,-0.217,120.16,106.2,-72.43,2.44,243.8,4.7,A,Normal,0
PCB_04104,LOT_20260309,SMD_Line_A,Mounter_01,FD_18,NZ_08,CHIP_1005,-11.94,12.93,0.341,125.09,,-71.35,2.5,237.3,4.49,A,Normal,0
PCB_04105,LOT_20260309,SMD_Line_A,Mounter_03,FD_13,NZ_02,CHIP_0603,7.87,6.56,0.802,125.3,110.97,-73.51,2.96,250.1,4.15,A,Normal,0
PCB_04106,LOT_20260309,SMD_Line_B,Mounter_03,FD_01,NZ_06,CHIP_0603,-0.08,-36.27,-0.845,110.33,,-72.51,3.29,249.2,4.28,B,Normal,0
PCB_04107,LOT_20260309,SMD_Line_C,Mounter_03,FD_12,NZ_01,CHIP_1005,18.01,-3.59,0.535,133.67,99.36,-68.53,3.32,240.0,4.63,A,Normal,0
PCB_04108,LOT_20260309,SMD_Line_A,Mounter_01,FD_20,NZ_07,CHIP_1005,10.36,-1.96,-0.058,162.65,,-64.98,4.25,240.1,3.44,A,Normal,0
PCB_04109,LOT_20260309,SMD_Line_C,Mounter_02,FD_20,NZ_04,CHIP_1005,-4.32,-0.64,-0.297,145.24,103.99,-63.39,2.89,257.5,5.1,A,Normal,0
PCB_04110,LOT_20260309,SMD_Line_B,Mounter_02,FD_21,NZ_01,CHIP_1005,-0.62,-24.57,-0.545,99.61,103.68,-71.53,2.83,241.1,4.7,A,Normal,0
PCB_04111,LOT_20260309,SMD_Line_B,Mounter_02,FD_05,NZ_02,CAP_3216,16.17,-9.02,0.171,134.37,104.38,-75.61,3.14,250.1,5.12,F,Tombstone,1
PCB_04112,LOT_20260309,SMD_Line_B,Mounter_04,FD_08,NZ_01,CHIP_1005,17.92,-16.07,0.712,134.37,88.16,-72.85,2.65,251.5,4.36,B,Normal,0
PCB_04113,LOT_20260309,SMD_Line_A,Mounter_01,FD_15,NZ_02,IC_QFP_48,-1.2,-10.93,-0.175,115.08,,-71.49,4.12,238.9,3.94,A,Normal,0
PCB_04114,LOT_20260309,SMD_Line_A,Mounter_02,FD_03,NZ_07,BGA_256,-12.31,-3.05,0.3,111.84,84.8,-68.21,4.28,241.2,4.43,A,Normal,0
PCB_04115,LOT_20260309,SMD_Line_B,Mounter_02,FD_06,NZ_02,CHIP_0603,-26.26,-8.75,-0.005,143.47,103.15,-74.51,3.68,249.3,4.58,A,Normal,0
PCB_04116,LOT_20260309,SMD_Line_A,Mounter_02,FD_13,NZ_01,CHIP_0603,-26.26,-10.07,-0.74,131.57,104.13,-72.43,3.76,239.3,5.16,B,Normal,0
PCB_04117,LOT_20260309,SMD_Line_C,Mounter_01,FD_12,NZ_07,CHIP_0603,5.9,-2.34,-0.081,122.84,115.82,-75.54,3.1,240.5,4.05,A,Normal,0
PCB_04118,LOT_20260309,SMD_Line_B,Mounter_02,FD_19,NZ_02,CHIP_0603,5.65,-5.81,-0.299,139.04,103.6,-66.17,3.6,244.2,3.99,A,Normal,0
PCB_04119,LOT_20260309,SMD_Line_A,Mounter_02,FD_18,NZ_08,CHIP_1005,-8.44,2.36,-0.456,161.76,95.56,-70.1,3.95,244.5,4.73,A,Normal,0
PCB_04120,LOT_20260309,SMD_Line_B,Mounter_01,FD_24,NZ_06,CHIP_0603,16.27,-4.95,-0.194,133.87,94.94,-73.24,3.01,249.6,4.08,A,Normal,0
PCB_04121,LOT_20260309,SMD_Line_A,Mounter_04,FD_01,NZ_03,CHIP_1005,-2.59,-18.5,-0.143,134.37,,-71.78,4.06,247.4,3.9,A,Normal,0
PCB_04122,LOT_20260309,SMD_Line_B,Mounter_03,FD_07,NZ_01,CAP_3216,-7.35,-12.17,0.453,129.68,91.83,-76.72,3.19,245.9,3.93,A,Normal,0
PCB_04123,LOT_20260309,SMD_Line_B,Mounter_02,FD_12,NZ_03,CHIP_0603,14.64,-3.87,0.011,124.12,101.84,-70.41,3.14,244.4,3.19,A,Normal,0
PCB_04124,LOT_20260309,SMD_Line_C,Mounter_03,FD_10,NZ_01,CHIP_1005,12.98,-5.29,-0.632,142.29,111.44,-70.65,2.67,240.6,3.84,A,Normal,0
PCB_04125,LOT_20260309,SMD_Line_C,Mounter_04,FD_12,NZ_02,CHIP_0603,-0.64,-16.68,0.543,127.11,124.3,-78.2,3.33,250.1,4.41,F,Tombstone,1
PCB_04126,LOT_20260309,SMD_Line_B,Mounter_04,FD_11,NZ_02,CHIP_0603,6.47,7.98,0.173,137.5,113.87,-74.55,3.87,245.6,4.2,A,Normal,0
PCB_04127,LOT_20260309,SMD_Line_B,Mounter_02,FD_04,NZ_07,CHIP_1005,8.05,3.68,0.126,152.51,93.7,-73.05,1.84,247.8,4.43,A,Normal,0
PCB_04128,LOT_20260309,SMD_Line_C,Mounter_01,FD_19,NZ_04,CAP_3216,27.19,-7.09,0.393,141.17,91.04,-73.01,3.41,245.9,4.86,B,Normal,0
PCB_04129,LOT_20260309,SMD_Line_A,Mounter_04,FD_06,NZ_06,CHIP_1005,-1.64,-1.93,-0.01,110.89,107.56,-73.77,3.64,245.5,5.39,A,Normal,0
PCB_04130,LOT_20260309,SMD_Line_A,Mounter_03,FD_09,NZ_08,CHIP_0603,-14.75,-12.65,-0.241,110.02,97.43,-71.55,3.27,245.4,4.06,A,Normal,0
PCB_04131,LOT_20260309,SMD_Line_A,Mounter_03,FD_20,NZ_04,CHIP_1005,7.82,10.07,0.156,148.8,82.25,-67.12,2.02,245.0,3.63,A,Normal,0
PCB_04132,LOT_20260309,SMD_Line_A,Mounter_03,FD_10,NZ_03,CHIP_0603,0.78,24.41,0.28,128.32,131.11,-70.32,2.38,244.4,3.98,C,Normal,0
PCB_04133,LOT_20260309,SMD_Line_B,Mounter_03,FD_05,NZ_02,CHIP_0603,1.4,-7.61,0.172,133.91,102.08,-67.88,3.15,242.5,4.59,A,Normal,0
PCB_04134,LOT_20260309,SMD_Line_B,Mounter_04,FD_13,NZ_04,CHIP_1005,-0.39,14.44,0.365,118.12,114.99,-70.72,2.2,247.2,5.43,A,Normal,0
PCB_04135,LOT_20260309,SMD_Line_B,Mounter_02,FD_09,NZ_02,CHIP_0603,-19.89,-10.16,0.045,139.24,96.0,-73.12,4.81,249.7,4.28,A,Normal,0
PCB_04136,LOT_20260309,SMD_Line_A,Mounter_02,FD_02,NZ_01,CHIP_1005,3.27,-6.28,-0.448,158.32,99.62,-72.62,3.98,246.0,4.44,A,Normal,0
PCB_04137,LOT_20260309,SMD_Line_B,Mounter_03,FD_18,NZ_04,CHIP_1005,-4.49,16.92,-0.283,132.27,101.82,-69.19,2.58,251.7,4.09,A,Normal,0
PCB_04138,LOT_20260309,SMD_Line_A,Mounter_02,FD_21,NZ_03,CHIP_1005,-3.86,-1.41,0.618,139.72,96.73,-70.11,3.72,243.1,4.28,A,Normal,0
PCB_04139,LOT_20260309,SMD_Line_B,Mounter_03,FD_01,NZ_07,CHIP_0603,-4.98,8.11,0.015,148.68,90.89,-67.33,3.6,254.0,4.82,A,Normal,0
PCB_04140,LOT_20260309,SMD_Line_B,Mounter_03,FD_24,NZ_04,CAP_3216,-0.49,-3.18,-0.507,155.2,126.37,-71.98,2.98,246.9,4.6,B,Normal,0
PCB_04141,LOT_20260309,SMD_Line_A,Mounter_01,FD_21,NZ_02,CHIP_1005,3.26,-21.27,-0.55,119.81,104.26,-76.88,3.79,233.4,4.17,A,Normal,0
PCB_04142,LOT_20260309,SMD_Line_A,Mounter_04,FD_12,NZ_05,IC_QFP_48,-0.37,27.58,-0.603,136.2,81.06,-72.68,1.95,253.0,4.33,B,Normal,0
PCB_04143,LOT_20260309,SMD_Line_A,Mounter_04,FD_10,NZ_05,CHIP_0603,14.44,-2.56,0.371,149.13,101.22,-77.22,2.99,241.0,4.02,A,Normal,0
PCB_04144,LOT_20260309,SMD_Line_C,Mounter_03,FD_02,NZ_07,CHIP_1005,9.45,1.84,0.139,153.31,82.73,-72.47,2.89,245.9,4.79,A,Normal,0
PCB_04145,LOT_20260309,SMD_Line_C,Mounter_04,FD_09,NZ_07,CHIP_1005,-0.91,-8.64,0.83,123.64,89.85,-76.11,4.28,247.1,5.13,A,Normal,0
PCB_04146,LOT_20260309,SMD_Line_B,Mounter_02,FD_02,NZ_06,CHIP_0603,-12.94,9.21,0.259,119.95,101.28,-72.33,2.62,245.3,3.77,F,Tombstone,1
PCB_04147,LOT_20260309,SMD_Line_A,Mounter_03,FD_23,NZ_07,CHIP_0603,7.26,8.34,0.286,127.68,106.47,-71.48,3.61,244.5,3.8,A,Normal,0
PCB_04148,LOT_20260309,SMD_Line_B,Mounter_01,FD_24,NZ_02,CHIP_1005,-3.94,-18.38,0.895,125.19,69.72,,2.79,242.3,4.02,C,Normal,0
PCB_04149,LOT_20260309,SMD_Line_B,Mounter_02,FD_22,NZ_08,BGA_256,-2.13,2.02,-0.436,125.82,120.59,-72.96,3.84,242.8,4.63,A,Normal,0
PCB_04150,LOT_20260309,SMD_Line_C,Mounter_01,FD_14,NZ_01,IC_QFP_48,-16.48,10.35,-0.675,136.18,92.09,-73.34,2.94,250.0,3.99,A,Normal,0
PCB_04151,LOT_20260309,SMD_Line_A,Mounter_01,FD_11,NZ_04,CHIP_0603,5.17,14.17,0.249,121.89,97.31,-68.03,2.47,240.7,4.67,A,Normal,0
PCB_04152,LOT_20260309,SMD_Line_A,Mounter_04,FD_23,NZ_07,CHIP_1005,32.42,7.63,-0.11,153.39,118.4,-71.01,3.18,245.2,3.42,B,Normal,0
PCB_04153,LOT_20260309,SMD_Line_B,Mounter_04,FD_11,NZ_05,BGA_256,-6.33,8.67,0.134,123.93,120.54,-77.32,3.71,248.0,4.16,A,Normal,0
PCB_04154,LOT_20260309,SMD_Line_A,Mounter_03,FD_17,NZ_01,IC_QFP_48,7.78,-6.37,0.551,120.98,,-71.53,3.51,240.6,4.27,A,Normal,0
PCB_04155,LOT_20260309,SMD_Line_A,Mounter_04,FD_04,NZ_08,CHIP_0603,15.57,-14.5,0.343,112.45,112.76,-66.69,2.3,247.0,3.73,A,Normal,0
PCB_04156,LOT_20260309,SMD_Line_A,Mounter_01,FD_13,NZ_02,BGA_256,-6.54,-3.67,0.682,148.86,101.9,-73.62,2.24,249.4,4.13,A,Normal,0
PCB_04157,LOT_20260309,SMD_Line_B,Mounter_01,FD_07,NZ_01,CHIP_0603,-30.31,-14.77,-0.409,110.6,131.85,-73.35,2.81,246.5,4.75,C,Normal,0
PCB_04158,LOT_20260309,SMD_Line_C,Mounter_02,FD_16,NZ_02,CHIP_1005,8.69,-8.72,0.404,136.86,91.92,-69.79,2.61,249.7,4.13,A,Normal,0
PCB_04159,LOT_20260309,SMD_Line_C,Mounter_01,FD_01,NZ_08,CHIP_1005,0.99,-8.9,-0.348,140.42,119.8,-74.99,2.66,244.8,4.41,A,Normal,0
PCB_04160,LOT_20260309,SMD_Line_B,Mounter_03,FD_13,NZ_08,BGA_256,3.89,-11.1,0.751,86.25,92.98,-76.13,2.92,241.4,4.91,A,Normal,0
PCB_04161,LOT_20260309,SMD_Line_B,Mounter_03,FD_01,NZ_06,CAP_3216,0.69,6.28,0.202,110.37,,-77.48,3.56,244.4,3.74,A,Normal,0
PCB_04162,LOT_20260309,SMD_Line_A,Mounter_04,FD_11,NZ_04,CAP_3216,14.5,-11.95,0.228,124.33,96.36,-69.62,3.03,239.3,4.33,A,Normal,0
PCB_04163,LOT_20260309,SMD_Line_B,Mounter_04,FD_06,NZ_01,CHIP_0603,-1.22,21.66,-0.262,158.42,80.31,-68.96,2.49,255.0,2.78,B,Normal,0
PCB_04164,LOT_20260309,SMD_Line_A,Mounter_04,FD_20,NZ_08,CAP_3216,27.14,11.67,-0.239,124.34,88.83,-74.05,2.65,245.0,3.5,B,Normal,0
PCB_04165,LOT_20260309,SMD_Line_B,Mounter_03,FD_03,NZ_04,CHIP_0603,8.73,14.04,0.182,122.45,96.16,-76.04,3.47,237.1,4.57,A,Normal,0
PCB_04166,LOT_20260309,SMD_Line_A,Mounter_01,FD_12,NZ_01,CHIP_0603,12.64,-8.13,0.787,118.75,96.96,-68.95,3.13,242.3,3.93,A,Normal,0
PCB_04167,LOT_20260309,SMD_Line_A,Mounter_04,FD_05,NZ_02,CHIP_1005,0.08,2.36,0.712,118.52,111.0,,2.77,244.2,4.34,A,Normal,0
PCB_04168,LOT_20260309,SMD_Line_A,Mounter_02,FD_09,NZ_08,CHIP_1005,3.89,-12.31,0.161,120.47,109.86,-79.02,3.58,239.6,3.44,A,Normal,0
PCB_04169,LOT_20260309,SMD_Line_A,Mounter_04,FD_12,NZ_02,CHIP_1005,-21.12,2.56,-0.19,119.92,99.57,-70.7,3.68,239.6,2.85,F,Tombstone,1
PCB_04170,LOT_20260309,SMD_Line_A,Mounter_03,FD_10,NZ_01,CHIP_1005,-7.21,-20.86,0.258,119.28,79.15,-70.98,3.66,243.6,3.85,F,Tombstone,1
PCB_04171,LOT_20260309,SMD_Line_A,Mounter_04,FD_19,NZ_06,CAP_3216,13.47,12.54,0.565,119.26,74.38,-67.14,3.14,247.3,3.91,B,Normal,0
PCB_04172,LOT_20260309,SMD_Line_C,Mounter_01,FD_05,NZ_02,CHIP_0603,-0.84,-7.61,0.095,124.28,93.64,-69.06,2.66,249.0,4.02,A,Normal,0
PCB_04173,LOT_20260309,SMD_Line_B,Mounter_04,FD_05,NZ_03,CHIP_0603,-14.06,3.57,-0.174,144.26,89.97,-68.86,3.06,249.7,4.93,A,Normal,0
PCB_04174,LOT_20260309,SMD_Line_B,Mounter_03,FD_09,NZ_03,CAP_3216,-8.55,5.76,0.306,113.18,92.9,-75.07,2.77,242.5,3.17,A,Normal,0
PCB_04175,LOT_20260309,SMD_Line_C,Mounter_03,FD_20,NZ_04,CHIP_0603,-8.65,-6.54,-0.108,120.3,119.46,-76.73,1.62,233.8,3.83,A,Normal,0
PCB_04176,LOT_20260309,SMD_Line_C,Mounter_02,FD_17,NZ_07,CHIP_1005,-0.49,-9.42,-0.16,122.2,92.71,-70.21,3.06,252.5,4.02,A,Normal,0
PCB_04177,LOT_20260309,SMD_Line_B,Mounter_03,FD_10,NZ_03,IC_QFP_48,-10.43,-1.42,-0.025,130.0,89.61,,1.91,244.1,4.13,A,Normal,0
PCB_04178,LOT_20260309,SMD_Line_C,Mounter_02,FD_21,NZ_03,CHIP_1005,17.79,9.47,0.3,118.56,99.96,,2.76,243.2,4.7,A,Normal,0
PCB_04179,LOT_20260309,SMD_Line_A,Mounter_01,FD_01,NZ_06,IC_QFP_48,2.6,-1.73,-0.1,161.13,93.76,-71.56,2.85,250.2,4.17,A,Normal,0
PCB_04180,LOT_20260309,SMD_Line_A,Mounter_03,FD_22,NZ_06,CHIP_0603,-17.44,7.11,-0.017,138.75,107.16,-66.94,4.13,243.7,4.6,A,Normal,0
PCB_04181,LOT_20260309,SMD_Line_B,Mounter_04,FD_16,NZ_07,BGA_256,19.2,9.37,0.065,144.62,,-73.51,2.49,247.1,4.79,A,Normal,0
PCB_04182,LOT_20260309,SMD_Line_B,Mounter_01,FD_15,NZ_05,CHIP_0603,-0.57,-2.27,-0.172,133.58,,-71.85,3.34,246.0,3.5,A,Normal,0
PCB_04183,LOT_20260309,SMD_Line_B,Mounter_04,FD_23,NZ_07,CHIP_1005,6.32,-1.33,0.697,151.07,,-74.22,3.01,239.8,4.76,A,Normal,0
PCB_04184,LOT_20260309,SMD_Line_A,Mounter_04,FD_17,NZ_05,CHIP_0603,3.83,1.64,0.829,112.85,123.17,-75.06,3.48,240.4,4.1,B,Normal,0
PCB_04185,LOT_20260309,SMD_Line_A,Mounter_04,FD_20,NZ_06,CHIP_1005,5.22,13.48,-0.136,121.64,108.37,-67.36,2.8,244.1,4.22,A,Normal,0
PCB_04186,LOT_20260309,SMD_Line_B,Mounter_01,FD_13,NZ_05,IC_QFP_48,-4.29,-4.05,-0.359,117.75,106.37,-72.4,2.25,244.9,4.27,A,Normal,0
PCB_04187,LOT_20260309,SMD_Line_A,Mounter_01,FD_01,NZ_06,CAP_3216,4.13,13.43,-0.209,127.43,76.14,-63.37,3.26,242.4,4.41,B,Normal,0
PCB_04188,LOT_20260309,SMD_Line_B,Mounter_03,FD_08,NZ_05,IC_QFP_48,-1.87,3.01,0.201,153.76,,-76.7,3.21,242.4,3.46,A,Normal,0
PCB_04189,LOT_20260309,SMD_Line_B,Mounter_04,FD_05,NZ_02,CHIP_1005,4.53,-8.69,-0.039,162.99,80.68,-71.66,3.31,244.7,3.42,A,Normal,0
PCB_04190,LOT_20260309,SMD_Line_B,Mounter_02,FD_06,NZ_06,CAP_3216,-2.32,-0.5,-0.575,144.32,102.56,-71.44,3.02,242.0,3.94,A,Normal,0
PCB_04191,LOT_20260309,SMD_Line_C,Mounter_03,FD_23,NZ_07,CHIP_1005,-3.63,-13.22,-0.07,128.53,109.05,-67.64,2.99,248.7,4.5,A,Normal,0
PCB_04192,LOT_20260309,SMD_Line_C,Mounter_01,FD_20,NZ_04,CHIP_1005,-18.28,-15.88,0.183,146.8,106.41,-75.09,3.68,246.3,4.84,F,Tombstone,1
PCB_04193,LOT_20260309,SMD_Line_B,Mounter_02,FD_14,NZ_04,CHIP_1005,-0.07,7.16,0.443,152.25,100.45,-74.09,3.63,242.8,3.86,A,Normal,0
PCB_04194,LOT_20260309,SMD_Line_B,Mounter_01,FD_22,NZ_06,CHIP_1005,2.81,9.41,0.791,147.65,110.84,-76.95,2.72,247.5,4.63,A,Normal,0
PCB_04195,LOT_20260309,SMD_Line_B,Mounter_02,FD_23,NZ_03,BGA_256,23.11,-0.39,-0.202,128.0,114.33,-66.87,3.11,250.6,4.09,A,Normal,0
PCB_04196,LOT_20260309,SMD_Line_A,Mounter_03,FD_11,NZ_08,CHIP_0603,5.99,0.56,-0.281,128.39,96.3,-78.03,2.48,245.7,4.37,A,Normal,0
PCB_04197,LOT_20260309,SMD_Line_A,Mounter_02,FD_06,NZ_04,CHIP_1005,-9.06,-6.81,-0.113,120.13,106.7,-71.58,3.54,238.9,3.9,A,Normal,0
PCB_04198,LOT_20260309,SMD_Line_A,Mounter_03,FD_11,NZ_07,IC_QFP_48,-12.68,2.0,-0.426,126.32,104.61,-63.26,3.48,251.6,4.27,A,Normal,0
PCB_04199,LOT_20260309,SMD_Line_B,Mounter_01,FD_13,NZ_03,CAP_3216,3.34,23.38,-0.315,118.01,109.68,,4.05,252.0,3.74,A,Normal,0
PCB_04200,LOT_20260309,SMD_Line_B,Mounter_02,FD_12,NZ_04,BGA_256,-9.31,11.91,-0.312,129.03,103.93,-67.69,3.64,250.2,4.25,A,Normal,0
PCB_04201,LOT_20260309,SMD_Line_C,Mounter_04,FD_22,NZ_08,CHIP_1005,-7.11,-0.9,0.147,129.65,103.17,-66.0,3.31,247.6,4.63,A,Normal,0
PCB_04202,LOT_20260309,SMD_Line_A,Mounter_04,FD_02,NZ_01,CHIP_1005,-9.35,-1.93,-0.375,117.05,92.75,,4.75,247.1,4.0,A,Normal,0
PCB_04203,LOT_20260309,SMD_Line_A,Mounter_01,FD_21,NZ_01,CHIP_1005,-4.11,-4.44,0.371,170.28,102.47,-71.42,3.41,245.6,4.33,A,Normal,0
PCB_04204,LOT_20260309,SMD_Line_C,Mounter_02,FD_03,NZ_06,CHIP_1005,9.2,-16.65,0.517,134.44,95.92,-72.01,3.53,245.4,4.38,A,Normal,0
PCB_04205,LOT_20260309,SMD_Line_A,Mounter_04,FD_23,NZ_08,CAP_3216,-24.87,-5.7,-0.507,149.39,87.17,-72.27,2.11,240.1,4.76,F,Tombstone,1
PCB_04206,LOT_20260309,SMD_Line_B,Mounter_03,FD_04,NZ_07,CAP_3216,16.18,7.96,-0.587,148.01,103.6,-74.14,3.69,240.2,3.27,A,Normal,0
PCB_04207,LOT_20260309,SMD_Line_B,Mounter_02,FD_17,NZ_07,BGA_256,-2.55,-11.0,-0.241,159.14,87.73,-67.16,4.65,241.3,4.55,A,Normal,0
PCB_04208,LOT_20260309,SMD_Line_B,Mounter_02,FD_22,NZ_04,CHIP_0603,-7.93,-3.3,-0.181,116.39,99.48,-73.84,3.37,236.6,3.66,A,Normal,0
PCB_04209,LOT_20260309,SMD_Line_A,Mounter_04,FD_06,NZ_02,BGA_256,11.1,-13.19,0.57,121.82,95.6,-72.99,3.67,239.8,3.61,A,Normal,0
PCB_04210,LOT_20260309,SMD_Line_A,Mounter_03,FD_07,NZ_03,CAP_3216,-2.58,9.27,-0.023,102.79,93.25,-76.64,3.87,245.0,3.88,A,Normal,0
PCB_04211,LOT_20260309,SMD_Line_A,Mounter_03,FD_15,NZ_08,CHIP_1005,-13.09,-15.02,0.189,105.74,116.86,-69.09,4.28,235.6,3.73,F,Tombstone,1
PCB_04212,LOT_20260309,SMD_Line_B,Mounter_03,FD_11,NZ_04,CHIP_1005,-19.02,6.99,0.188,114.85,119.66,-66.43,3.57,241.0,4.3,B,Normal,0
PCB_04213,LOT_20260309,SMD_Line_B,Mounter_02,FD_24,NZ_06,IC_QFP_48,8.69,12.14,-0.396,127.72,96.44,-79.81,2.25,244.0,3.72,A,Normal,0
PCB_04214,LOT_20260309,SMD_Line_A,Mounter_01,FD_03,NZ_08,CHIP_1005,9.5,-3.82,-0.113,128.59,111.97,-66.58,3.34,241.8,4.49,A,Normal,0
PCB_04215,LOT_20260309,SMD_Line_B,Mounter_02,FD_06,NZ_03,CAP_3216,-5.16,-8.11,-0.006,177.63,81.02,-69.42,3.67,243.6,3.13,A,Normal,0
PCB_04216,LOT_20260309,SMD_Line_C,Mounter_02,FD_02,NZ_05,CHIP_1005,16.52,5.61,0.17,137.55,85.82,-67.55,3.62,246.2,4.73,F,Tombstone,1
PCB_04217,LOT_20260309,SMD_Line_A,Mounter_04,FD_14,NZ_06,IC_QFP_48,0.45,18.91,-0.645,144.55,99.27,-70.69,3.11,249.0,3.42,A,Normal,0
PCB_04218,LOT_20260309,SMD_Line_B,Mounter_01,FD_09,NZ_04,IC_QFP_48,16.6,15.83,-0.268,132.13,87.2,-69.9,2.98,241.9,4.4,A,Normal,0
PCB_04219,LOT_20260309,SMD_Line_B,Mounter_03,FD_18,NZ_02,CHIP_1005,-11.97,-0.87,0.005,110.31,104.51,-70.84,2.98,243.7,3.8,A,Normal,0
PCB_04220,LOT_20260309,SMD_Line_A,Mounter_04,FD_19,NZ_08,BGA_256,-13.5,-10.42,-0.198,134.45,103.45,-75.5,3.11,235.7,3.99,F,Tombstone,1
PCB_04221,LOT_20260309,SMD_Line_A,Mounter_02,FD_12,NZ_05,CHIP_1005,-6.42,-2.74,-0.631,105.79,99.43,-72.42,3.28,247.5,3.76,A,Normal,0
PCB_04222,LOT_20260309,SMD_Line_B,Mounter_01,FD_13,NZ_06,CHIP_1005,-4.99,-19.94,-0.325,127.29,128.41,-73.71,3.53,241.4,3.14,F,Tombstone,1
PCB_04223,LOT_20260309,SMD_Line_C,Mounter_03,FD_12,NZ_04,CHIP_0603,14.39,-6.56,-0.627,139.72,104.42,-68.2,3.43,246.4,3.97,A,Normal,0
PCB_04224,LOT_20260309,SMD_Line_C,Mounter_03,FD_12,NZ_01,CHIP_1005,3.67,5.32,0.621,121.19,106.91,-72.94,2.94,243.7,3.59,A,Normal,0
PCB_04225,LOT_20260309,SMD_Line_B,Mounter_02,FD_18,NZ_07,IC_QFP_48,-9.49,-4.34,-0.144,132.89,105.83,-70.29,2.49,254.4,3.49,A,Normal,0
PCB_04226,LOT_20260309,SMD_Line_B,Mounter_03,FD_09,NZ_04,CAP_3216,0.14,-7.09,-0.029,120.97,89.19,-75.81,3.43,252.7,3.99,F,Tombstone,1
PCB_04227,LOT_20260309,SMD_Line_A,Mounter_03,FD_17,NZ_01,CHIP_0603,-5.35,-0.65,-0.441,113.42,123.4,-65.55,3.03,247.6,4.06,B,Normal,0
PCB_04228,LOT_20260309,SMD_Line_B,Mounter_01,FD_21,NZ_01,CHIP_1005,-10.05,-3.18,0.104,137.32,83.15,-71.09,4.16,246.8,4.24,A,Normal,0
PCB_04229,LOT_20260309,SMD_Line_B,Mounter_04,FD_16,NZ_06,CHIP_0603,-1.0,8.91,0.313,145.67,103.42,-76.74,3.75,246.1,4.45,A,Normal,0
PCB_04230,LOT_20260309,SMD_Line_A,Mounter_01,FD_17,NZ_04,IC_QFP_48,-2.39,-15.66,-0.412,145.63,108.93,-68.46,3.4,243.1,3.6,A,Normal,0
PCB_04231,LOT_20260309,SMD_Line_B,Mounter_04,FD_21,NZ_07,CAP_3216,-9.57,6.21,-0.402,126.38,111.8,,2.75,241.8,3.5,A,Normal,0
PCB_04232,LOT_20260309,SMD_Line_B,Mounter_04,FD_24,NZ_04,CHIP_1005,-9.7,-0.54,-0.223,97.36,96.27,-69.23,2.39,241.0,4.58,A,Normal,0
PCB_04233,LOT_20260309,SMD_Line_A,Mounter_04,FD_08,NZ_01,CHIP_1005,10.18,5.12,-0.63,131.32,108.92,-60.98,3.2,242.3,4.04,B,Normal,0
PCB_04234,LOT_20260309,SMD_Line_C,Mounter_03,FD_11,NZ_03,CHIP_1005,5.29,-16.39,0.171,149.04,87.42,-67.99,3.29,246.8,5.18,A,Normal,0
PCB_04235,LOT_20260309,SMD_Line_A,Mounter_01,FD_24,NZ_05,CHIP_0603,11.8,10.42,0.342,110.28,120.05,-68.17,2.16,244.0,3.17,A,Normal,0
PCB_04236,LOT_20260309,SMD_Line_A,Mounter_03,FD_02,NZ_02,IC_QFP_48,-3.55,6.41,-0.645,156.71,98.04,-73.24,3.48,236.4,4.37,A,Normal,0
PCB_04237,LOT_20260309,SMD_Line_A,Mounter_02,FD_08,NZ_04,CHIP_1005,-13.6,19.74,0.396,99.12,94.04,-71.62,3.23,255.8,3.79,A,Normal,0
PCB_04238,LOT_20260309,SMD_Line_C,Mounter_01,FD_12,NZ_05,IC_QFP_48,-7.17,-9.83,0.397,135.96,92.35,-73.25,1.6,244.3,3.81,A,Normal,0
PCB_04239,LOT_20260309,SMD_Line_B,Mounter_04,FD_21,NZ_05,BGA_256,12.84,-6.9,-1.278,142.45,103.57,-76.59,2.69,254.0,3.93,B,Normal,0
PCB_04240,LOT_20260309,SMD_Line_A,Mounter_03,FD_01,NZ_08,IC_QFP_48,-20.01,-21.05,-0.497,152.02,81.04,-73.5,2.73,243.3,4.87,F,Tombstone,1
PCB_04241,LOT_20260309,SMD_Line_B,Mounter_03,FD_23,NZ_03,IC_QFP_48,18.06,-9.72,-0.273,136.89,110.62,-68.03,2.47,244.0,3.36,A,Normal,0
PCB_04242,LOT_20260309,SMD_Line_A,Mounter_01,FD_13,NZ_05,CAP_3216,-13.88,16.92,0.256,125.12,92.83,-70.66,3.43,248.9,3.35,A,Normal,0
PCB_04243,LOT_20260309,SMD_Line_C,Mounter_01,FD_22,NZ_04,CAP_3216,9.75,3.48,0.197,132.52,115.65,-76.08,4.27,243.7,4.51,A,Normal,0
PCB_04244,LOT_20260309,SMD_Line_B,Mounter_04,FD_21,NZ_06,CHIP_1005,-12.76,-8.57,-0.416,119.76,85.09,-72.38,3.48,246.7,5.05,A,Normal,0
PCB_04245,LOT_20260309,SMD_Line_B,Mounter_04,FD_17,NZ_06,CHIP_0603,-7.44,1.57,0.731,100.15,101.58,-74.75,3.58,243.6,3.83,F,Tombstone,1
PCB_04246,LOT_20260309,SMD_Line_C,Mounter_02,FD_14,NZ_08,CHIP_1005,-25.72,-0.73,-0.315,126.37,,-70.37,2.73,243.0,4.74,A,Normal,0
PCB_04247,LOT_20260309,SMD_Line_A,Mounter_04,FD_14,NZ_05,IC_QFP_48,23.17,-22.53,-0.376,137.37,107.95,-74.39,3.51,251.5,4.64,F,Tombstone,1
PCB_04248,LOT_20260309,SMD_Line_A,Mounter_03,FD_16,NZ_04,CHIP_0603,7.19,-20.39,-0.522,145.39,,-73.94,3.09,239.9,4.34,F,Tombstone,1
PCB_04249,LOT_20260309,SMD_Line_B,Mounter_02,FD_17,NZ_04,CHIP_0603,7.92,13.06,-0.08,122.71,85.18,-76.5,3.2,242.9,4.29,A,Normal,0
PCB_04250,LOT_20260309,SMD_Line_C,Mounter_02,FD_06,NZ_01,CHIP_0603,-6.16,8.69,0.407,152.16,94.52,-66.17,2.84,252.7,4.01,A,Normal,0
PCB_04251,LOT_20260309,SMD_Line_A,Mounter_02,FD_07,NZ_03,IC_QFP_48,-11.63,-17.52,-0.406,127.48,114.0,-72.18,2.25,243.6,4.65,A,Normal,0
PCB_04252,LOT_20260309,SMD_Line_A,Mounter_01,FD_01,NZ_07,CHIP_1005,9.71,-1.5,0.094,137.18,125.11,-72.4,3.75,238.8,4.53,B,Normal,0
PCB_04253,LOT_20260309,SMD_Line_A,Mounter_04,FD_15,NZ_02,CHIP_1005,-15.04,-8.45,0.092,141.19,80.53,-70.83,3.3,247.6,3.91,A,Normal,0
PCB_04254,LOT_20260309,SMD_Line_B,Mounter_02,FD_20,NZ_07,CHIP_0603,-2.09,12.85,-0.014,130.8,,-70.58,3.06,244.9,3.41,A,Normal,0
PCB_04255,LOT_20260309,SMD_Line_A,Mounter_01,FD_21,NZ_08,IC_QFP_48,-15.63,5.28,0.145,128.64,79.21,-74.4,4.3,246.9,3.81,B,Normal,0
PCB_04256,LOT_20260309,SMD_Line_B,Mounter_01,FD_18,NZ_01,CHIP_0603,1.55,-13.03,0.408,153.36,93.42,-71.17,2.6,245.3,3.67,A,Normal,0
PCB_04257,LOT_20260309,SMD_Line_C,Mounter_02,FD_13,NZ_02,CHIP_0603,-23.96,1.42,0.123,104.51,92.35,-71.68,3.58,240.4,4.17,A,Normal,0
PCB_04258,LOT_20260309,SMD_Line_B,Mounter_02,FD_24,NZ_07,IC_QFP_48,-18.51,-0.49,0.471,130.64,85.65,-68.42,4.43,246.0,4.44,A,Normal,0
PCB_04259,LOT_20260309,SMD_Line_A,Mounter_03,FD_02,NZ_04,CHIP_1005,-10.75,-0.45,-0.495,102.48,119.96,-69.37,3.45,250.3,4.39,A,Normal,0
PCB_04260,LOT_20260309,SMD_Line_B,Mounter_02,FD_19,NZ_06,CHIP_1005,7.68,-6.02,-0.199,103.04,113.76,-72.03,2.5,242.9,4.43,A,Normal,0
PCB_04261,LOT_20260309,SMD_Line_A,Mounter_03,FD_15,NZ_01,CHIP_1005,-6.64,0.29,-0.494,129.2,102.92,-71.92,3.79,241.3,4.3,A,Normal,0
PCB_04262,LOT_20260309,SMD_Line_C,Mounter_02,FD_12,NZ_07,CHIP_0603,12.29,-10.04,0.247,122.11,98.68,-72.74,2.87,244.3,4.19,A,Normal,0
PCB_04263,LOT_20260309,SMD_Line_B,Mounter_02,FD_15,NZ_08,IC_QFP_48,18.76,-14.02,0.55,161.18,110.71,-71.62,2.83,244.1,4.17,B,Normal,0
PCB_04264,LOT_20260309,SMD_Line_A,Mounter_04,FD_18,NZ_05,CHIP_0603,-3.86,-14.71,-0.139,126.2,87.98,-72.11,2.66,243.7,4.82,F,Tombstone,1
PCB_04265,LOT_20260309,SMD_Line_B,Mounter_02,FD_14,NZ_08,CHIP_0603,-18.48,-12.38,0.127,147.03,102.86,-71.44,4.18,250.2,3.96,A,Normal,0
PCB_04266,LOT_20260309,SMD_Line_B,Mounter_02,FD_06,NZ_08,IC_QFP_48,12.07,4.98,-0.673,130.77,92.74,-77.14,2.96,246.0,4.09,A,Normal,0
PCB_04267,LOT_20260309,SMD_Line_B,Mounter_03,FD_12,NZ_08,IC_QFP_48,-19.27,5.3,0.01,111.98,128.12,-74.24,2.65,252.0,3.12,B,Normal,0
PCB_04268,LOT_20260309,SMD_Line_A,Mounter_03,FD_20,NZ_05,CHIP_0603,-11.29,17.23,-0.753,103.56,83.7,-66.97,3.95,246.0,3.93,B,Normal,0
PCB_04269,LOT_20260309,SMD_Line_C,Mounter_04,FD_23,NZ_02,CHIP_0603,-21.26,-2.7,0.027,109.54,96.73,-74.31,2.25,246.5,4.05,A,Normal,0
PCB_04270,LOT_20260309,SMD_Line_C,Mounter_02,FD_06,NZ_04,BGA_256,12.04,8.28,-0.866,134.92,,-72.49,3.24,254.2,4.8,A,Normal,0
PCB_04271,LOT_20260309,SMD_Line_B,Mounter_02,FD_09,NZ_06,IC_QFP_48,7.15,0.56,0.763,153.96,109.03,-71.26,2.79,246.4,3.53,A,Normal,0
PCB_04272,LOT_20260309,SMD_Line_C,Mounter_03,FD_04,NZ_02,CHIP_0603,20.23,3.54,-0.023,116.29,109.0,-72.6,3.56,243.9,4.14,A,Normal,0
PCB_04273,LOT_20260309,SMD_Line_A,Mounter_01,FD_17,NZ_07,IC_QFP_48,-5.52,9.54,-0.04,142.57,91.63,-73.98,2.95,241.0,4.13,A,Normal,0
PCB_04274,LOT_20260309,SMD_Line_B,Mounter_01,FD_02,NZ_07,CHIP_0603,-10.3,6.87,0.859,127.27,85.09,-68.78,2.35,241.4,4.52,B,Normal,0
PCB_04275,LOT_20260309,SMD_Line_B,Mounter_01,FD_16,NZ_06,CHIP_1005,-6.56,1.28,0.03,114.03,95.37,-75.63,3.29,243.2,3.97,A,Normal,0
PCB_04276,LOT_20260309,SMD_Line_B,Mounter_03,FD_24,NZ_07,CHIP_0603,-16.66,-7.24,-0.724,135.32,91.63,-79.21,2.92,244.0,4.5,A,Normal,0
PCB_04277,LOT_20260309,SMD_Line_B,Mounter_03,FD_14,NZ_03,CHIP_1005,17.86,3.25,-0.194,153.87,100.77,-67.49,3.71,236.3,4.33,A,Normal,0
PCB_04278,LOT_20260309,SMD_Line_A,Mounter_01,FD_08,NZ_06,CHIP_0603,42.21,16.1,0.875,128.87,119.44,-76.51,3.24,244.9,3.82,C,Normal,0
PCB_04279,LOT_20260309,SMD_Line_A,Mounter_01,FD_14,NZ_05,CHIP_1005,-9.05,2.07,-0.403,142.44,107.94,-69.47,4.48,233.5,3.64,A,Normal,0
PCB_04280,LOT_20260309,SMD_Line_A,Mounter_02,FD_02,NZ_07,CHIP_1005,7.41,-4.67,-0.198,134.63,109.11,-73.36,2.87,250.4,5.25,A,Normal,0
PCB_04281,LOT_20260309,SMD_Line_A,Mounter_03,FD_16,NZ_07,CHIP_1005,-1.94,9.69,0.696,134.66,99.95,-66.74,3.9,237.1,3.93,A,Normal,0
PCB_04282,LOT_20260309,SMD_Line_B,Mounter_03,FD_04,NZ_01,CHIP_0603,5.52,-16.34,-0.347,117.95,131.72,-72.87,2.99,245.8,3.35,C,Normal,0
PCB_04283,LOT_20260309,SMD_Line_A,Mounter_01,FD_01,NZ_01,CHIP_1005,13.25,-4.25,-0.043,137.36,101.4,-73.89,3.13,245.6,3.97,A,Normal,0
PCB_04284,LOT_20260309,SMD_Line_A,Mounter_01,FD_23,NZ_01,IC_QFP_48,-14.29,-11.57,0.608,108.07,108.71,-68.89,3.65,250.6,3.86,A,Normal,0
PCB_04285,LOT_20260309,SMD_Line_B,Mounter_04,FD_20,NZ_06,CHIP_1005,-5.98,-1.43,-0.258,135.42,113.18,-67.66,2.63,245.6,3.62,A,Normal,0
PCB_04286,LOT_20260309,SMD_Line_B,Mounter_03,FD_14,NZ_05,IC_QFP_48,15.04,14.71,-0.359,150.59,99.39,-66.33,3.91,244.6,4.18,A,Normal,0
PCB_04287,LOT_20260309,SMD_Line_C,Mounter_04,FD_08,NZ_06,CHIP_1005,6.36,7.56,-0.829,157.06,,-80.79,3.62,246.3,4.29,A,Normal,0
PCB_04288,LOT_20260309,SMD_Line_B,Mounter_02,FD_03,NZ_08,CHIP_1005,4.09,-22.04,-0.496,114.37,93.16,-78.93,3.67,242.8,3.19,A,Normal,0
PCB_04289,LOT_20260309,SMD_Line_A,Mounter_04,FD_05,NZ_04,CHIP_1005,6.37,-7.3,-0.398,136.63,,-75.81,3.76,242.8,4.26,A,Normal,0
PCB_04290,LOT_20260309,SMD_Line_C,Mounter_01,FD_06,NZ_05,CAP_3216,7.6,-17.69,-0.163,119.42,117.56,-75.91,3.55,245.9,4.57,A,Normal,0
PCB_04291,LOT_20260309,SMD_Line_B,Mounter_03,FD_22,NZ_05,CHIP_0603,14.47,12.49,0.161,132.11,113.97,-73.73,3.61,243.8,3.72,A,Normal,0
PCB_04292,LOT_20260309,SMD_Line_A,Mounter_03,FD_08,NZ_08,CHIP_0603,9.42,-6.87,-0.02,158.83,108.25,-71.82,3.99,247.7,3.53,A,Normal,0
PCB_04293,LOT_20260309,SMD_Line_B,Mounter_04,FD_06,NZ_06,CHIP_1005,-0.63,0.9,-0.554,143.17,110.92,-71.33,3.2,241.3,3.68,A,Normal,0
PCB_04294,LOT_20260309,SMD_Line_C,Mounter_04,FD_06,NZ_06,CAP_3216,4.41,1.46,0.612,120.21,99.55,-70.06,3.09,249.0,3.94,A,Normal,0
PCB_04295,LOT_20260309,SMD_Line_A,Mounter_02,FD_04,NZ_01,CAP_3216,-0.84,2.43,-0.496,119.37,111.38,-74.44,3.49,247.0,4.17,A,Normal,0
PCB_04296,LOT_20260309,SMD_Line_A,Mounter_02,FD_07,NZ_05,CHIP_1005,-9.33,-34.13,0.812,130.25,98.17,-72.32,3.26,245.1,3.62,B,Normal,0
PCB_04297,LOT_20260309,SMD_Line_A,Mounter_01,FD_24,NZ_01,CHIP_1005,-0.65,4.26,0.068,131.27,80.4,-72.22,3.76,238.5,3.98,A,Normal,0
PCB_04298,LOT_20260309,SMD_Line_A,Mounter_01,FD_19,NZ_04,CHIP_1005,-1.42,-6.47,0.47,131.99,121.99,-71.94,4.32,248.5,4.07,A,Normal,0
PCB_04299,LOT_20260309,SMD_Line_B,Mounter_01,FD_07,NZ_03,CHIP_1005,-21.23,9.98,0.238,107.66,97.55,-73.77,2.63,253.2,4.25,A,Normal,0
PCB_04300,LOT_20260309,SMD_Line_B,Mounter_04,FD_03,NZ_01,CHIP_1005,9.69,2.39,0.678,159.99,112.65,-71.26,3.26,243.1,3.45,A,Normal,0
PCB_04301,LOT_20260309,SMD_Line_A,Mounter_04,FD_08,NZ_06,BGA_256,11.81,7.45,-0.02,161.47,95.65,-75.63,2.56,248.6,3.78,A,Normal,0
PCB_04302,LOT_20260309,SMD_Line_C,Mounter_03,FD_01,NZ_07,IC_QFP_48,6.8,-8.59,-0.12,137.19,67.72,-65.98,3.07,244.5,3.81,B,Normal,0
PCB_04303,LOT_20260309,SMD_Line_C,Mounter_01,FD_01,NZ_02,CHIP_1005,11.06,-13.32,0.137,116.95,99.13,-75.08,3.11,240.4,4.95,A,Normal,0
PCB_04304,LOT_20260309,SMD_Line_B,Mounter_04,FD_14,NZ_03,CHIP_1005,-2.2,10.51,-0.124,120.6,77.9,-70.62,2.97,241.8,4.68,A,Normal,0
PCB_04305,LOT_20260309,SMD_Line_C,Mounter_03,FD_06,NZ_04,CHIP_1005,-6.43,6.65,0.204,115.87,109.06,-73.14,3.74,244.6,4.11,A,Normal,0
PCB_04306,LOT_20260309,SMD_Line_A,Mounter_01,FD_10,NZ_07,CHIP_1005,11.86,2.62,0.697,114.52,,-73.72,3.42,246.9,3.4,A,Normal,0
PCB_04307,LOT_20260309,SMD_Line_B,Mounter_02,FD_14,NZ_06,CHIP_1005,-13.23,2.61,-0.761,120.49,114.63,-77.29,2.84,238.9,4.58,A,Normal,0
PCB_04308,LOT_20260309,SMD_Line_B,Mounter_02,FD_04,NZ_03,CHIP_0603,-13.67,4.96,-0.034,136.33,102.8,-73.9,3.74,242.0,4.73,A,Normal,0
PCB_04309,LOT_20260309,SMD_Line_C,Mounter_04,FD_06,NZ_08,CHIP_0603,5.6,-15.25,0.99,131.93,87.64,-72.85,3.13,245.1,4.1,B,Normal,0
PCB_04310,LOT_20260309,SMD_Line_C,Mounter_03,FD_16,NZ_06,CHIP_1005,5.26,12.69,-0.176,152.86,108.04,-74.03,2.88,239.7,3.9,A,Normal,0
PCB_04311,LOT_20260309,SMD_Line_A,Mounter_02,FD_21,NZ_01,BGA_256,11.63,-1.82,0.456,107.15,81.28,-69.64,2.59,246.6,3.79,A,Normal,0
PCB_04312,LOT_20260309,SMD_Line_C,Mounter_03,FD_01,NZ_07,CHIP_0603,-21.38,-1.48,0.392,116.79,96.31,-66.15,2.32,252.2,4.48,A,Normal,0
PCB_04313,LOT_20260309,SMD_Line_A,Mounter_03,FD_06,NZ_06,CHIP_1005,-1.22,-4.93,-0.647,100.0,,-72.25,2.92,244.6,4.45,A,Normal,0
PCB_04314,LOT_20260309,SMD_Line_C,Mounter_02,FD_09,NZ_07,CHIP_0603,-14.13,-29.14,0.134,132.17,104.2,-70.21,3.24,248.1,3.61,B,Normal,0
PCB_04315,LOT_20260309,SMD_Line_C,Mounter_03,FD_15,NZ_04,CHIP_0603,10.69,6.79,0.099,154.01,102.97,-67.66,3.76,239.6,3.72,A,Normal,0
PCB_04316,LOT_20260309,SMD_Line_A,Mounter_02,FD_12,NZ_02,CAP_3216,16.67,-11.78,1.432,122.91,101.51,-75.74,1.97,242.4,3.61,F,Mount_Shift,1
PCB_04317,LOT_20260309,SMD_Line_B,Mounter_04,FD_03,NZ_01,BGA_256,6.31,1.28,-1.182,150.48,,-65.79,4.32,249.2,5.03,B,Normal,0
PCB_04318,LOT_20260309,SMD_Line_A,Mounter_01,FD_11,NZ_01,CHIP_0603,-6.97,-9.68,-0.729,140.41,116.23,-76.62,2.74,239.3,4.28,A,Normal,0
PCB_04319,LOT_20260309,SMD_Line_B,Mounter_01,FD_15,NZ_07,IC_QFP_48,-9.36,-4.05,-0.103,143.0,110.9,,2.97,242.0,4.69,A,Normal,0
PCB_04320,LOT_20260309,SMD_Line_B,Mounter_04,FD_03,NZ_04,CHIP_0603,-5.15,-4.71,-0.161,138.79,,-69.64,2.99,249.8,4.2,A,Normal,0
PCB_04321,LOT_20260309,SMD_Line_B,Mounter_02,FD_14,NZ_04,CAP_3216,-10.51,-9.95,-0.398,157.05,93.03,-66.59,2.82,242.4,4.34,A,Normal,0
PCB_04322,LOT_20260309,SMD_Line_C,Mounter_02,FD_02,NZ_03,CHIP_0603,-1.99,-2.67,-0.369,127.0,95.8,-72.04,3.02,236.6,3.99,A,Normal,0
PCB_04323,LOT_20260309,SMD_Line_B,Mounter_02,FD_04,NZ_02,CHIP_0603,-9.39,-5.67,0.308,140.3,99.82,-71.64,3.06,242.6,4.86,A,Normal,0
PCB_04324,LOT_20260309,SMD_Line_B,Mounter_02,FD_19,NZ_06,CHIP_1005,-17.27,-12.28,-0.378,157.68,86.79,-66.29,3.11,252.3,4.29,F,Tombstone,1
PCB_04325,LOT_20260309,SMD_Line_C,Mounter_04,FD_12,NZ_03,BGA_256,4.76,13.84,-0.243,114.65,110.24,-77.26,4.15,251.0,4.1,A,Normal,0
PCB_04326,LOT_20260309,SMD_Line_C,Mounter_01,FD_02,NZ_06,CHIP_0603,5.72,-9.46,0.449,126.77,115.11,-75.52,2.76,244.7,3.21,A,Normal,0
PCB_04327,LOT_20260309,SMD_Line_A,Mounter_03,FD_17,NZ_06,IC_QFP_48,21.24,6.63,0.379,138.62,120.51,-76.29,4.3,244.0,4.4,B,Normal,0
PCB_04328,LOT_20260309,SMD_Line_C,Mounter_03,FD_03,NZ_06,CHIP_0603,-5.41,7.89,-0.215,117.12,,-75.8,3.53,254.9,4.39,A,Normal,0
PCB_04329,LOT_20260309,SMD_Line_A,Mounter_01,FD_10,NZ_03,CAP_3216,-23.63,10.9,-0.66,116.49,116.53,-75.24,2.27,241.1,4.77,B,Normal,0
PCB_04330,LOT_20260309,SMD_Line_C,Mounter_04,FD_16,NZ_01,CHIP_0603,10.19,-6.44,0.396,160.45,117.27,-67.69,2.7,242.3,3.98,A,Normal,0
PCB_04331,LOT_20260309,SMD_Line_A,Mounter_03,FD_22,NZ_04,CAP_3216,11.6,-2.35,-0.423,117.82,92.41,-66.68,2.63,249.4,3.78,A,Normal,0
PCB_04332,LOT_20260309,SMD_Line_A,Mounter_01,FD_09,NZ_01,CHIP_1005,14.28,-1.98,0.581,124.5,,-70.67,3.19,241.4,5.05,A,Normal,0
PCB_04333,LOT_20260309,SMD_Line_B,Mounter_04,FD_11,NZ_02,CHIP_1005,18.39,6.22,0.189,133.24,113.04,-68.57,3.99,246.5,3.44,A,Normal,0
PCB_04334,LOT_20260309,SMD_Line_B,Mounter_03,FD_21,NZ_03,CAP_3216,18.57,-2.86,-0.087,136.43,93.42,-69.14,3.69,239.8,3.74,A,Normal,0
PCB_04335,LOT_20260309,SMD_Line_A,Mounter_02,FD_15,NZ_08,CAP_3216,-12.21,5.41,0.197,121.82,91.19,-71.99,2.59,251.3,4.91,A,Normal,0
PCB_04336,LOT_20260309,SMD_Line_A,Mounter_02,FD_03,NZ_02,IC_QFP_48,19.35,-3.02,-0.878,126.88,109.8,-68.76,3.93,243.2,4.62,B,Normal,0
PCB_04337,LOT_20260309,SMD_Line_B,Mounter_04,FD_16,NZ_04,CHIP_0603,-4.1,13.18,0.666,114.97,83.37,-69.35,2.57,242.3,4.02,A,Normal,0
PCB_04338,LOT_20260309,SMD_Line_C,Mounter_02,FD_21,NZ_04,CHIP_1005,9.98,-0.14,-0.094,121.69,94.65,-69.74,2.66,241.5,4.04,A,Normal,0
PCB_04339,LOT_20260309,SMD_Line_A,Mounter_04,FD_21,NZ_05,CHIP_1005,3.24,-1.56,0.075,140.43,77.63,-71.69,3.83,240.2,4.07,A,Normal,0
PCB_04340,LOT_20260309,SMD_Line_A,Mounter_01,FD_21,NZ_02,CHIP_1005,-12.16,4.01,-0.259,143.6,89.91,-71.34,3.82,243.5,4.59,A,Normal,0
PCB_04341,LOT_20260309,SMD_Line_B,Mounter_01,FD_12,NZ_08,CHIP_1005,14.5,19.3,-0.077,145.27,92.11,-72.59,3.69,235.1,4.59,A,Normal,0
PCB_04342,LOT_20260309,SMD_Line_A,Mounter_03,FD_23,NZ_01,CHIP_0603,-5.7,-7.14,0.719,129.93,91.0,-78.16,3.21,240.4,4.47,A,Normal,0
PCB_04343,LOT_20260309,SMD_Line_C,Mounter_04,FD_05,NZ_07,IC_QFP_48,23.23,12.27,-0.122,127.05,94.84,-72.22,3.16,245.1,4.56,A,Normal,0
PCB_04344,LOT_20260309,SMD_Line_C,Mounter_03,FD_07,NZ_08,IC_QFP_48,-9.54,-9.65,-0.188,110.38,75.35,,2.5,245.4,4.46,B,Normal,0
PCB_04345,LOT_20260309,SMD_Line_B,Mounter_03,FD_09,NZ_02,CHIP_0603,-12.56,0.52,0.307,124.66,87.92,-75.13,3.19,244.7,2.97,A,Normal,0
PCB_04346,LOT_20260309,SMD_Line_A,Mounter_01,FD_21,NZ_03,CHIP_1005,-8.29,-9.38,0.14,132.6,116.14,-73.68,2.8,241.8,4.36,A,Normal,0
PCB_04347,LOT_20260309,SMD_Line_C,Mounter_03,FD_18,NZ_04,CHIP_1005,18.69,-4.38,0.699,146.32,103.58,-69.55,3.09,251.4,4.01,A,Normal,0
PCB_04348,LOT_20260309,SMD_Line_B,Mounter_02,FD_21,NZ_04,IC_QFP_48,-19.59,-8.01,-0.907,101.0,,-68.93,4.58,248.7,5.27,B,Normal,0
PCB_04349,LOT_20260309,SMD_Line_C,Mounter_03,FD_08,NZ_02,CHIP_0603,11.41,8.24,-0.207,124.95,92.14,-77.81,3.39,244.6,3.46,A,Normal,0
PCB_04350,LOT_20260309,SMD_Line_B,Mounter_04,FD_12,NZ_08,CHIP_1005,22.9,-5.87,-0.641,96.01,109.18,-74.44,2.53,244.5,3.58,B,Normal,0
PCB_04351,LOT_20260309,SMD_Line_C,Mounter_02,FD_20,NZ_02,CHIP_0603,-2.12,6.26,0.554,105.94,101.03,-69.21,3.95,243.0,4.25,A,Normal,0
PCB_04352,LOT_20260309,SMD_Line_B,Mounter_01,FD_02,NZ_06,CHIP_1005,-4.91,-6.22,-0.581,149.76,86.53,-76.43,4.01,242.3,3.59,A,Normal,0
PCB_04353,LOT_20260309,SMD_Line_B,Mounter_04,FD_10,NZ_02,IC_QFP_48,1.0,-0.07,0.148,110.47,93.6,-72.46,4.06,244.3,5.47,A,Normal,0
PCB_04354,LOT_20260309,SMD_Line_C,Mounter_02,FD_19,NZ_06,IC_QFP_48,-14.03,17.2,-0.588,131.62,85.16,-76.36,2.91,249.0,4.48,B,Normal,0
PCB_04355,LOT_20260309,SMD_Line_B,Mounter_04,FD_09,NZ_08,CHIP_0603,33.1,-8.8,-0.225,145.39,91.69,-75.11,3.13,243.1,3.9,B,Normal,0
PCB_04356,LOT_20260309,SMD_Line_B,Mounter_02,FD_24,NZ_03,CHIP_1005,8.37,-8.57,-0.448,122.98,108.22,-70.77,2.44,250.4,4.39,A,Normal,0
PCB_04357,LOT_20260309,SMD_Line_A,Mounter_04,FD_08,NZ_03,CAP_3216,-15.26,-2.91,-0.003,111.64,107.02,-69.8,4.14,242.3,4.31,A,Normal,0
PCB_04358,LOT_20260309,SMD_Line_B,Mounter_04,FD_24,NZ_01,CHIP_0603,-10.09,-0.21,0.913,131.79,112.35,-68.33,3.27,251.3,3.87,A,Normal,0
PCB_04359,LOT_20260309,SMD_Line_B,Mounter_02,FD_24,NZ_02,BGA_256,2.24,7.33,-0.641,153.4,101.71,-62.21,2.38,243.8,3.56,A,Normal,0
PCB_04360,LOT_20260309,SMD_Line_A,Mounter_01,FD_24,NZ_08,IC_QFP_48,-16.18,0.51,-0.512,144.89,81.89,-72.66,4.19,247.9,3.64,A,Normal,0
PCB_04361,LOT_20260309,SMD_Line_A,Mounter_01,FD_01,NZ_08,IC_QFP_48,-18.8,2.89,0.269,126.27,,-72.49,2.79,254.6,3.98,A,Normal,0
PCB_04362,LOT_20260309,SMD_Line_B,Mounter_04,FD_06,NZ_01,CHIP_0603,3.67,-13.62,-0.069,121.64,105.69,-67.52,2.96,255.2,4.69,A,Normal,0
PCB_04363,LOT_20260309,SMD_Line_C,Mounter_04,FD_12,NZ_07,CHIP_0603,12.57,3.56,-0.573,147.35,101.22,-68.06,2.57,239.4,4.51,A,Normal,0
PCB_04364,LOT_20260309,SMD_Line_B,Mounter_01,FD_24,NZ_08,CAP_3216,11.44,3.87,-0.212,108.08,86.09,-70.09,2.48,249.3,5.29,A,Normal,0
PCB_04365,LOT_20260309,SMD_Line_A,Mounter_01,FD_19,NZ_05,CHIP_1005,-0.75,7.92,-0.681,144.05,95.89,-73.35,3.43,241.0,3.77,A,Normal,0
PCB_04366,LOT_20260309,SMD_Line_B,Mounter_03,FD_17,NZ_03,CHIP_0603,-3.43,-3.87,-0.221,122.04,122.8,-69.41,2.78,246.6,3.6,A,Normal,0
PCB_04367,LOT_20260309,SMD_Line_A,Mounter_01,FD_02,NZ_04,CHIP_1005,0.65,-0.08,-0.437,107.69,111.18,-74.06,2.29,247.1,4.12,A,Normal,0
PCB_04368,LOT_20260309,SMD_Line_B,Mounter_04,FD_11,NZ_06,CHIP_0603,12.4,8.34,0.14,103.5,117.98,-74.31,3.79,248.6,4.42,A,Normal,0
PCB_04369,LOT_20260309,SMD_Line_A,Mounter_02,FD_18,NZ_05,IC_QFP_48,-15.71,-12.49,0.289,154.53,85.85,-71.03,3.5,239.6,4.43,A,Normal,0
PCB_04370,LOT_20260309,SMD_Line_A,Mounter_01,FD_23,NZ_04,CHIP_1005,-9.72,-21.18,-1.194,126.98,120.04,-64.76,4.27,240.0,4.38,C,Normal,0
PCB_04371,LOT_20260309,SMD_Line_A,Mounter_03,FD_22,NZ_05,BGA_256,-4.72,-13.09,0.048,116.59,93.76,-72.99,2.98,241.5,4.3,A,Normal,0
PCB_04372,LOT_20260309,SMD_Line_A,Mounter_03,FD_11,NZ_01,IC_QFP_48,-3.03,-7.54,-1.036,129.34,118.87,-71.79,3.22,247.4,3.93,B,Normal,0
PCB_04373,LOT_20260309,SMD_Line_A,Mounter_03,FD_18,NZ_01,CHIP_0603,-0.68,12.65,0.003,121.42,104.3,-77.52,3.33,246.0,3.99,A,Normal,0
PCB_04374,LOT_20260309,SMD_Line_A,Mounter_02,FD_08,NZ_06,CHIP_1005,-0.31,23.95,0.716,121.92,107.54,-75.17,3.28,246.7,4.99,B,Normal,0
PCB_04375,LOT_20260309,SMD_Line_B,Mounter_01,FD_15,NZ_03,IC_QFP_48,8.43,-10.73,-0.157,122.56,108.34,-70.73,3.35,240.1,3.6,A,Normal,0
PCB_04376,LOT_20260309,SMD_Line_B,Mounter_01,FD_09,NZ_07,CHIP_1005,-22.04,-0.99,0.115,130.12,101.19,-70.32,3.01,245.7,4.32,F,Tombstone,1
PCB_04377,LOT_20260309,SMD_Line_A,Mounter_01,FD_15,NZ_08,CAP_3216,-20.02,-6.22,0.332,141.36,107.0,-65.21,2.12,242.2,4.78,A,Normal,0
PCB_04378,LOT_20260309,SMD_Line_C,Mounter_02,FD_07,NZ_06,IC_QFP_48,-8.31,5.68,0.348,107.07,87.77,-75.66,3.37,242.4,3.69,A,Normal,0
PCB_04379,LOT_20260309,SMD_Line_A,Mounter_02,FD_20,NZ_07,CHIP_0603,10.79,3.3,0.375,150.26,98.45,-71.52,3.55,244.5,3.69,A,Normal,0
PCB_04380,LOT_20260309,SMD_Line_B,Mounter_04,FD_13,NZ_04,BGA_256,-8.15,-10.34,0.196,115.83,109.37,-73.59,3.0,238.6,4.34,A,Normal,0
PCB_04381,LOT_20260309,SMD_Line_A,Mounter_03,FD_13,NZ_08,CHIP_0603,-0.51,-7.33,-0.339,133.84,101.31,,4.69,247.2,4.41,A,Normal,0
PCB_04382,LOT_20260309,SMD_Line_A,Mounter_03,FD_01,NZ_05,CHIP_0603,1.6,-1.69,0.29,129.13,95.79,-73.87,2.91,239.0,4.04,A,Normal,0
PCB_04383,LOT_20260309,SMD_Line_B,Mounter_01,FD_20,NZ_06,IC_QFP_48,3.95,14.52,0.67,117.9,102.81,-78.07,2.82,243.3,4.43,A,Normal,0
PCB_04384,LOT_20260309,SMD_Line_B,Mounter_02,FD_04,NZ_07,BGA_256,19.56,-7.71,0.218,147.03,83.63,-69.75,3.47,248.1,3.38,A,Normal,0
PCB_04385,LOT_20260309,SMD_Line_C,Mounter_02,FD_24,NZ_02,CHIP_1005,8.68,-18.31,0.086,118.09,112.55,-74.6,3.34,238.7,3.88,F,Tombstone,1
PCB_04386,LOT_20260309,SMD_Line_B,Mounter_01,FD_04,NZ_02,CHIP_0603,12.47,15.38,-0.754,151.28,75.05,-72.82,2.26,239.1,4.78,B,Normal,0
PCB_04387,LOT_20260309,SMD_Line_C,Mounter_01,FD_04,NZ_03,CHIP_1005,-1.58,5.87,-0.478,140.02,99.7,-71.76,3.68,249.3,3.28,A,Normal,0
PCB_04388,LOT_20260309,SMD_Line_A,Mounter_04,FD_13,NZ_07,CHIP_0603,18.42,-13.72,-0.323,118.76,109.12,-72.09,2.93,240.5,5.23,A,Normal,0
PCB_04389,LOT_20260309,SMD_Line_A,Mounter_03,FD_02,NZ_06,CHIP_0603,0.9,3.61,-0.494,112.02,100.98,-82.39,3.94,249.1,4.13,A,Normal,0
PCB_04390,LOT_20260309,SMD_Line_A,Mounter_03,FD_23,NZ_04,CHIP_0603,-24.44,9.58,-0.074,145.98,94.37,-77.57,3.44,246.8,5.0,A,Normal,0
PCB_04391,LOT_20260309,SMD_Line_A,Mounter_03,FD_15,NZ_02,CHIP_1005,30.73,1.11,-0.418,112.88,113.2,-72.97,3.06,239.4,4.78,F,Tombstone,1
PCB_04392,LOT_20260309,SMD_Line_B,Mounter_04,FD_04,NZ_03,CAP_3216,0.58,16.08,0.39,128.0,91.73,-63.94,3.96,245.7,4.31,A,Normal,0
PCB_04393,LOT_20260309,SMD_Line_B,Mounter_01,FD_06,NZ_06,CHIP_0603,6.62,6.55,-0.179,140.45,120.22,-75.27,2.87,246.9,4.33,A,Normal,0
PCB_04394,LOT_20260309,SMD_Line_A,Mounter_01,FD_03,NZ_03,CHIP_0603,-13.36,3.6,-0.502,136.95,97.48,-73.31,2.4,239.1,5.15,A,Normal,0
PCB_04395,LOT_20260309,SMD_Line_C,Mounter_03,FD_07,NZ_04,BGA_256,27.46,2.41,-0.415,126.96,97.06,,2.38,245.3,3.67,A,Normal,0
PCB_04396,LOT_20260309,SMD_Line_C,Mounter_03,FD_06,NZ_02,IC_QFP_48,-9.92,1.6,0.031,119.06,108.74,-69.54,3.35,248.5,4.14,F,Tombstone,1
PCB_04397,LOT_20260309,SMD_Line_A,Mounter_04,FD_03,NZ_08,CAP_3216,-4.82,10.36,-0.127,140.83,96.28,-70.52,4.29,244.7,3.9,F,Tombstone,1
PCB_04398,LOT_20260309,SMD_Line_A,Mounter_02,FD_04,NZ_02,CHIP_0603,-19.11,-1.77,0.019,101.79,101.15,-71.58,3.11,245.6,3.78,A,Normal,0
PCB_04399,LOT_20260309,SMD_Line_A,Mounter_02,FD_10,NZ_02,CHIP_0603,4.56,11.2,-0.111,133.89,106.86,-78.66,3.66,244.4,4.77,A,Normal,0
PCB_04400,LOT_20260309,SMD_Line_A,Mounter_03,FD_21,NZ_07,CHIP_1005,-3.52,3.68,0.773,110.55,85.3,-77.53,3.39,249.3,4.39,A,Normal,0
PCB_04401,LOT_20260309,SMD_Line_A,Mounter_04,FD_09,NZ_01,CHIP_1005,-19.29,1.25,0.385,116.84,,-75.2,2.95,244.6,4.38,A,Normal,0
PCB_04402,LOT_20260309,SMD_Line_B,Mounter_03,FD_06,NZ_07,CHIP_1005,-0.84,-3.63,-0.387,135.52,79.68,-73.4,2.21,242.1,4.38,A,Normal,0
PCB_04403,LOT_20260309,SMD_Line_A,Mounter_02,FD_20,NZ_02,CHIP_1005,1.18,-3.52,-0.876,118.76,99.84,-67.78,3.3,244.1,4.59,A,Normal,0
PCB_04404,LOT_20260309,SMD_Line_A,Mounter_03,FD_11,NZ_05,CHIP_0603,-3.09,3.76,-0.162,147.36,95.72,-71.89,3.68,238.4,4.11,A,Normal,0
PCB_04405,LOT_20260309,SMD_Line_C,Mounter_02,FD_07,NZ_01,CHIP_1005,-22.76,11.95,-0.512,140.6,,-74.23,3.47,232.3,4.74,A,Normal,0
PCB_04406,LOT_20260309,SMD_Line_B,Mounter_02,FD_18,NZ_08,IC_QFP_48,3.63,5.95,-0.778,119.54,120.3,-72.98,3.0,241.5,4.15,F,Tombstone,1
PCB_04407,LOT_20260309,SMD_Line_C,Mounter_02,FD_04,NZ_06,CHIP_1005,-15.85,-8.43,0.287,126.62,102.01,-67.19,2.88,251.4,4.2,A,Normal,0
PCB_04408,LOT_20260309,SMD_Line_A,Mounter_01,FD_05,NZ_07,IC_QFP_48,11.12,-18.87,-0.005,113.45,92.17,,2.82,249.3,4.01,A,Normal,0
PCB_04409,LOT_20260309,SMD_Line_A,Mounter_01,FD_04,NZ_01,CHIP_1005,-6.94,8.73,0.505,137.09,101.7,-69.66,2.8,238.1,4.11,A,Normal,0
PCB_04410,LOT_20260309,SMD_Line_B,Mounter_03,FD_04,NZ_01,CHIP_0603,11.6,31.66,-0.033,153.52,129.84,,3.23,240.6,4.35,C,Normal,0
PCB_04411,LOT_20260309,SMD_Line_A,Mounter_02,FD_13,NZ_07,CHIP_0603,0.18,-3.26,-0.098,112.07,88.06,-78.75,3.11,242.4,4.18,A,Normal,0
PCB_04412,LOT_20260309,SMD_Line_A,Mounter_01,FD_16,NZ_07,CHIP_1005,0.82,-5.47,-0.574,132.83,107.9,,3.5,244.2,3.79,A,Normal,0
PCB_04413,LOT_20260309,SMD_Line_B,Mounter_03,FD_14,NZ_01,CHIP_0603,15.95,9.68,-0.282,134.85,89.03,,2.62,240.7,4.08,A,Normal,0
PCB_04414,LOT_20260309,SMD_Line_B,Mounter_03,FD_11,NZ_03,IC_QFP_48,-10.19,-10.16,-0.807,111.25,105.79,-68.61,3.18,242.4,4.03,A,Normal,0
PCB_04415,LOT_20260309,SMD_Line_B,Mounter_03,FD_02,NZ_08,BGA_256,-13.7,17.66,0.468,114.87,92.09,-71.71,3.18,249.3,4.11,A,Normal,0
PCB_04416,LOT_20260309,SMD_Line_B,Mounter_03,FD_22,NZ_05,CHIP_1005,6.95,4.87,-0.593,102.88,98.04,-63.53,2.89,240.8,3.26,A,Normal,0
PCB_04417,LOT_20260309,SMD_Line_B,Mounter_03,FD_14,NZ_04,CHIP_0603,-16.43,-0.31,0.099,138.41,101.9,-75.3,3.38,247.4,4.56,A,Normal,0
PCB_04418,LOT_20260309,SMD_Line_A,Mounter_04,FD_24,NZ_02,CAP_3216,-9.98,-9.13,-0.111,124.6,115.84,-75.81,2.66,248.2,4.11,A,Normal,0
PCB_04419,LOT_20260309,SMD_Line_A,Mounter_02,FD_24,NZ_08,CHIP_0603,-19.74,10.41,0.175,119.12,82.31,-72.64,3.92,255.1,4.36,B,Normal,0
PCB_04420,LOT_20260309,SMD_Line_A,Mounter_03,FD_07,NZ_07,CHIP_0603,14.4,-5.24,0.016,160.96,120.4,-73.03,3.45,242.1,4.45,A,Normal,0
PCB_04421,LOT_20260309,SMD_Line_A,Mounter_04,FD_11,NZ_01,CHIP_1005,-12.53,8.37,-0.595,102.97,76.98,-72.68,3.53,240.3,3.64,F,Tombstone,1
PCB_04422,LOT_20260309,SMD_Line_C,Mounter_02,FD_04,NZ_04,IC_QFP_48,-8.18,4.71,-0.15,149.28,103.93,-72.34,3.16,237.8,4.5,A,Normal,0
PCB_04423,LOT_20260309,SMD_Line_B,Mounter_01,FD_07,NZ_07,CHIP_0603,-16.13,15.24,0.57,97.69,100.72,-73.12,3.0,247.8,3.67,F,Tombstone,1
PCB_04424,LOT_20260309,SMD_Line_B,Mounter_03,FD_16,NZ_03,CHIP_1005,-4.82,1.88,-0.37,122.19,98.42,-73.91,2.77,246.8,4.35,A,Normal,0
PCB_04425,LOT_20260309,SMD_Line_A,Mounter_04,FD_06,NZ_04,CHIP_1005,-1.79,36.77,0.521,104.52,100.44,-75.47,2.7,244.6,3.28,B,Normal,0
PCB_04426,LOT_20260309,SMD_Line_A,Mounter_01,FD_06,NZ_01,CHIP_0603,10.32,6.55,0.298,117.7,106.26,-70.05,2.28,246.4,3.07,A,Normal,0
PCB_04427,LOT_20260309,SMD_Line_A,Mounter_04,FD_02,NZ_08,CHIP_0603,-16.52,1.73,0.063,121.89,105.54,-67.83,3.26,245.3,4.64,F,Tombstone,1
PCB_04428,LOT_20260309,SMD_Line_A,Mounter_02,FD_24,NZ_06,IC_QFP_48,-7.51,-4.59,-0.333,119.35,,-60.47,3.62,243.3,4.45,B,Normal,0
PCB_04429,LOT_20260309,SMD_Line_A,Mounter_02,FD_08,NZ_08,CHIP_1005,17.78,10.34,0.123,133.75,108.44,-70.71,2.47,243.6,4.09,A,Normal,0
PCB_04430,LOT_20260309,SMD_Line_C,Mounter_01,FD_07,NZ_08,CHIP_0603,13.01,-4.33,-0.23,143.17,,-68.05,3.99,244.6,4.16,A,Normal,0
PCB_04431,LOT_20260309,SMD_Line_B,Mounter_04,FD_24,NZ_05,CHIP_0603,-8.47,-9.14,0.497,128.3,101.12,-71.24,2.26,255.3,3.37,A,Normal,0
PCB_04432,LOT_20260309,SMD_Line_B,Mounter_03,FD_14,NZ_04,CHIP_1005,-0.62,-5.53,-0.579,134.85,113.89,-69.53,3.71,248.8,4.16,A,Normal,0
PCB_04433,LOT_20260309,SMD_Line_B,Mounter_03,FD_09,NZ_07,BGA_256,24.6,-2.27,0.139,153.41,114.24,-72.25,2.69,240.1,4.22,B,Normal,0
PCB_04434,LOT_20260309,SMD_Line_C,Mounter_01,FD_15,NZ_01,CHIP_0603,-14.92,26.55,0.013,119.53,112.57,-73.01,3.85,246.7,3.95,B,Normal,0
PCB_04435,LOT_20260309,SMD_Line_A,Mounter_01,FD_22,NZ_07,CHIP_1005,-24.02,3.45,0.148,143.56,87.7,-72.83,3.66,245.0,4.08,A,Normal,0
PCB_04436,LOT_20260309,SMD_Line_A,Mounter_01,FD_18,NZ_01,CHIP_0603,-6.7,-7.8,0.323,167.88,105.12,-65.36,4.79,252.6,3.67,A,Normal,0
PCB_04437,LOT_20260309,SMD_Line_A,Mounter_04,FD_12,NZ_02,CHIP_0603,-1.04,12.85,-0.4,157.21,105.54,-65.76,2.83,250.3,3.42,A,Normal,0
PCB_04438,LOT_20260309,SMD_Line_C,Mounter_03,FD_23,NZ_06,CHIP_0603,-10.03,2.22,-0.4,154.44,121.21,-74.93,1.86,244.6,4.25,A,Normal,0
PCB_04439,LOT_20260309,SMD_Line_C,Mounter_03,FD_19,NZ_02,IC_QFP_48,12.21,15.28,0.097,140.92,109.51,-70.25,2.07,244.9,3.54,A,Normal,0
PCB_04440,LOT_20260309,SMD_Line_A,Mounter_03,FD_13,NZ_08,CHIP_1005,2.63,22.56,0.434,147.27,,-72.92,3.08,240.2,4.39,A,Normal,0
PCB_04441,LOT_20260309,SMD_Line_C,Mounter_01,FD_07,NZ_06,BGA_256,-7.56,-17.6,-0.112,122.74,95.42,,3.3,247.8,4.33,F,Tombstone,1
PCB_04442,LOT_20260309,SMD_Line_C,Mounter_03,FD_10,NZ_05,IC_QFP_48,-6.74,-28.03,0.647,128.78,69.49,-76.15,2.77,249.8,4.68,C,Normal,0
PCB_04443,LOT_20260309,SMD_Line_A,Mounter_02,FD_10,NZ_02,BGA_256,-9.33,23.5,-0.135,127.04,99.07,-68.02,3.42,245.5,4.32,A,Normal,0
PCB_04444,LOT_20260309,SMD_Line_A,Mounter_01,FD_02,NZ_05,CHIP_0603,10.37,-8.11,-0.32,120.05,95.57,,3.74,246.1,5.67,A,Normal,0
PCB_04445,LOT_20260309,SMD_Line_B,Mounter_03,FD_14,NZ_07,CHIP_0603,-5.91,-20.04,0.204,132.2,93.7,-78.49,3.55,243.6,4.0,A,Normal,0
PCB_04446,LOT_20260309,SMD_Line_C,Mounter_04,FD_13,NZ_08,CAP_3216,-14.91,-6.19,-0.246,122.13,90.64,-65.27,3.18,248.7,4.35,A,Normal,0
PCB_04447,LOT_20260309,SMD_Line_A,Mounter_01,FD_22,NZ_03,IC_QFP_48,12.02,-11.42,-0.24,130.93,118.45,-78.06,2.69,239.4,3.84,A,Normal,0
PCB_04448,LOT_20260309,SMD_Line_C,Mounter_02,FD_06,NZ_03,BGA_256,-3.46,-9.12,0.117,109.29,67.75,-75.57,3.7,240.3,4.67,B,Normal,0
PCB_04449,LOT_20260309,SMD_Line_A,Mounter_02,FD_09,NZ_06,CHIP_0603,-17.0,10.1,0.419,122.0,84.77,-76.35,4.03,248.9,4.23,A,Normal,0
PCB_04450,LOT_20260309,SMD_Line_B,Mounter_04,FD_13,NZ_06,CHIP_1005,21.41,-4.24,0.136,149.73,128.64,-67.44,2.84,239.1,3.27,B,Normal,0
PCB_04451,LOT_20260309,SMD_Line_B,Mounter_04,FD_09,NZ_02,IC_QFP_48,7.63,-19.09,0.049,132.92,111.81,-74.13,2.5,242.3,3.74,A,Normal,0
PCB_04452,LOT_20260309,SMD_Line_B,Mounter_01,FD_13,NZ_03,CHIP_0603,0.58,0.38,0.866,150.02,103.67,-76.07,3.89,243.8,4.07,F,Tombstone,1
PCB_04453,LOT_20260309,SMD_Line_C,Mounter_01,FD_05,NZ_04,CHIP_1005,-2.65,-10.04,0.313,120.92,99.94,-69.85,3.39,247.0,3.52,A,Normal,0
PCB_04454,LOT_20260309,SMD_Line_C,Mounter_02,FD_14,NZ_04,CHIP_1005,-3.5,-2.94,-0.152,126.28,92.98,-75.88,3.38,245.6,4.42,A,Normal,0
PCB_04455,LOT_20260309,SMD_Line_C,Mounter_04,FD_05,NZ_07,CHIP_0603,-3.76,-2.27,0.496,133.22,84.68,-70.37,4.23,232.1,3.44,A,Normal,0
PCB_04456,LOT_20260309,SMD_Line_A,Mounter_01,FD_09,NZ_04,CHIP_0603,-3.42,9.98,-0.108,127.08,104.41,-70.72,2.12,247.4,4.04,A,Normal,0
PCB_04457,LOT_20260309,SMD_Line_B,Mounter_02,FD_08,NZ_07,CHIP_0603,-7.37,-5.96,0.272,109.09,109.6,-71.11,3.07,244.1,4.0,A,Normal,0
PCB_04458,LOT_20260309,SMD_Line_A,Mounter_04,FD_07,NZ_03,CHIP_0603,-1.29,8.23,0.243,138.5,91.68,-78.82,3.43,249.5,4.65,A,Normal,0
PCB_04459,LOT_20260309,SMD_Line_B,Mounter_02,FD_08,NZ_04,CHIP_1005,-7.62,-18.82,0.001,115.22,78.2,-67.93,4.41,240.9,4.03,B,Normal,0
PCB_04460,LOT_20260309,SMD_Line_B,Mounter_03,FD_22,NZ_05,CHIP_0603,2.79,10.61,-0.326,129.84,107.98,,3.17,251.6,4.57,A,Normal,0
PCB_04461,LOT_20260309,SMD_Line_B,Mounter_04,FD_03,NZ_01,CHIP_0603,-0.29,15.33,-0.012,98.04,109.3,-68.68,2.91,240.1,4.35,A,Normal,0
PCB_04462,LOT_20260309,SMD_Line_B,Mounter_01,FD_23,NZ_06,BGA_256,-8.76,-2.72,-0.213,120.27,109.98,-69.34,3.33,243.1,3.57,F,Tombstone,1
PCB_04463,LOT_20260309,SMD_Line_C,Mounter_01,FD_24,NZ_08,CHIP_1005,-1.09,-9.66,0.118,128.11,98.1,-72.6,3.64,250.3,5.25,A,Normal,0
PCB_04464,LOT_20260309,SMD_Line_A,Mounter_03,FD_15,NZ_02,CHIP_1005,6.79,-12.72,0.19,138.42,74.1,-65.96,3.92,254.5,4.69,B,Normal,0
PCB_04465,LOT_20260309,SMD_Line_B,Mounter_04,FD_08,NZ_07,IC_QFP_48,-28.21,-0.3,-0.887,111.47,85.3,-76.85,4.08,240.1,3.67,F,Tombstone,1
PCB_04466,LOT_20260309,SMD_Line_A,Mounter_02,FD_01,NZ_05,CAP_3216,7.23,14.35,0.152,116.63,115.43,-79.94,2.05,255.5,3.62,F,Tombstone,1
PCB_04467,LOT_20260309,SMD_Line_A,Mounter_01,FD_07,NZ_04,CHIP_0603,-15.33,-5.02,1.316,156.46,83.79,-67.63,2.74,235.0,4.75,B,Normal,0
PCB_04468,LOT_20260309,SMD_Line_A,Mounter_03,FD_19,NZ_08,CHIP_1005,-5.74,13.12,-0.143,159.48,108.4,-78.14,3.72,248.2,4.6,A,Normal,0
PCB_04469,LOT_20260309,SMD_Line_C,Mounter_03,FD_02,NZ_08,CHIP_1005,-35.37,-13.59,0.445,137.72,87.75,-68.15,3.36,252.4,4.48,B,Normal,0
PCB_04470,LOT_20260309,SMD_Line_C,Mounter_04,FD_14,NZ_01,CHIP_0603,7.07,-4.15,0.334,149.19,86.54,-76.97,3.46,240.7,3.66,F,Tombstone,1
PCB_04471,LOT_20260309,SMD_Line_C,Mounter_04,FD_18,NZ_02,IC_QFP_48,-9.25,-0.51,-0.739,124.08,121.91,-69.76,2.82,250.2,3.84,B,Normal,0
PCB_04472,LOT_20260309,SMD_Line_C,Mounter_01,FD_15,NZ_05,CAP_3216,-6.25,2.55,0.224,139.8,,-74.59,3.34,242.9,4.8,A,Normal,0
PCB_04473,LOT_20260309,SMD_Line_A,Mounter_03,FD_14,NZ_02,CAP_3216,1.13,-3.93,-0.378,139.05,,-70.62,3.06,241.9,4.44,A,Normal,0
PCB_04474,LOT_20260309,SMD_Line_A,Mounter_02,FD_24,NZ_07,CHIP_0603,-24.64,14.71,-0.089,115.88,94.18,-67.06,3.48,239.3,3.78,A,Normal,0
PCB_04475,LOT_20260309,SMD_Line_B,Mounter_03,FD_19,NZ_07,CHIP_0603,0.78,14.9,-0.657,132.95,112.38,-74.93,3.51,244.7,4.84,A,Normal,0
PCB_04476,LOT_20260309,SMD_Line_B,Mounter_02,FD_19,NZ_06,CAP_3216,8.1,-2.06,0.199,125.57,81.04,-66.2,3.39,245.6,5.15,A,Normal,0
PCB_04477,LOT_20260309,SMD_Line_B,Mounter_02,FD_22,NZ_03,CHIP_1005,2.18,-6.14,-0.153,135.52,114.54,-71.94,3.37,240.0,3.91,A,Normal,0
PCB_04478,LOT_20260309,SMD_Line_A,Mounter_01,FD_17,NZ_07,CHIP_0603,-4.92,-7.08,0.605,121.97,124.25,-71.59,3.1,251.0,3.81,F,Tombstone,1
PCB_04479,LOT_20260309,SMD_Line_B,Mounter_03,FD_22,NZ_04,IC_QFP_48,0.51,12.21,-0.612,108.18,106.97,-67.85,4.15,242.4,4.9,A,Normal,0
PCB_04480,LOT_20260309,SMD_Line_B,Mounter_02,FD_19,NZ_08,CHIP_0603,-0.94,-7.85,0.409,130.26,86.05,-67.4,3.87,244.8,4.97,A,Normal,0
PCB_04481,LOT_20260309,SMD_Line_A,Mounter_04,FD_16,NZ_05,CHIP_0603,9.48,-17.24,0.19,142.46,118.3,-72.23,3.23,246.0,4.96,A,Normal,0
PCB_04482,LOT_20260309,SMD_Line_B,Mounter_02,FD_20,NZ_05,BGA_256,15.69,-15.48,-0.386,142.46,103.75,-77.37,3.72,257.6,4.36,A,Normal,0
PCB_04483,LOT_20260309,SMD_Line_B,Mounter_04,FD_19,NZ_01,CHIP_0603,-5.14,7.87,-0.696,103.36,98.32,-71.82,4.42,250.4,3.91,F,Tombstone,1
PCB_04484,LOT_20260309,SMD_Line_B,Mounter_04,FD_01,NZ_08,CHIP_0603,2.89,-16.11,-0.13,132.74,88.37,,2.66,248.4,4.61,A,Normal,0
PCB_04485,LOT_20260309,SMD_Line_A,Mounter_03,FD_19,NZ_01,CHIP_0603,-8.34,-4.71,0.106,140.33,86.32,-72.31,2.78,243.1,4.0,A,Normal,0
PCB_04486,LOT_20260309,SMD_Line_B,Mounter_04,FD_07,NZ_01,CHIP_1005,5.21,1.21,-0.48,132.06,113.84,-73.23,3.25,246.6,3.97,A,Normal,0
PCB_04487,LOT_20260309,SMD_Line_A,Mounter_02,FD_23,NZ_08,CHIP_0603,5.75,-19.85,-0.427,142.97,99.09,-77.05,3.39,247.0,4.25,F,Tombstone,1
PCB_04488,LOT_20260309,SMD_Line_A,Mounter_04,FD_11,NZ_02,CHIP_1005,-2.08,2.15,0.446,108.84,98.96,-75.1,2.88,244.9,4.17,A,Normal,0
PCB_04489,LOT_20260309,SMD_Line_C,Mounter_03,FD_05,NZ_04,CHIP_1005,6.49,-3.83,-0.352,112.82,101.51,-67.53,3.62,249.0,3.91,A,Normal,0
PCB_04490,LOT_20260309,SMD_Line_B,Mounter_01,FD_17,NZ_02,BGA_256,0.04,-22.51,0.261,138.84,76.57,-73.13,3.15,258.2,3.63,B,Normal,0
PCB_04491,LOT_20260309,SMD_Line_A,Mounter_02,FD_11,NZ_04,CHIP_0603,-0.6,2.3,0.548,124.78,99.74,-73.61,3.86,240.3,4.06,A,Normal,0
PCB_04492,LOT_20260309,SMD_Line_B,Mounter_02,FD_24,NZ_05,BGA_256,-11.0,4.67,-0.362,147.59,99.92,-70.12,2.8,246.7,3.85,A,Normal,0
PCB_04493,LOT_20260309,SMD_Line_B,Mounter_03,FD_08,NZ_07,CHIP_0603,2.15,2.18,-0.562,134.6,117.94,-66.26,2.68,246.6,3.49,F,Tombstone,1
PCB_04494,LOT_20260309,SMD_Line_C,Mounter_03,FD_10,NZ_07,IC_QFP_48,-7.22,5.95,0.392,116.57,109.93,-74.04,3.08,244.0,4.26,A,Normal,0
PCB_04495,LOT_20260309,SMD_Line_B,Mounter_03,FD_12,NZ_02,CHIP_1005,10.87,3.05,-0.134,115.81,85.43,-67.9,3.11,242.2,4.27,A,Normal,0
PCB_04496,LOT_20260309,SMD_Line_B,Mounter_03,FD_10,NZ_02,CHIP_0603,-10.54,8.62,-0.197,101.85,95.28,-72.01,2.66,242.0,4.55,A,Normal,0
PCB_04497,LOT_20260309,SMD_Line_B,Mounter_02,FD_13,NZ_02,IC_QFP_48,3.36,-11.16,0.643,140.31,112.56,-65.24,3.26,254.4,4.25,A,Normal,0
PCB_04498,LOT_20260309,SMD_Line_A,Mounter_01,FD_18,NZ_03,CHIP_0603,-3.26,-16.48,-0.121,128.25,84.37,,2.81,245.7,4.15,A,Normal,0
PCB_04499,LOT_20260309,SMD_Line_A,Mounter_04,FD_10,NZ_06,CHIP_0603,3.33,-13.7,0.125,143.74,120.35,-73.28,4.34,249.3,4.54,A,Normal,0
PCB_04500,LOT_20260309,SMD_Line_B,Mounter_04,FD_19,NZ_08,CHIP_1005,-0.73,-9.58,-0.725,133.87,99.51,-71.03,3.16,243.8,4.25,A,Normal,0
PCB_04501,LOT_20260310,SMD_Line_B,Mounter_01,FD_20,NZ_04,IC_QFP_48,-10.23,23.86,-0.034,131.72,106.43,-74.8,3.42,246.8,4.32,A,Normal,0
PCB_04502,LOT_20260310,SMD_Line_B,Mounter_01,FD_17,NZ_07,CHIP_0603,13.67,-9.48,-0.397,142.23,94.7,-71.43,2.45,247.2,4.46,A,Normal,0
PCB_04503,LOT_20260310,SMD_Line_A,Mounter_01,FD_20,NZ_04,CHIP_0603,-11.09,-6.16,-0.228,128.53,94.53,,3.53,244.0,3.89,F,Tombstone,1
PCB_04504,LOT_20260310,SMD_Line_A,Mounter_03,FD_16,NZ_02,CHIP_0603,8.03,-2.76,-0.255,125.01,88.94,-74.41,2.72,246.1,4.66,A,Normal,0
PCB_04505,LOT_20260310,SMD_Line_B,Mounter_02,FD_05,NZ_03,CHIP_1005,-21.23,-4.21,0.586,130.0,118.44,-67.9,3.75,250.4,4.2,B,Normal,0
PCB_04506,LOT_20260310,SMD_Line_A,Mounter_02,FD_03,NZ_02,CHIP_1005,-3.61,21.42,-0.298,142.63,107.1,-71.2,2.28,240.3,4.13,F,Tombstone,1
PCB_04507,LOT_20260310,SMD_Line_B,Mounter_02,FD_15,NZ_04,CHIP_0603,19.11,-20.36,-0.241,115.87,88.4,-70.73,3.18,245.9,4.65,F,Tombstone,1
PCB_04508,LOT_20260310,SMD_Line_A,Mounter_03,FD_02,NZ_06,CHIP_0603,-3.44,25.79,0.691,143.87,108.47,-73.74,3.82,247.4,3.94,B,Normal,0
PCB_04509,LOT_20260310,SMD_Line_B,Mounter_02,FD_13,NZ_07,CHIP_1005,1.21,1.71,-0.161,130.95,111.29,-73.08,3.31,248.4,3.98,A,Normal,0
PCB_04510,LOT_20260310,SMD_Line_C,Mounter_03,FD_22,NZ_06,IC_QFP_48,20.03,11.35,-0.279,124.24,112.98,-73.25,3.12,249.0,4.43,A,Normal,0
PCB_04511,LOT_20260310,SMD_Line_A,Mounter_02,FD_08,NZ_08,IC_QFP_48,-1.79,0.24,0.495,132.75,,-74.06,4.0,248.0,4.29,A,Normal,0
PCB_04512,LOT_20260310,SMD_Line_B,Mounter_01,FD_23,NZ_05,BGA_256,3.24,9.62,0.007,147.65,102.05,-74.2,2.71,250.0,5.85,A,Normal,0
PCB_04513,LOT_20260310,SMD_Line_A,Mounter_04,FD_17,NZ_03,CHIP_0603,7.56,-11.14,0.039,147.53,88.82,-75.03,2.5,243.3,4.7,A,Normal,0
PCB_04514,LOT_20260310,SMD_Line_B,Mounter_04,FD_04,NZ_06,CAP_3216,-17.25,-15.99,0.134,135.88,115.98,-76.83,2.57,251.1,3.0,B,Normal,0
PCB_04515,LOT_20260310,SMD_Line_B,Mounter_03,FD_19,NZ_03,CHIP_0603,-6.07,30.6,0.603,139.39,108.0,-72.26,2.6,245.5,4.34,B,Normal,0
PCB_04516,LOT_20260310,SMD_Line_B,Mounter_02,FD_22,NZ_02,CAP_3216,1.62,22.58,-0.465,130.65,111.87,-75.33,3.45,248.7,3.28,A,Normal,0
PCB_04517,LOT_20260310,SMD_Line_B,Mounter_04,FD_09,NZ_05,CHIP_0603,-19.95,-12.43,0.515,121.23,77.41,-66.19,3.02,239.5,3.99,B,Normal,0
PCB_04518,LOT_20260310,SMD_Line_C,Mounter_01,FD_23,NZ_04,CHIP_1005,17.12,8.46,-0.672,136.67,111.48,-76.68,3.79,247.8,4.29,F,Tombstone,1
PCB_04519,LOT_20260310,SMD_Line_A,Mounter_01,FD_15,NZ_06,CHIP_1005,9.46,13.66,-0.367,123.27,100.3,-73.41,3.48,245.6,3.97,A,Normal,0
PCB_04520,LOT_20260310,SMD_Line_A,Mounter_01,FD_09,NZ_06,CHIP_1005,7.59,7.79,-0.403,114.6,109.93,,3.42,243.7,3.1,A,Normal,0
PCB_04521,LOT_20260310,SMD_Line_C,Mounter_03,FD_24,NZ_01,BGA_256,16.5,-2.46,-0.063,123.66,85.62,-79.5,2.16,250.4,4.23,A,Normal,0
PCB_04522,LOT_20260310,SMD_Line_B,Mounter_03,FD_21,NZ_07,IC_QFP_48,9.04,23.89,-0.338,105.37,121.76,-69.29,3.54,245.9,3.92,B,Normal,0
PCB_04523,LOT_20260310,SMD_Line_C,Mounter_02,FD_09,NZ_04,CAP_3216,-2.87,8.11,0.572,111.42,92.18,-74.89,3.95,245.8,4.52,A,Normal,0
PCB_04524,LOT_20260310,SMD_Line_B,Mounter_01,FD_14,NZ_06,CHIP_1005,-20.4,-10.95,0.234,160.44,113.82,-75.78,3.26,239.0,3.25,A,Normal,0
PCB_04525,LOT_20260310,SMD_Line_C,Mounter_02,FD_23,NZ_06,CHIP_1005,-8.52,-4.57,-0.007,146.89,97.54,-69.95,2.62,242.1,3.84,A,Normal,0
PCB_04526,LOT_20260310,SMD_Line_B,Mounter_02,FD_21,NZ_04,CHIP_0603,-8.15,-12.63,-0.395,126.4,122.2,-69.55,2.27,245.8,4.61,B,Normal,0
PCB_04527,LOT_20260310,SMD_Line_B,Mounter_01,FD_16,NZ_05,CAP_3216,7.73,-1.27,0.631,137.83,103.57,-75.87,3.8,242.2,3.09,A,Normal,0
PCB_04528,LOT_20260310,SMD_Line_C,Mounter_02,FD_24,NZ_03,CHIP_1005,1.01,-1.65,0.044,115.74,122.62,-73.17,3.26,251.1,4.44,A,Normal,0
PCB_04529,LOT_20260310,SMD_Line_B,Mounter_04,FD_23,NZ_04,IC_QFP_48,-19.57,8.91,-0.113,139.92,99.16,-67.77,2.38,243.8,3.81,A,Normal,0
PCB_04530,LOT_20260310,SMD_Line_A,Mounter_03,FD_17,NZ_03,CHIP_1005,10.81,8.74,-0.061,133.92,86.65,-73.55,3.43,241.0,4.08,A,Normal,0
PCB_04531,LOT_20260310,SMD_Line_A,Mounter_02,FD_13,NZ_05,CHIP_1005,16.62,4.58,-0.1,119.43,103.55,-75.51,3.19,240.3,3.63,A,Normal,0
PCB_04532,LOT_20260310,SMD_Line_A,Mounter_01,FD_09,NZ_05,CAP_3216,18.44,4.26,0.381,125.15,,-72.44,4.15,244.4,4.04,A,Normal,0
PCB_04533,LOT_20260310,SMD_Line_A,Mounter_03,FD_15,NZ_08,CHIP_0603,-14.12,12.31,0.509,124.11,92.75,-72.33,2.72,248.6,3.68,A,Normal,0
PCB_04534,LOT_20260310,SMD_Line_A,Mounter_03,FD_07,NZ_02,CHIP_0603,4.02,-2.66,-0.417,142.75,114.92,-72.91,3.42,241.1,3.59,A,Normal,0
PCB_04535,LOT_20260310,SMD_Line_B,Mounter_02,FD_01,NZ_01,CHIP_0603,-12.58,-28.24,-0.294,128.78,83.76,-70.43,3.91,240.6,4.6,B,Normal,0
PCB_04536,LOT_20260310,SMD_Line_B,Mounter_04,FD_01,NZ_05,IC_QFP_48,24.24,24.91,-0.271,106.33,122.94,-74.25,3.48,242.6,4.13,C,Normal,0
PCB_04537,LOT_20260310,SMD_Line_B,Mounter_02,FD_05,NZ_08,CHIP_0603,0.38,-10.75,0.144,123.27,97.78,,3.11,244.7,4.32,A,Normal,0
PCB_04538,LOT_20260310,SMD_Line_B,Mounter_04,FD_24,NZ_08,CHIP_0603,-4.63,8.21,0.449,118.26,83.65,-73.29,3.0,240.6,4.23,A,Normal,0
PCB_04539,LOT_20260310,SMD_Line_A,Mounter_03,FD_09,NZ_08,CHIP_0603,-6.93,-4.02,-0.618,107.83,104.68,-77.04,3.01,245.5,4.84,A,Normal,0
PCB_04540,LOT_20260310,SMD_Line_A,Mounter_02,FD_12,NZ_05,CHIP_1005,4.18,16.5,-0.471,118.58,102.19,-66.44,2.9,251.5,4.39,F,Tombstone,1
PCB_04541,LOT_20260310,SMD_Line_A,Mounter_01,FD_06,NZ_03,CHIP_1005,6.45,-11.35,-0.155,97.62,98.15,-77.4,2.78,244.9,4.46,A,Normal,0
PCB_04542,LOT_20260310,SMD_Line_B,Mounter_02,FD_13,NZ_05,CHIP_0603,-20.6,-8.39,0.24,116.04,92.44,-69.1,3.88,243.3,4.56,A,Normal,0
PCB_04543,LOT_20260310,SMD_Line_A,Mounter_04,FD_08,NZ_04,CAP_3216,17.46,-5.87,-0.423,132.94,,-72.56,3.83,249.7,3.77,A,Normal,0
PCB_04544,LOT_20260310,SMD_Line_A,Mounter_04,FD_15,NZ_02,CAP_3216,5.89,6.54,-0.174,136.81,106.47,-71.93,3.64,240.2,5.09,A,Normal,0
PCB_04545,LOT_20260310,SMD_Line_B,Mounter_02,FD_06,NZ_02,CHIP_0603,17.36,2.63,-0.325,137.55,94.17,-75.05,3.33,247.2,3.53,A,Normal,0
PCB_04546,LOT_20260310,SMD_Line_C,Mounter_04,FD_06,NZ_04,IC_QFP_48,21.38,6.67,0.341,144.36,,-73.7,3.31,245.1,4.35,A,Normal,0
PCB_04547,LOT_20260310,SMD_Line_A,Mounter_03,FD_04,NZ_06,CHIP_1005,-1.24,1.5,-0.049,147.81,90.64,-69.21,2.26,252.1,4.34,A,Normal,0
PCB_04548,LOT_20260310,SMD_Line_B,Mounter_02,FD_11,NZ_05,CHIP_0603,10.71,11.0,-0.328,114.63,111.74,-75.88,3.62,250.3,5.39,A,Normal,0
PCB_04549,LOT_20260310,SMD_Line_B,Mounter_04,FD_21,NZ_07,CHIP_0603,-7.2,11.2,-0.529,109.35,125.16,-73.76,3.21,236.8,4.4,B,Normal,0
PCB_04550,LOT_20260310,SMD_Line_C,Mounter_02,FD_18,NZ_01,CHIP_1005,-5.85,17.87,-0.178,130.64,113.29,-68.3,2.48,245.9,3.81,A,Normal,0
PCB_04551,LOT_20260310,SMD_Line_C,Mounter_02,FD_03,NZ_08,CHIP_1005,19.65,4.06,-0.119,138.2,92.07,-74.05,3.83,238.9,3.88,A,Normal,0
PCB_04552,LOT_20260310,SMD_Line_A,Mounter_01,FD_03,NZ_05,CHIP_0603,-9.24,4.0,0.381,117.47,88.45,-71.9,3.1,249.8,3.98,F,Tombstone,1
PCB_04553,LOT_20260310,SMD_Line_A,Mounter_02,FD_12,NZ_02,BGA_256,2.46,20.85,0.458,133.97,101.19,-71.61,3.65,241.0,4.25,A,Normal,0
PCB_04554,LOT_20260310,SMD_Line_C,Mounter_01,FD_21,NZ_01,CHIP_1005,-11.35,14.13,-0.532,157.34,80.69,-75.05,3.46,248.3,4.29,B,Normal,0
PCB_04555,LOT_20260310,SMD_Line_B,Mounter_04,FD_21,NZ_07,IC_QFP_48,-8.2,6.12,0.443,109.96,,-70.52,2.66,249.8,4.4,A,Normal,0
PCB_04556,LOT_20260310,SMD_Line_B,Mounter_01,FD_06,NZ_06,CHIP_0603,-6.31,-16.45,0.321,130.09,,-72.26,3.65,237.3,4.21,A,Normal,0
PCB_04557,LOT_20260310,SMD_Line_B,Mounter_01,FD_21,NZ_03,CHIP_1005,18.09,-19.87,-0.239,145.58,98.16,-74.8,2.8,251.2,4.46,A,Normal,0
PCB_04558,LOT_20260310,SMD_Line_B,Mounter_01,FD_06,NZ_03,CHIP_0603,6.42,7.23,0.341,127.03,96.52,-69.79,2.2,249.7,3.63,A,Normal,0
PCB_04559,LOT_20260310,SMD_Line_C,Mounter_03,FD_08,NZ_07,CHIP_1005,10.52,7.72,-0.356,136.19,98.67,-71.49,3.65,240.6,3.4,A,Normal,0
PCB_04560,LOT_20260310,SMD_Line_C,Mounter_01,FD_15,NZ_05,IC_QFP_48,-22.59,-8.53,0.183,143.65,118.74,-72.24,3.32,249.9,4.75,B,Normal,0
PCB_04561,LOT_20260310,SMD_Line_B,Mounter_02,FD_18,NZ_05,IC_QFP_48,0.43,4.18,1.091,125.47,95.13,-73.09,3.27,240.0,3.4,A,Normal,0
PCB_04562,LOT_20260310,SMD_Line_A,Mounter_01,FD_20,NZ_01,CHIP_1005,-4.78,-10.78,0.104,114.08,85.65,-77.13,3.65,248.8,4.16,A,Normal,0
PCB_04563,LOT_20260310,SMD_Line_C,Mounter_02,FD_16,NZ_01,IC_QFP_48,6.15,6.75,-0.154,128.49,90.62,-72.54,2.51,244.6,3.79,A,Normal,0
PCB_04564,LOT_20260310,SMD_Line_A,Mounter_01,FD_06,NZ_06,CAP_3216,30.08,7.06,-0.591,113.58,111.87,-79.78,2.63,239.0,5.08,B,Normal,0
PCB_04565,LOT_20260310,SMD_Line_A,Mounter_03,FD_21,NZ_05,CHIP_1005,-29.88,6.98,0.037,121.74,,-69.42,2.53,251.2,5.14,B,Normal,0
PCB_04566,LOT_20260310,SMD_Line_C,Mounter_04,FD_17,NZ_02,CHIP_0603,4.99,3.96,0.449,136.63,114.38,-76.04,2.92,251.2,4.21,A,Normal,0
PCB_04567,LOT_20260310,SMD_Line_A,Mounter_01,FD_09,NZ_03,IC_QFP_48,27.56,-3.47,-0.319,132.72,97.58,-70.11,3.4,245.8,4.04,A,Normal,0
PCB_04568,LOT_20260310,SMD_Line_A,Mounter_01,FD_19,NZ_06,CHIP_0603,-6.37,-2.5,0.243,144.97,78.48,-76.91,4.42,245.1,4.07,F,Tombstone,1
PCB_04569,LOT_20260310,SMD_Line_A,Mounter_03,FD_18,NZ_08,BGA_256,1.87,13.68,-0.118,133.48,108.98,-76.54,3.05,243.3,4.3,A,Normal,0
PCB_04570,LOT_20260310,SMD_Line_C,Mounter_01,FD_23,NZ_01,CHIP_1005,8.46,4.9,-0.179,118.3,96.74,-74.6,3.3,247.3,4.63,A,Normal,0
PCB_04571,LOT_20260310,SMD_Line_B,Mounter_02,FD_05,NZ_08,CHIP_1005,-26.95,5.76,0.22,115.05,104.46,-65.48,2.34,246.7,5.88,A,Normal,0
PCB_04572,LOT_20260310,SMD_Line_B,Mounter_01,FD_06,NZ_02,CHIP_0603,3.33,1.02,-0.852,139.42,92.52,,2.87,251.4,3.67,A,Normal,0
PCB_04573,LOT_20260310,SMD_Line_A,Mounter_01,FD_12,NZ_05,CHIP_1005,-9.93,7.69,-0.086,133.6,114.77,-66.14,1.97,245.9,4.32,A,Normal,0
PCB_04574,LOT_20260310,SMD_Line_C,Mounter_04,FD_11,NZ_04,CAP_3216,25.6,11.32,0.444,127.12,105.35,-70.38,4.57,250.9,4.12,B,Normal,0
PCB_04575,LOT_20260310,SMD_Line_C,Mounter_04,FD_16,NZ_01,CHIP_0603,-2.59,-7.41,-0.083,135.08,126.0,,2.06,237.2,3.94,B,Normal,0
PCB_04576,LOT_20260310,SMD_Line_A,Mounter_01,FD_20,NZ_06,CHIP_1005,-8.88,6.99,0.003,119.44,108.53,-71.39,2.89,248.4,3.98,A,Normal,0
PCB_04577,LOT_20260310,SMD_Line_B,Mounter_03,FD_17,NZ_04,CAP_3216,10.58,-2.67,-0.06,93.32,97.21,-70.83,3.11,245.7,4.14,A,Normal,0
PCB_04578,LOT_20260310,SMD_Line_A,Mounter_04,FD_20,NZ_02,CHIP_1005,6.1,3.7,0.861,145.64,,-70.45,4.26,246.5,4.3,A,Normal,0
PCB_04579,LOT_20260310,SMD_Line_C,Mounter_01,FD_09,NZ_08,CHIP_1005,11.2,9.86,0.173,139.73,82.99,-67.36,3.33,252.6,4.39,A,Normal,0
PCB_04580,LOT_20260310,SMD_Line_B,Mounter_04,FD_01,NZ_07,CHIP_1005,23.88,-17.13,-0.574,128.7,98.45,-71.7,2.36,249.6,4.45,B,Normal,0
PCB_04581,LOT_20260310,SMD_Line_C,Mounter_01,FD_03,NZ_03,CHIP_1005,-7.32,-12.79,-0.39,116.52,98.92,-69.85,3.02,243.5,3.5,F,Tombstone,1
PCB_04582,LOT_20260310,SMD_Line_A,Mounter_04,FD_21,NZ_07,CHIP_0603,21.49,-7.78,0.042,126.8,119.09,-65.15,3.24,241.4,3.86,B,Normal,0
PCB_04583,LOT_20260310,SMD_Line_C,Mounter_04,FD_23,NZ_07,CHIP_0603,23.47,-8.62,0.566,104.05,95.07,-77.49,2.81,237.0,4.47,A,Normal,0
PCB_04584,LOT_20260310,SMD_Line_C,Mounter_02,FD_09,NZ_07,CHIP_1005,-9.61,-1.92,0.298,131.72,112.18,-72.41,2.75,246.9,4.92,A,Normal,0
PCB_04585,LOT_20260310,SMD_Line_B,Mounter_01,FD_22,NZ_02,CAP_3216,-8.4,19.97,0.447,100.96,98.72,-69.2,2.71,250.2,4.44,A,Normal,0
PCB_04586,LOT_20260310,SMD_Line_C,Mounter_01,FD_19,NZ_03,CHIP_0603,0.59,13.91,-0.508,131.6,122.7,-76.85,2.73,250.3,4.05,B,Normal,0
PCB_04587,LOT_20260310,SMD_Line_A,Mounter_01,FD_13,NZ_02,CHIP_0603,-2.5,-6.85,0.284,119.42,81.21,-75.4,2.64,243.3,4.44,A,Normal,0
PCB_04588,LOT_20260310,SMD_Line_A,Mounter_01,FD_23,NZ_07,CHIP_1005,21.36,10.25,-0.332,127.79,116.22,-75.29,2.66,250.3,4.33,B,Normal,0
PCB_04589,LOT_20260310,SMD_Line_B,Mounter_04,FD_14,NZ_01,BGA_256,-10.8,-0.51,-0.054,112.91,,-70.66,2.99,250.3,3.68,A,Normal,0
PCB_04590,LOT_20260310,SMD_Line_B,Mounter_02,FD_20,NZ_07,CHIP_0603,3.06,4.06,0.383,152.62,,-70.16,3.64,249.1,4.11,A,Normal,0
PCB_04591,LOT_20260310,SMD_Line_B,Mounter_02,FD_19,NZ_01,BGA_256,-9.57,-11.57,-0.256,135.41,118.86,-75.09,2.43,245.2,4.29,A,Normal,0
PCB_04592,LOT_20260310,SMD_Line_A,Mounter_03,FD_23,NZ_06,CHIP_0603,1.36,-15.58,-0.648,119.67,95.79,-70.5,2.7,244.8,4.56,A,Normal,0
PCB_04593,LOT_20260310,SMD_Line_B,Mounter_01,FD_07,NZ_07,CAP_3216,26.77,8.64,-0.166,127.31,86.84,-74.27,3.22,247.2,4.91,B,Normal,0
PCB_04594,LOT_20260310,SMD_Line_A,Mounter_03,FD_04,NZ_04,CHIP_1005,22.79,0.39,0.054,154.09,85.68,-67.6,3.5,247.9,5.09,A,Normal,0
PCB_04595,LOT_20260310,SMD_Line_B,Mounter_04,FD_12,NZ_02,IC_QFP_48,4.73,6.17,0.307,115.75,89.75,-70.21,4.08,243.0,3.36,F,Tombstone,1
PCB_04596,LOT_20260310,SMD_Line_B,Mounter_03,FD_23,NZ_07,CHIP_1005,7.87,18.81,-0.4,113.32,70.85,-69.43,3.61,243.5,4.11,B,Normal,0
PCB_04597,LOT_20260310,SMD_Line_B,Mounter_01,FD_14,NZ_02,IC_QFP_48,5.89,-2.82,-0.249,112.67,97.27,-66.44,3.28,246.1,4.95,A,Normal,0
PCB_04598,LOT_20260310,SMD_Line_A,Mounter_02,FD_02,NZ_08,CHIP_0603,-3.8,-2.71,0.097,119.78,107.8,-69.58,3.17,242.4,4.59,A,Normal,0
PCB_04599,LOT_20260310,SMD_Line_B,Mounter_02,FD_01,NZ_07,CHIP_0603,23.96,20.87,0.246,152.43,102.95,-73.99,3.11,242.9,4.61,F,Tombstone,1
PCB_04600,LOT_20260310,SMD_Line_A,Mounter_01,FD_18,NZ_04,CHIP_1005,16.49,0.2,0.091,121.6,95.46,-71.57,2.49,237.6,3.84,A,Normal,0
PCB_04601,LOT_20260310,SMD_Line_A,Mounter_04,FD_20,NZ_07,BGA_256,2.93,-9.48,-0.066,123.74,89.36,-76.59,3.42,240.8,3.86,A,Normal,0
PCB_04602,LOT_20260310,SMD_Line_C,Mounter_01,FD_08,NZ_05,IC_QFP_48,-2.71,8.68,-0.333,133.02,,-75.86,2.93,248.1,4.53,A,Normal,0
PCB_04603,LOT_20260310,SMD_Line_C,Mounter_04,FD_03,NZ_06,CHIP_1005,-1.9,-2.8,0.399,129.53,103.4,-69.91,3.28,249.2,3.96,A,Normal,0
PCB_04604,LOT_20260310,SMD_Line_A,Mounter_02,FD_06,NZ_08,CHIP_1005,4.23,-9.71,0.546,144.54,109.9,-66.14,2.63,244.8,3.63,A,Normal,0
PCB_04605,LOT_20260310,SMD_Line_C,Mounter_04,FD_22,NZ_02,CHIP_0603,-0.44,1.06,-0.263,142.32,82.06,-68.24,3.13,248.3,4.25,A,Normal,0
PCB_04606,LOT_20260310,SMD_Line_C,Mounter_01,FD_13,NZ_08,BGA_256,14.24,9.75,-0.213,134.91,101.89,-70.8,2.63,235.6,4.1,A,Normal,0
PCB_04607,LOT_20260310,SMD_Line_C,Mounter_01,FD_09,NZ_06,IC_QFP_48,5.99,-13.68,0.308,126.55,103.18,-77.26,3.51,246.8,4.63,A,Normal,0
PCB_04608,LOT_20260310,SMD_Line_A,Mounter_01,FD_09,NZ_02,IC_QFP_48,-11.92,-13.95,0.075,144.4,,-71.53,3.03,238.9,4.41,A,Normal,0
PCB_04609,LOT_20260310,SMD_Line_C,Mounter_04,FD_20,NZ_02,CHIP_1005,-14.33,-0.94,0.262,118.19,,-75.52,3.29,241.5,5.17,A,Normal,0
PCB_04610,LOT_20260310,SMD_Line_A,Mounter_04,FD_09,NZ_05,CAP_3216,12.38,-12.98,0.122,117.23,111.2,-70.64,2.92,247.7,3.71,A,Normal,0
PCB_04611,LOT_20260310,SMD_Line_A,Mounter_04,FD_15,NZ_07,BGA_256,-14.45,-15.06,0.171,123.88,93.16,-76.64,3.6,248.4,4.22,A,Normal,0
PCB_04612,LOT_20260310,SMD_Line_A,Mounter_02,FD_13,NZ_01,CHIP_1005,-4.36,0.07,-0.183,147.43,89.6,-71.43,3.4,237.0,4.48,F,Tombstone,1
PCB_04613,LOT_20260310,SMD_Line_B,Mounter_03,FD_22,NZ_06,CHIP_1005,-5.5,13.05,-0.899,117.45,125.87,-73.81,2.68,238.0,4.46,B,Normal,0
PCB_04614,LOT_20260310,SMD_Line_A,Mounter_03,FD_16,NZ_04,CHIP_1005,-15.48,9.3,0.087,120.99,109.61,-71.7,2.64,242.2,4.33,A,Normal,0
PCB_04615,LOT_20260310,SMD_Line_A,Mounter_01,FD_02,NZ_06,CHIP_1005,3.88,-1.26,0.31,132.61,102.16,-73.86,3.71,237.5,3.33,A,Normal,0
PCB_04616,LOT_20260310,SMD_Line_A,Mounter_02,FD_14,NZ_07,CHIP_1005,-1.55,15.13,0.129,129.15,91.91,-77.48,1.81,243.3,3.22,A,Normal,0
PCB_04617,LOT_20260310,SMD_Line_C,Mounter_04,FD_06,NZ_05,CHIP_0603,-7.97,20.47,-0.336,124.31,90.73,-68.42,4.01,248.6,3.66,A,Normal,0
PCB_04618,LOT_20260310,SMD_Line_C,Mounter_01,FD_02,NZ_03,CHIP_1005,26.06,5.8,-0.26,137.01,,-73.04,2.75,238.5,4.45,F,Tombstone,1
PCB_04619,LOT_20260310,SMD_Line_A,Mounter_02,FD_08,NZ_08,CHIP_1005,-30.39,-4.32,1.106,122.9,90.13,,3.57,253.5,3.25,F,Tombstone,1
PCB_04620,LOT_20260310,SMD_Line_C,Mounter_01,FD_04,NZ_03,CHIP_1005,-10.79,18.44,0.158,145.84,,-72.49,3.41,243.9,4.53,F,Tombstone,1
PCB_04621,LOT_20260310,SMD_Line_C,Mounter_02,FD_21,NZ_05,CHIP_0603,-7.21,17.92,-1.056,133.56,98.38,-74.3,2.97,246.6,4.05,B,Normal,0
PCB_04622,LOT_20260310,SMD_Line_C,Mounter_02,FD_24,NZ_08,IC_QFP_48,-16.98,2.99,-0.258,145.25,107.66,-74.3,3.37,240.7,4.03,A,Normal,0
PCB_04623,LOT_20260310,SMD_Line_A,Mounter_03,FD_14,NZ_07,CHIP_1005,28.22,14.43,-0.098,118.14,,-66.97,3.22,249.4,5.17,B,Normal,0
PCB_04624,LOT_20260310,SMD_Line_B,Mounter_01,FD_11,NZ_05,CHIP_0603,28.09,-9.22,-0.557,127.78,102.88,-71.71,3.65,246.0,5.09,B,Normal,0
PCB_04625,LOT_20260310,SMD_Line_C,Mounter_04,FD_24,NZ_01,CHIP_1005,-8.56,-24.39,-0.058,101.54,90.14,-73.53,2.72,246.1,3.86,A,Normal,0
PCB_04626,LOT_20260310,SMD_Line_B,Mounter_03,FD_14,NZ_06,BGA_256,15.86,-11.46,-0.222,150.06,96.79,-77.81,3.59,246.6,4.59,A,Normal,0
PCB_04627,LOT_20260310,SMD_Line_A,Mounter_03,FD_12,NZ_07,IC_QFP_48,7.46,2.44,0.088,164.41,115.65,-73.79,2.02,239.6,4.22,A,Normal,0
PCB_04628,LOT_20260310,SMD_Line_B,Mounter_04,FD_16,NZ_08,CHIP_0603,20.7,-0.88,-0.128,125.68,114.44,-75.4,3.54,246.7,4.63,A,Normal,0
PCB_04629,LOT_20260310,SMD_Line_B,Mounter_02,FD_06,NZ_06,CAP_3216,-1.34,11.35,-0.315,135.59,114.96,-73.47,3.19,248.0,4.0,A,Normal,0
PCB_04630,LOT_20260310,SMD_Line_B,Mounter_04,FD_20,NZ_03,CHIP_0603,5.4,-17.53,-0.152,131.7,112.16,-66.68,3.47,238.6,3.53,A,Normal,0
PCB_04631,LOT_20260310,SMD_Line_A,Mounter_01,FD_01,NZ_07,CAP_3216,17.53,-17.3,0.381,110.62,122.97,-66.99,3.55,243.9,4.18,F,Tombstone,1
PCB_04632,LOT_20260310,SMD_Line_A,Mounter_04,FD_12,NZ_04,CHIP_0603,15.62,9.0,0.029,148.71,102.49,-72.91,4.06,243.7,4.61,A,Normal,0
PCB_04633,LOT_20260310,SMD_Line_C,Mounter_02,FD_07,NZ_06,CHIP_0603,1.9,-16.94,-0.097,125.88,109.02,-74.41,3.26,245.2,4.13,A,Normal,0
PCB_04634,LOT_20260310,SMD_Line_C,Mounter_04,FD_08,NZ_02,CHIP_1005,-11.78,-3.19,0.158,99.28,90.32,-69.98,2.66,248.0,4.61,A,Normal,0
PCB_04635,LOT_20260310,SMD_Line_A,Mounter_02,FD_09,NZ_08,CHIP_1005,-9.54,0.29,-0.001,119.26,102.8,-68.08,4.27,248.4,4.84,A,Normal,0
PCB_04636,LOT_20260310,SMD_Line_C,Mounter_02,FD_02,NZ_02,CHIP_1005,-23.11,-7.68,-0.498,109.08,103.27,-72.95,3.4,244.6,4.79,F,Tombstone,1
PCB_04637,LOT_20260310,SMD_Line_A,Mounter_01,FD_17,NZ_01,IC_QFP_48,9.84,6.82,0.309,131.83,109.46,-64.93,3.7,249.0,4.44,A,Normal,0
PCB_04638,LOT_20260310,SMD_Line_B,Mounter_04,FD_20,NZ_08,BGA_256,2.65,-24.33,-0.281,131.74,92.5,-73.89,2.95,239.2,3.54,A,Normal,0
PCB_04639,LOT_20260310,SMD_Line_C,Mounter_04,FD_13,NZ_07,CHIP_1005,3.62,21.62,-0.154,147.79,81.22,-73.25,2.95,246.1,3.21,B,Normal,0
PCB_04640,LOT_20260310,SMD_Line_C,Mounter_01,FD_05,NZ_08,CHIP_1005,-0.31,-3.9,-0.681,157.45,93.03,-72.55,3.27,236.5,4.49,A,Normal,0
PCB_04641,LOT_20260310,SMD_Line_C,Mounter_02,FD_10,NZ_01,CHIP_0603,-14.29,-2.01,0.37,158.67,112.74,-73.18,3.52,242.9,4.59,A,Normal,0
PCB_04642,LOT_20260310,SMD_Line_A,Mounter_04,FD_12,NZ_08,CHIP_0603,3.91,31.78,0.056,114.62,97.45,-76.02,3.36,247.0,4.21,F,Tombstone,1
PCB_04643,LOT_20260310,SMD_Line_C,Mounter_01,FD_17,NZ_07,CHIP_1005,7.57,-16.05,0.128,139.29,105.63,-69.29,2.6,248.0,4.33,A,Normal,0
PCB_04644,LOT_20260310,SMD_Line_A,Mounter_02,FD_21,NZ_03,CHIP_0603,-10.85,-12.33,0.366,141.95,92.82,-73.0,4.11,246.2,4.15,A,Normal,0
PCB_04645,LOT_20260310,SMD_Line_B,Mounter_01,FD_06,NZ_04,IC_QFP_48,-0.35,16.57,0.37,122.15,112.49,-64.46,2.48,251.6,4.23,A,Normal,0
PCB_04646,LOT_20260310,SMD_Line_B,Mounter_04,FD_03,NZ_04,CHIP_1005,-8.1,-18.37,-0.317,134.31,98.73,-69.3,3.4,245.5,4.39,A,Normal,0
PCB_04647,LOT_20260310,SMD_Line_B,Mounter_01,FD_15,NZ_05,CHIP_0603,-2.69,5.84,0.005,135.99,98.56,-70.87,3.21,237.8,4.65,A,Normal,0
PCB_04648,LOT_20260310,SMD_Line_A,Mounter_03,FD_07,NZ_01,CHIP_1005,-14.19,-7.15,-0.039,122.72,115.93,-65.23,4.72,235.5,4.26,A,Normal,0
PCB_04649,LOT_20260310,SMD_Line_C,Mounter_02,FD_06,NZ_07,CHIP_0603,-3.35,-19.07,-0.081,149.23,118.92,-69.49,2.94,240.8,4.21,A,Normal,0
PCB_04650,LOT_20260310,SMD_Line_A,Mounter_03,FD_04,NZ_06,CHIP_1005,20.34,6.22,-0.362,133.53,116.17,-69.61,2.46,240.8,4.13,B,Normal,0
PCB_04651,LOT_20260310,SMD_Line_A,Mounter_03,FD_19,NZ_02,IC_QFP_48,-6.27,6.56,0.641,127.42,96.07,-74.34,3.59,245.2,4.32,A,Normal,0
PCB_04652,LOT_20260310,SMD_Line_B,Mounter_02,FD_05,NZ_06,CHIP_1005,-8.51,0.02,0.456,111.65,92.86,-72.84,2.9,242.7,3.2,A,Normal,0
PCB_04653,LOT_20260310,SMD_Line_B,Mounter_02,FD_03,NZ_02,CHIP_0603,-7.73,24.42,0.2,147.27,89.06,-68.51,3.84,241.0,4.66,A,Normal,0
PCB_04654,LOT_20260310,SMD_Line_C,Mounter_01,FD_09,NZ_03,IC_QFP_48,-2.38,-9.1,0.611,131.12,82.13,-69.16,3.73,242.6,4.1,A,Normal,0
PCB_04655,LOT_20260310,SMD_Line_A,Mounter_02,FD_06,NZ_02,CHIP_0603,22.4,10.23,0.213,131.17,88.81,-74.11,3.62,243.6,3.81,A,Normal,0
PCB_04656,LOT_20260310,SMD_Line_A,Mounter_03,FD_13,NZ_06,IC_QFP_48,17.57,3.86,-0.136,117.31,89.82,-63.82,2.73,241.5,4.89,A,Normal,0
PCB_04657,LOT_20260310,SMD_Line_C,Mounter_03,FD_22,NZ_08,CHIP_1005,-1.79,11.46,-0.19,143.41,84.86,-72.72,3.72,245.2,4.06,A,Normal,0
PCB_04658,LOT_20260310,SMD_Line_B,Mounter_04,FD_20,NZ_06,CHIP_1005,-8.04,-5.95,0.174,112.98,81.79,-67.9,4.58,249.0,3.68,A,Normal,0
PCB_04659,LOT_20260310,SMD_Line_A,Mounter_02,FD_04,NZ_04,BGA_256,-22.01,-16.34,-0.62,96.88,84.36,-71.08,2.97,242.3,4.57,B,Normal,0
PCB_04660,LOT_20260310,SMD_Line_B,Mounter_03,FD_02,NZ_07,IC_QFP_48,-11.39,-8.05,0.39,119.37,99.39,-70.4,3.08,245.3,3.96,A,Normal,0
PCB_04661,LOT_20260310,SMD_Line_B,Mounter_04,FD_04,NZ_04,CHIP_0603,-24.68,-0.75,-0.733,135.21,105.29,-73.19,3.12,253.7,4.01,F,Tombstone,1
PCB_04662,LOT_20260310,SMD_Line_B,Mounter_04,FD_08,NZ_01,CHIP_0603,9.25,8.03,0.496,135.08,104.23,-71.29,3.02,246.0,4.63,A,Normal,0
PCB_04663,LOT_20260310,SMD_Line_B,Mounter_01,FD_13,NZ_08,BGA_256,16.69,0.2,0.224,132.11,93.74,-77.42,3.28,249.6,4.69,A,Normal,0
PCB_04664,LOT_20260310,SMD_Line_C,Mounter_03,FD_10,NZ_06,CHIP_0603,-4.69,2.54,0.878,127.42,95.82,-68.14,3.21,243.0,3.53,A,Normal,0
PCB_04665,LOT_20260310,SMD_Line_C,Mounter_01,FD_18,NZ_08,CHIP_1005,4.8,20.36,0.081,132.38,104.41,-69.37,3.17,249.9,4.16,A,Normal,0
PCB_04666,LOT_20260310,SMD_Line_B,Mounter_03,FD_09,NZ_08,IC_QFP_48,-13.61,-0.29,0.295,172.9,,-65.48,2.67,241.6,3.48,F,Tombstone,1
PCB_04667,LOT_20260310,SMD_Line_A,Mounter_01,FD_01,NZ_07,CHIP_1005,-24.25,-6.28,0.314,133.75,106.74,-71.73,3.91,247.5,3.98,A,Normal,0
PCB_04668,LOT_20260310,SMD_Line_C,Mounter_01,FD_13,NZ_03,IC_QFP_48,0.7,5.2,-0.399,123.66,88.45,-75.48,3.42,249.5,3.8,F,Tombstone,1
PCB_04669,LOT_20260310,SMD_Line_B,Mounter_02,FD_18,NZ_02,IC_QFP_48,4.79,-20.25,-0.48,128.43,120.81,-66.76,3.78,251.5,4.73,B,Normal,0
PCB_04670,LOT_20260310,SMD_Line_B,Mounter_01,FD_15,NZ_01,IC_QFP_48,21.3,-20.27,-0.42,126.89,107.58,,3.56,245.5,3.65,B,Normal,0
PCB_04671,LOT_20260310,SMD_Line_A,Mounter_02,FD_02,NZ_05,BGA_256,25.79,-1.58,-0.015,131.04,108.91,-84.53,1.61,243.9,4.47,F,Tombstone,1
PCB_04672,LOT_20260310,SMD_Line_C,Mounter_04,FD_11,NZ_08,CHIP_1005,-3.48,-11.01,-0.003,116.33,87.27,-70.24,3.74,239.2,4.05,A,Normal,0
PCB_04673,LOT_20260310,SMD_Line_B,Mounter_03,FD_14,NZ_05,CHIP_1005,11.4,-7.18,0.015,141.98,86.99,-68.72,3.69,244.7,3.4,A,Normal,0
PCB_04674,LOT_20260310,SMD_Line_A,Mounter_04,FD_22,NZ_07,CHIP_1005,3.94,11.03,0.222,134.45,91.63,-67.73,3.34,248.4,3.79,A,Normal,0
PCB_04675,LOT_20260310,SMD_Line_B,Mounter_03,FD_15,NZ_02,IC_QFP_48,0.03,6.21,-0.334,118.16,108.84,-75.16,4.5,247.9,3.55,A,Normal,0
PCB_04676,LOT_20260310,SMD_Line_C,Mounter_04,FD_14,NZ_02,BGA_256,-0.47,-0.91,0.378,145.3,86.11,,3.83,244.9,3.79,A,Normal,0
PCB_04677,LOT_20260310,SMD_Line_A,Mounter_03,FD_16,NZ_07,CHIP_0603,-1.81,0.98,0.194,101.46,105.36,-69.97,3.8,246.6,3.7,A,Normal,0
PCB_04678,LOT_20260310,SMD_Line_C,Mounter_01,FD_23,NZ_02,CHIP_0603,-1.27,-5.01,0.711,162.29,117.5,-69.84,2.18,252.0,4.03,A,Normal,0
PCB_04679,LOT_20260310,SMD_Line_B,Mounter_03,FD_15,NZ_04,CAP_3216,20.71,10.02,0.194,158.28,91.52,-74.1,4.01,247.9,4.68,A,Normal,0
PCB_04680,LOT_20260310,SMD_Line_B,Mounter_03,FD_19,NZ_02,CHIP_1005,2.68,9.35,-0.031,155.88,88.76,-70.76,3.61,244.0,3.77,A,Normal,0
PCB_04681,LOT_20260310,SMD_Line_A,Mounter_04,FD_09,NZ_05,CHIP_0603,21.77,11.69,0.966,122.55,91.23,-68.08,2.4,245.0,3.63,B,Normal,0
PCB_04682,LOT_20260310,SMD_Line_A,Mounter_04,FD_05,NZ_02,IC_QFP_48,-11.23,11.15,-0.038,133.61,98.03,-78.58,3.39,247.8,3.9,A,Normal,0
PCB_04683,LOT_20260310,SMD_Line_C,Mounter_04,FD_05,NZ_06,CAP_3216,-35.41,0.64,0.13,120.67,111.4,-72.05,2.19,247.5,4.05,F,Mount_Shift,1
PCB_04684,LOT_20260310,SMD_Line_A,Mounter_02,FD_11,NZ_07,BGA_256,-5.79,-8.24,0.196,136.46,112.14,-68.49,3.61,254.5,3.81,A,Normal,0
PCB_04685,LOT_20260310,SMD_Line_C,Mounter_02,FD_20,NZ_03,IC_QFP_48,-10.45,-1.97,0.419,130.28,109.58,-66.35,3.31,251.9,3.55,A,Normal,0
PCB_04686,LOT_20260310,SMD_Line_A,Mounter_03,FD_24,NZ_05,CHIP_0603,-18.67,1.38,0.038,123.1,76.67,-66.58,2.84,240.7,4.58,B,Normal,0
PCB_04687,LOT_20260310,SMD_Line_A,Mounter_03,FD_04,NZ_03,BGA_256,16.26,-7.95,1.245,122.94,97.75,-68.69,3.62,242.3,4.49,B,Normal,0
PCB_04688,LOT_20260310,SMD_Line_A,Mounter_01,FD_20,NZ_05,CHIP_1005,-16.7,19.23,-0.258,131.24,89.41,-65.46,2.75,250.4,4.15,A,Normal,0
PCB_04689,LOT_20260310,SMD_Line_B,Mounter_01,FD_18,NZ_08,BGA_256,7.28,19.29,0.67,174.04,104.85,-68.58,3.27,241.7,4.95,A,Normal,0
PCB_04690,LOT_20260310,SMD_Line_C,Mounter_03,FD_03,NZ_01,CHIP_0603,25.18,-1.42,-0.658,149.58,110.8,-80.14,3.86,245.7,5.44,F,Tombstone,1
PCB_04691,LOT_20260310,SMD_Line_A,Mounter_02,FD_04,NZ_06,CHIP_0603,-14.37,12.16,-0.443,131.29,,-73.57,3.0,251.8,4.86,A,Normal,0
PCB_04692,LOT_20260310,SMD_Line_A,Mounter_03,FD_14,NZ_05,CHIP_1005,-2.89,6.61,-0.7,127.28,123.06,-67.01,2.63,246.3,3.15,B,Normal,0
PCB_04693,LOT_20260310,SMD_Line_A,Mounter_01,FD_07,NZ_08,CHIP_0603,16.91,-5.86,-0.416,139.34,89.13,-73.78,3.85,249.1,4.36,A,Normal,0
PCB_04694,LOT_20260310,SMD_Line_B,Mounter_02,FD_08,NZ_06,IC_QFP_48,-5.19,4.86,-0.736,120.81,106.38,-67.45,3.27,245.9,3.81,A,Normal,0
PCB_04695,LOT_20260310,SMD_Line_B,Mounter_02,FD_24,NZ_05,CAP_3216,4.15,-9.14,0.049,126.58,,,4.4,244.7,4.02,A,Normal,0
PCB_04696,LOT_20260310,SMD_Line_C,Mounter_01,FD_16,NZ_03,IC_QFP_48,7.99,-10.38,-0.402,100.73,111.02,-65.41,3.51,237.3,3.4,A,Normal,0
PCB_04697,LOT_20260310,SMD_Line_B,Mounter_03,FD_20,NZ_03,BGA_256,2.17,5.63,0.682,131.36,107.13,-73.51,3.66,246.1,4.33,A,Normal,0
PCB_04698,LOT_20260310,SMD_Line_B,Mounter_04,FD_15,NZ_07,CHIP_1005,-5.6,5.77,0.226,131.74,,-78.43,3.42,242.8,5.07,A,Normal,0
PCB_04699,LOT_20260310,SMD_Line_A,Mounter_03,FD_07,NZ_05,IC_QFP_48,-9.76,31.79,0.03,121.84,107.34,-72.74,3.53,250.6,4.17,F,Tombstone,1
PCB_04700,LOT_20260310,SMD_Line_C,Mounter_03,FD_17,NZ_05,BGA_256,-13.68,-1.83,0.12,136.77,93.38,-76.98,3.57,234.4,4.71,A,Normal,0
PCB_04701,LOT_20260310,SMD_Line_A,Mounter_01,FD_22,NZ_04,IC_QFP_48,7.46,-6.24,0.291,131.87,113.54,-73.62,3.61,242.9,4.37,A,Normal,0
PCB_04702,LOT_20260310,SMD_Line_A,Mounter_02,FD_22,NZ_06,CHIP_1005,-8.22,10.89,0.537,122.02,91.31,-81.78,2.53,250.8,4.58,A,Normal,0
PCB_04703,LOT_20260310,SMD_Line_B,Mounter_01,FD_22,NZ_06,CHIP_1005,14.95,-0.3,-0.224,142.35,97.02,-71.94,2.68,253.2,3.07,A,Normal,0
PCB_04704,LOT_20260310,SMD_Line_B,Mounter_03,FD_12,NZ_06,IC_QFP_48,19.86,-7.64,-0.307,127.3,89.93,-70.48,3.6,249.8,4.42,F,Tombstone,1
PCB_04705,LOT_20260310,SMD_Line_B,Mounter_04,FD_18,NZ_06,CHIP_0603,-14.46,-6.91,0.187,114.29,95.88,-70.28,3.26,247.8,4.62,A,Normal,0
PCB_04706,LOT_20260310,SMD_Line_B,Mounter_04,FD_24,NZ_01,BGA_256,9.23,-2.12,0.706,103.58,,-68.54,2.74,237.8,5.05,F,Tombstone,1
PCB_04707,LOT_20260310,SMD_Line_C,Mounter_04,FD_14,NZ_01,CAP_3216,25.74,12.44,-0.613,151.53,,-70.87,3.38,240.6,3.48,B,Normal,0
PCB_04708,LOT_20260310,SMD_Line_A,Mounter_01,FD_15,NZ_08,CHIP_1005,-10.69,5.09,0.18,131.89,100.4,-74.26,4.17,248.9,5.02,A,Normal,0
PCB_04709,LOT_20260310,SMD_Line_C,Mounter_02,FD_15,NZ_02,IC_QFP_48,15.01,-9.83,0.581,131.25,94.19,-67.61,3.31,239.6,4.03,A,Normal,0
PCB_04710,LOT_20260310,SMD_Line_B,Mounter_01,FD_05,NZ_05,IC_QFP_48,7.02,21.65,0.277,129.34,84.29,-69.5,3.45,244.0,4.29,B,Normal,0
PCB_04711,LOT_20260310,SMD_Line_B,Mounter_04,FD_16,NZ_05,IC_QFP_48,12.01,-10.71,0.149,148.27,91.79,-72.23,3.47,243.7,4.67,A,Normal,0
PCB_04712,LOT_20260310,SMD_Line_B,Mounter_03,FD_05,NZ_05,CHIP_1005,-9.46,-8.7,0.243,132.14,,-72.38,2.83,246.8,4.66,A,Normal,0
PCB_04713,LOT_20260310,SMD_Line_A,Mounter_02,FD_02,NZ_05,BGA_256,23.81,13.77,0.812,153.22,78.71,-74.18,3.17,247.8,3.34,F,Tombstone,1
PCB_04714,LOT_20260310,SMD_Line_C,Mounter_01,FD_20,NZ_06,CHIP_1005,-8.37,17.67,0.358,132.19,98.07,-67.47,1.95,234.3,4.26,A,Normal,0
PCB_04715,LOT_20260310,SMD_Line_B,Mounter_01,FD_09,NZ_06,CHIP_0603,8.01,4.17,-0.698,89.88,113.75,-71.87,2.63,246.2,3.67,A,Normal,0
PCB_04716,LOT_20260310,SMD_Line_A,Mounter_02,FD_22,NZ_01,BGA_256,-0.79,-15.23,-0.038,149.0,94.81,-68.91,3.15,242.1,4.23,A,Normal,0
PCB_04717,LOT_20260310,SMD_Line_B,Mounter_02,FD_09,NZ_03,IC_QFP_48,6.71,1.14,0.039,134.73,117.55,-78.99,2.49,247.3,3.9,A,Normal,0
PCB_04718,LOT_20260310,SMD_Line_C,Mounter_03,FD_04,NZ_04,BGA_256,-12.29,-16.13,0.462,122.4,112.91,-71.49,3.19,237.5,3.37,A,Normal,0
PCB_04719,LOT_20260310,SMD_Line_B,Mounter_02,FD_15,NZ_06,CHIP_0603,-15.34,29.32,0.037,126.15,104.37,-71.0,3.02,249.3,3.69,B,Normal,0
PCB_04720,LOT_20260310,SMD_Line_C,Mounter_03,FD_11,NZ_06,CHIP_0603,3.59,3.39,0.007,125.38,,-76.09,3.99,242.0,4.48,A,Normal,0
PCB_04721,LOT_20260310,SMD_Line_A,Mounter_04,FD_01,NZ_07,CAP_3216,-4.59,9.46,0.019,111.38,100.08,-74.59,4.41,243.4,4.37,A,Normal,0
PCB_04722,LOT_20260310,SMD_Line_A,Mounter_04,FD_18,NZ_06,CHIP_0603,-5.02,-4.37,0.108,143.16,105.88,-69.37,3.17,251.8,3.65,A,Normal,0
PCB_04723,LOT_20260310,SMD_Line_A,Mounter_01,FD_01,NZ_03,BGA_256,6.81,21.31,-0.042,123.31,123.99,,3.43,244.4,3.91,B,Normal,0
PCB_04724,LOT_20260310,SMD_Line_B,Mounter_04,FD_08,NZ_03,BGA_256,-18.68,-5.93,-0.189,116.98,106.01,-70.95,3.93,249.1,4.32,A,Normal,0
PCB_04725,LOT_20260310,SMD_Line_A,Mounter_04,FD_16,NZ_01,IC_QFP_48,15.09,-10.13,-0.066,194.48,117.86,-67.44,3.2,244.9,4.35,A,Normal,0
PCB_04726,LOT_20260310,SMD_Line_A,Mounter_03,FD_22,NZ_06,CHIP_0603,1.49,3.6,0.137,112.7,86.09,-69.99,3.45,252.0,4.54,A,Normal,0
PCB_04727,LOT_20260310,SMD_Line_C,Mounter_01,FD_18,NZ_08,IC_QFP_48,9.54,10.38,0.279,128.68,93.52,-67.08,2.36,246.4,4.32,A,Normal,0
PCB_04728,LOT_20260310,SMD_Line_C,Mounter_02,FD_22,NZ_07,BGA_256,6.59,25.12,1.231,95.49,100.2,,3.51,247.2,4.5,F,Mount_Shift,1
PCB_04729,LOT_20260310,SMD_Line_B,Mounter_01,FD_09,NZ_04,CHIP_1005,7.28,19.05,-0.598,148.81,116.12,-71.16,3.97,245.8,4.17,B,Normal,0
PCB_04730,LOT_20260310,SMD_Line_A,Mounter_04,FD_12,NZ_05,CHIP_1005,-14.98,14.1,0.264,125.76,78.5,-71.66,2.53,243.8,4.45,B,Normal,0
PCB_04731,LOT_20260310,SMD_Line_A,Mounter_02,FD_19,NZ_06,CHIP_1005,14.56,-8.09,0.664,142.25,136.21,-76.24,2.2,248.7,5.0,F,Solder_Bridge,1
PCB_04732,LOT_20260310,SMD_Line_A,Mounter_01,FD_18,NZ_01,CHIP_0603,3.41,-8.33,-0.348,115.85,100.0,-65.78,3.98,241.9,4.99,A,Normal,0
PCB_04733,LOT_20260310,SMD_Line_B,Mounter_01,FD_05,NZ_01,BGA_256,-5.94,-10.36,0.308,105.76,114.14,-73.6,3.01,248.1,4.22,A,Normal,0
PCB_04734,LOT_20260310,SMD_Line_C,Mounter_01,FD_02,NZ_08,BGA_256,-1.57,-1.78,-0.164,118.81,99.81,-70.63,2.73,249.0,3.61,A,Normal,0
PCB_04735,LOT_20260310,SMD_Line_B,Mounter_01,FD_07,NZ_04,CAP_3216,4.53,-22.58,-0.232,150.18,90.21,-73.71,3.26,247.3,4.87,A,Normal,0
PCB_04736,LOT_20260310,SMD_Line_A,Mounter_03,FD_10,NZ_07,CHIP_1005,2.25,16.11,-0.33,138.66,120.56,-68.01,2.87,241.0,3.03,B,Normal,0
PCB_04737,LOT_20260310,SMD_Line_B,Mounter_01,FD_15,NZ_02,IC_QFP_48,7.47,-12.09,-0.041,105.75,97.68,-72.89,2.58,246.9,4.46,A,Normal,0
PCB_04738,LOT_20260310,SMD_Line_A,Mounter_04,FD_07,NZ_01,CHIP_0603,20.67,-13.55,-0.058,93.71,91.3,-72.91,2.29,249.4,4.44,A,Normal,0
PCB_04739,LOT_20260310,SMD_Line_A,Mounter_04,FD_05,NZ_03,IC_QFP_48,-12.96,-4.79,0.339,125.18,104.62,-71.92,4.28,239.7,4.22,A,Normal,0
PCB_04740,LOT_20260310,SMD_Line_B,Mounter_03,FD_15,NZ_03,CHIP_1005,9.38,-15.84,-0.65,146.39,107.15,-71.7,4.2,238.6,4.4,A,Normal,0
PCB_04741,LOT_20260310,SMD_Line_B,Mounter_02,FD_20,NZ_05,CAP_3216,-1.34,7.6,0.383,118.62,104.02,-73.92,3.05,248.6,3.54,A,Normal,0
PCB_04742,LOT_20260310,SMD_Line_A,Mounter_02,FD_20,NZ_01,BGA_256,14.28,-11.4,0.373,146.14,105.0,-74.7,4.77,242.3,3.67,A,Normal,0
PCB_04743,LOT_20260310,SMD_Line_A,Mounter_04,FD_15,NZ_07,CAP_3216,20.32,5.92,0.139,131.9,104.57,-73.89,4.0,248.1,3.56,A,Normal,0
PCB_04744,LOT_20260310,SMD_Line_C,Mounter_04,FD_10,NZ_05,BGA_256,2.45,10.91,1.03,156.29,114.8,-72.54,3.17,252.2,3.62,F,Tombstone,1
PCB_04745,LOT_20260310,SMD_Line_A,Mounter_03,FD_24,NZ_01,BGA_256,7.76,-6.48,0.555,119.82,100.68,-71.05,4.56,238.8,3.85,A,Normal,0
PCB_04746,LOT_20260310,SMD_Line_A,Mounter_02,FD_14,NZ_04,CHIP_0603,15.2,-8.47,-0.225,129.1,92.22,-73.42,1.97,238.5,4.11,F,Tombstone,1
PCB_04747,LOT_20260310,SMD_Line_A,Mounter_02,FD_10,NZ_06,BGA_256,12.48,-9.47,-0.535,120.17,108.67,,3.07,248.4,4.7,A,Normal,0
PCB_04748,LOT_20260310,SMD_Line_A,Mounter_01,FD_17,NZ_07,CHIP_1005,15.71,-12.77,-0.31,144.78,70.43,,4.26,250.5,5.18,B,Normal,0
PCB_04749,LOT_20260310,SMD_Line_A,Mounter_01,FD_21,NZ_01,CHIP_1005,-3.73,-4.96,-0.261,138.86,,-75.2,3.0,252.2,3.79,A,Normal,0
PCB_04750,LOT_20260310,SMD_Line_C,Mounter_01,FD_14,NZ_07,CHIP_0603,-6.46,0.8,-0.823,104.52,118.09,-70.84,3.9,248.4,4.16,B,Normal,0
PCB_04751,LOT_20260310,SMD_Line_A,Mounter_03,FD_02,NZ_02,IC_QFP_48,-14.2,-16.32,0.222,140.38,109.15,-68.93,2.61,244.4,4.25,A,Normal,0
PCB_04752,LOT_20260310,SMD_Line_B,Mounter_04,FD_16,NZ_07,CHIP_0603,-2.44,-7.58,-0.591,107.66,80.94,-75.86,2.8,245.4,3.76,A,Normal,0
PCB_04753,LOT_20260310,SMD_Line_B,Mounter_03,FD_13,NZ_07,CHIP_1005,-1.05,1.86,0.105,116.33,117.31,-70.51,3.43,246.4,3.97,A,Normal,0
PCB_04754,LOT_20260310,SMD_Line_B,Mounter_02,FD_09,NZ_03,IC_QFP_48,-1.8,0.41,0.422,141.19,93.37,-70.7,3.6,252.1,5.05,A,Normal,0
PCB_04755,LOT_20260310,SMD_Line_C,Mounter_04,FD_07,NZ_04,CAP_3216,6.15,-31.47,0.63,111.18,102.39,-65.58,3.33,246.2,4.8,B,Normal,0
PCB_04756,LOT_20260310,SMD_Line_C,Mounter_01,FD_16,NZ_06,BGA_256,6.48,7.48,-0.113,124.43,115.49,-63.87,2.95,242.1,4.86,A,Normal,0
PCB_04757,LOT_20260310,SMD_Line_A,Mounter_03,FD_10,NZ_06,CHIP_1005,-0.82,14.61,-0.322,141.39,92.59,-68.28,2.64,245.9,4.48,A,Normal,0
PCB_04758,LOT_20260310,SMD_Line_C,Mounter_03,FD_24,NZ_03,CHIP_1005,4.33,-6.76,0.601,136.23,101.67,-69.54,4.62,238.4,4.62,A,Normal,0
PCB_04759,LOT_20260310,SMD_Line_B,Mounter_01,FD_22,NZ_07,CHIP_0603,10.33,-20.47,0.678,135.35,84.35,-70.14,3.41,242.7,4.38,B,Normal,0
PCB_04760,LOT_20260310,SMD_Line_C,Mounter_03,FD_09,NZ_06,CHIP_1005,-9.98,-9.02,0.307,141.88,97.77,-74.56,3.86,243.7,5.0,A,Normal,0
PCB_04761,LOT_20260310,SMD_Line_B,Mounter_01,FD_22,NZ_05,CHIP_0603,11.67,-9.37,-0.311,149.61,86.0,-76.0,3.79,243.4,2.74,A,Normal,0
PCB_04762,LOT_20260310,SMD_Line_C,Mounter_02,FD_23,NZ_04,CAP_3216,-7.64,14.16,-0.593,111.39,105.8,-77.45,2.92,238.3,3.65,A,Normal,0
PCB_04763,LOT_20260310,SMD_Line_C,Mounter_04,FD_07,NZ_02,CHIP_1005,17.99,-12.91,0.502,135.0,82.6,-71.45,3.23,240.0,3.46,F,Tombstone,1
PCB_04764,LOT_20260310,SMD_Line_A,Mounter_02,FD_16,NZ_03,CHIP_0603,2.08,-4.22,-0.028,144.47,98.92,-74.63,2.74,244.9,3.86,A,Normal,0
PCB_04765,LOT_20260310,SMD_Line_B,Mounter_02,FD_09,NZ_01,CHIP_1005,0.8,19.8,0.558,141.52,93.19,-69.22,3.66,248.5,4.23,A,Normal,0
PCB_04766,LOT_20260310,SMD_Line_C,Mounter_01,FD_24,NZ_01,CHIP_1005,-22.37,1.9,-0.299,127.61,91.41,-75.94,3.11,243.2,4.13,A,Normal,0
PCB_04767,LOT_20260310,SMD_Line_C,Mounter_03,FD_17,NZ_01,CHIP_1005,8.22,2.31,0.499,126.74,113.21,-71.11,4.18,245.3,3.77,A,Normal,0
PCB_04768,LOT_20260310,SMD_Line_A,Mounter_02,FD_20,NZ_08,CHIP_0603,1.19,-1.19,0.633,142.36,87.11,-74.67,2.24,248.7,4.28,A,Normal,0
PCB_04769,LOT_20260310,SMD_Line_B,Mounter_02,FD_07,NZ_04,CAP_3216,2.18,11.54,-0.109,133.21,93.49,-76.83,3.5,256.2,4.37,A,Normal,0
PCB_04770,LOT_20260310,SMD_Line_A,Mounter_02,FD_11,NZ_02,CHIP_0603,-1.16,4.77,0.139,146.41,102.3,-74.85,4.73,243.7,4.46,A,Normal,0
PCB_04771,LOT_20260310,SMD_Line_A,Mounter_03,FD_08,NZ_06,CHIP_0603,7.81,21.87,-0.523,131.65,107.71,-74.27,2.76,241.5,4.58,A,Normal,0
PCB_04772,LOT_20260310,SMD_Line_B,Mounter_03,FD_07,NZ_02,CHIP_0603,10.32,23.16,-0.511,124.4,78.33,-72.07,3.3,248.3,3.89,F,Tombstone,1
PCB_04773,LOT_20260310,SMD_Line_A,Mounter_01,FD_19,NZ_02,CHIP_1005,6.05,3.7,0.143,103.55,97.86,-74.12,2.99,248.6,4.7,F,Tombstone,1
PCB_04774,LOT_20260310,SMD_Line_C,Mounter_02,FD_20,NZ_03,CHIP_0603,16.46,-0.44,-0.243,126.54,109.08,-75.24,3.74,239.5,4.16,A,Normal,0
PCB_04775,LOT_20260310,SMD_Line_A,Mounter_04,FD_12,NZ_04,CHIP_0603,-8.99,1.93,0.108,111.54,119.97,-74.81,2.0,240.3,4.58,F,Tombstone,1
PCB_04776,LOT_20260310,SMD_Line_C,Mounter_03,FD_07,NZ_01,CHIP_1005,-7.41,-6.68,0.074,102.56,100.38,-85.06,2.48,239.2,3.88,A,Normal,0
PCB_04777,LOT_20260310,SMD_Line_A,Mounter_01,FD_08,NZ_03,CHIP_1005,5.08,1.58,0.294,117.02,83.19,-73.33,2.61,242.0,5.06,A,Normal,0
PCB_04778,LOT_20260310,SMD_Line_A,Mounter_02,FD_07,NZ_06,CHIP_0603,8.27,-17.02,0.238,140.55,99.85,,3.73,248.6,4.45,A,Normal,0
PCB_04779,LOT_20260310,SMD_Line_A,Mounter_04,FD_06,NZ_02,CHIP_0603,6.46,-8.4,0.414,126.37,94.22,-73.48,3.09,246.5,4.26,A,Normal,0
PCB_04780,LOT_20260310,SMD_Line_A,Mounter_03,FD_09,NZ_07,CHIP_1005,-16.09,9.28,0.102,132.67,104.08,-71.31,2.82,245.7,3.59,A,Normal,0
PCB_04781,LOT_20260310,SMD_Line_A,Mounter_04,FD_13,NZ_01,CHIP_0603,-15.03,6.35,0.138,140.1,,-68.62,3.45,240.9,4.74,A,Normal,0
PCB_04782,LOT_20260310,SMD_Line_A,Mounter_03,FD_07,NZ_08,CHIP_1005,-2.31,-1.5,-0.001,129.46,85.93,-68.29,3.34,240.5,3.66,A,Normal,0
PCB_04783,LOT_20260310,SMD_Line_B,Mounter_01,FD_08,NZ_04,CHIP_0603,-22.37,4.94,0.472,119.68,113.16,-68.58,3.08,245.3,5.31,B,Normal,0
PCB_04784,LOT_20260310,SMD_Line_A,Mounter_04,FD_22,NZ_05,CHIP_0603,3.26,17.77,0.828,123.31,110.84,-74.15,2.9,244.8,4.57,B,Normal,0
PCB_04785,LOT_20260310,SMD_Line_B,Mounter_02,FD_17,NZ_08,CHIP_1005,-0.94,-4.55,0.337,141.59,107.85,,2.66,247.1,3.55,A,Normal,0
PCB_04786,LOT_20260310,SMD_Line_A,Mounter_02,FD_17,NZ_02,CHIP_0603,-11.43,-16.94,0.224,129.61,103.14,-73.96,4.06,250.8,4.31,A,Normal,0
PCB_04787,LOT_20260310,SMD_Line_C,Mounter_03,FD_16,NZ_02,CHIP_0603,-6.9,7.4,-0.098,91.84,124.9,-69.89,4.1,240.2,5.18,B,Normal,0
PCB_04788,LOT_20260310,SMD_Line_C,Mounter_02,FD_22,NZ_02,CHIP_1005,1.37,6.33,0.109,124.7,115.48,-70.91,2.41,244.4,4.19,F,Tombstone,1
PCB_04789,LOT_20260310,SMD_Line_B,Mounter_04,FD_02,NZ_02,CAP_3216,-18.67,8.96,-0.178,137.98,92.99,-74.67,2.97,245.5,4.02,A,Normal,0
PCB_04790,LOT_20260310,SMD_Line_A,Mounter_01,FD_08,NZ_01,IC_QFP_48,-7.54,-14.13,-0.277,132.74,100.59,-68.23,3.47,245.8,4.36,F,Tombstone,1
PCB_04791,LOT_20260310,SMD_Line_A,Mounter_03,FD_17,NZ_04,BGA_256,-3.29,-17.7,-0.088,114.69,86.98,-75.88,2.66,245.3,3.82,A,Normal,0
PCB_04792,LOT_20260310,SMD_Line_C,Mounter_04,FD_13,NZ_08,BGA_256,-3.75,3.13,0.805,118.81,116.65,-73.83,3.65,244.8,4.87,A,Normal,0
PCB_04793,LOT_20260310,SMD_Line_A,Mounter_03,FD_18,NZ_03,CAP_3216,-3.39,2.3,-0.038,100.77,100.57,,3.33,245.8,3.77,A,Normal,0
PCB_04794,LOT_20260310,SMD_Line_A,Mounter_01,FD_24,NZ_01,IC_QFP_48,16.99,-4.21,0.731,138.24,76.9,-69.08,3.7,247.2,4.42,F,Tombstone,1
PCB_04795,LOT_20260310,SMD_Line_A,Mounter_03,FD_22,NZ_04,CHIP_1005,11.86,17.07,-0.437,139.33,70.51,-67.95,4.59,242.0,4.83,C,Normal,0
PCB_04796,LOT_20260310,SMD_Line_A,Mounter_02,FD_10,NZ_08,CHIP_1005,-8.04,-0.12,0.063,128.0,93.3,-70.93,2.2,247.0,4.23,A,Normal,0
PCB_04797,LOT_20260310,SMD_Line_A,Mounter_02,FD_02,NZ_03,CHIP_0603,-12.96,14.53,0.324,124.75,89.89,-76.33,4.08,247.2,4.85,A,Normal,0
PCB_04798,LOT_20260310,SMD_Line_C,Mounter_03,FD_02,NZ_02,IC_QFP_48,-5.17,10.36,0.347,113.78,94.68,-68.29,2.89,246.0,4.11,A,Normal,0
PCB_04799,LOT_20260310,SMD_Line_A,Mounter_01,FD_14,NZ_04,CAP_3216,15.34,-12.86,-0.487,134.99,97.52,-75.65,3.62,251.6,3.64,A,Normal,0
PCB_04800,LOT_20260310,SMD_Line_B,Mounter_01,FD_16,NZ_02,CHIP_1005,-26.59,-10.47,-0.547,105.37,115.56,-73.68,3.54,245.9,4.57,B,Normal,0
PCB_04801,LOT_20260310,SMD_Line_A,Mounter_02,FD_07,NZ_07,IC_QFP_48,1.04,-15.13,0.279,141.65,117.1,-75.45,4.05,246.5,4.37,F,Tombstone,1
PCB_04802,LOT_20260310,SMD_Line_A,Mounter_01,FD_21,NZ_04,CHIP_1005,-3.85,5.09,-0.249,138.69,,-72.32,3.26,240.9,3.72,A,Normal,0
PCB_04803,LOT_20260310,SMD_Line_C,Mounter_03,FD_21,NZ_06,CHIP_1005,14.98,1.16,0.286,147.52,120.5,-75.57,2.74,249.4,4.16,F,Tombstone,1
PCB_04804,LOT_20260310,SMD_Line_A,Mounter_04,FD_24,NZ_05,CHIP_1005,12.26,15.93,0.646,130.76,107.55,-70.35,3.37,253.0,3.71,A,Normal,0
PCB_04805,LOT_20260310,SMD_Line_C,Mounter_03,FD_12,NZ_02,CHIP_1005,-18.35,7.02,-0.295,122.2,83.18,-70.55,4.24,245.7,4.2,A,Normal,0
PCB_04806,LOT_20260310,SMD_Line_B,Mounter_02,FD_23,NZ_02,CHIP_1005,14.96,-15.32,-0.235,136.48,109.63,-69.36,3.44,236.3,5.34,A,Normal,0
PCB_04807,LOT_20260310,SMD_Line_A,Mounter_02,FD_14,NZ_02,IC_QFP_48,-29.17,-5.45,-0.912,141.71,81.07,-71.0,2.89,249.5,4.68,F,Tombstone,1
PCB_04808,LOT_20260310,SMD_Line_C,Mounter_02,FD_04,NZ_06,BGA_256,7.65,-24.9,0.36,112.63,103.98,-71.22,3.14,250.8,4.51,A,Normal,0
PCB_04809,LOT_20260310,SMD_Line_A,Mounter_01,FD_04,NZ_01,BGA_256,8.78,3.46,0.959,128.96,82.14,-75.43,3.38,245.9,4.28,B,Normal,0
PCB_04810,LOT_20260310,SMD_Line_C,Mounter_03,FD_18,NZ_03,CHIP_0603,21.06,32.93,-0.561,133.98,123.31,-74.37,3.3,242.8,4.72,F,Tombstone,1
PCB_04811,LOT_20260310,SMD_Line_A,Mounter_04,FD_03,NZ_02,BGA_256,2.84,1.54,0.56,137.22,104.61,-72.35,3.22,250.3,4.24,A,Normal,0
PCB_04812,LOT_20260310,SMD_Line_C,Mounter_03,FD_01,NZ_02,CHIP_0603,-8.31,2.37,0.601,124.72,97.53,-72.06,3.82,250.0,3.3,A,Normal,0
PCB_04813,LOT_20260310,SMD_Line_A,Mounter_04,FD_17,NZ_08,CHIP_0603,-12.6,-0.2,0.353,139.47,94.59,-73.17,4.44,246.1,3.53,A,Normal,0
PCB_04814,LOT_20260310,SMD_Line_B,Mounter_03,FD_07,NZ_08,IC_QFP_48,18.25,4.2,-0.272,115.6,99.58,-70.05,3.8,249.8,3.93,A,Normal,0
PCB_04815,LOT_20260310,SMD_Line_C,Mounter_02,FD_16,NZ_01,CHIP_0603,21.21,-1.84,-0.11,160.27,91.27,-63.89,3.6,242.0,3.99,A,Normal,0
PCB_04816,LOT_20260310,SMD_Line_C,Mounter_04,FD_05,NZ_01,CHIP_0603,-5.61,7.29,0.249,120.63,96.06,-70.58,3.85,250.4,4.21,A,Normal,0
PCB_04817,LOT_20260310,SMD_Line_C,Mounter_03,FD_19,NZ_05,CHIP_1005,0.28,-9.11,0.235,136.12,,-74.35,3.62,246.1,4.79,A,Normal,0
PCB_04818,LOT_20260310,SMD_Line_C,Mounter_01,FD_07,NZ_04,IC_QFP_48,17.04,-8.63,-0.113,121.71,88.95,-69.27,3.32,243.7,4.39,A,Normal,0
PCB_04819,LOT_20260310,SMD_Line_C,Mounter_01,FD_14,NZ_02,CHIP_0603,9.61,-15.25,0.207,131.47,86.05,-74.18,2.88,245.5,4.29,A,Normal,0
PCB_04820,LOT_20260310,SMD_Line_A,Mounter_03,FD_02,NZ_04,CHIP_1005,-2.33,-0.38,-0.162,113.81,106.25,-70.76,2.88,248.4,3.65,A,Normal,0
PCB_04821,LOT_20260310,SMD_Line_A,Mounter_02,FD_03,NZ_07,IC_QFP_48,-9.5,-13.05,-0.051,146.13,100.4,-70.34,3.22,246.3,4.12,A,Normal,0
PCB_04822,LOT_20260310,SMD_Line_A,Mounter_04,FD_17,NZ_01,IC_QFP_48,-10.52,17.14,-0.091,117.74,110.4,-71.19,3.41,252.7,3.89,A,Normal,0
PCB_04823,LOT_20260310,SMD_Line_A,Mounter_03,FD_16,NZ_01,BGA_256,11.92,-5.09,0.493,131.22,94.95,-74.08,3.91,250.1,3.69,A,Normal,0
PCB_04824,LOT_20260310,SMD_Line_A,Mounter_01,FD_08,NZ_05,CHIP_1005,-4.59,-23.23,-0.643,129.04,101.36,-71.74,3.17,240.1,2.67,A,Normal,0
PCB_04825,LOT_20260310,SMD_Line_B,Mounter_04,FD_18,NZ_03,CHIP_0603,-5.08,-13.4,0.292,119.48,75.6,-73.76,3.02,248.9,3.61,B,Normal,0
PCB_04826,LOT_20260310,SMD_Line_A,Mounter_01,FD_15,NZ_06,CHIP_0603,7.65,1.59,0.162,91.82,110.93,-73.78,3.39,249.2,5.07,A,Normal,0
PCB_04827,LOT_20260310,SMD_Line_B,Mounter_01,FD_07,NZ_06,CHIP_1005,1.01,7.7,-1.021,145.89,115.2,-77.77,3.49,247.6,4.78,B,Normal,0
PCB_04828,LOT_20260310,SMD_Line_A,Mounter_03,FD_09,NZ_06,IC_QFP_48,4.87,4.18,0.392,132.17,107.81,-72.43,2.88,241.0,3.77,A,Normal,0
PCB_04829,LOT_20260310,SMD_Line_A,Mounter_01,FD_06,NZ_01,CHIP_0603,-4.05,-9.7,0.448,103.9,89.43,-64.42,2.8,249.7,3.96,A,Normal,0
PCB_04830,LOT_20260310,SMD_Line_B,Mounter_04,FD_18,NZ_02,CHIP_0603,-4.57,-6.74,-0.182,101.3,106.65,-80.76,3.62,246.1,5.46,A,Normal,0
PCB_04831,LOT_20260310,SMD_Line_C,Mounter_02,FD_18,NZ_08,IC_QFP_48,-9.18,-8.12,0.218,125.17,102.11,,3.16,240.8,5.39,A,Normal,0
PCB_04832,LOT_20260310,SMD_Line_B,Mounter_03,FD_24,NZ_05,IC_QFP_48,8.86,6.69,0.12,128.76,76.48,-71.8,3.94,246.5,4.31,B,Normal,0
PCB_04833,LOT_20260310,SMD_Line_B,Mounter_04,FD_14,NZ_03,IC_QFP_48,1.06,1.37,1.004,126.78,114.89,-69.37,3.4,249.8,4.57,B,Normal,0
PCB_04834,LOT_20260310,SMD_Line_A,Mounter_03,FD_14,NZ_07,BGA_256,3.66,-5.28,0.226,151.66,,-76.71,3.19,241.5,4.35,A,Normal,0
PCB_04835,LOT_20260310,SMD_Line_B,Mounter_01,FD_14,NZ_06,IC_QFP_48,-12.75,-7.78,0.048,104.96,106.9,,2.52,241.5,4.04,A,Normal,0
PCB_04836,LOT_20260310,SMD_Line_A,Mounter_01,FD_04,NZ_05,IC_QFP_48,8.7,-6.17,0.493,133.18,,-72.57,3.24,248.1,4.34,A,Normal,0
PCB_04837,LOT_20260310,SMD_Line_A,Mounter_04,FD_04,NZ_08,CHIP_1005,3.9,0.1,0.723,139.68,116.17,-74.11,2.64,246.5,4.52,A,Normal,0
PCB_04838,LOT_20260310,SMD_Line_B,Mounter_04,FD_15,NZ_08,CAP_3216,9.13,15.82,0.932,139.37,89.64,,2.46,248.4,4.73,B,Normal,0
PCB_04839,LOT_20260310,SMD_Line_A,Mounter_02,FD_15,NZ_01,CHIP_1005,4.31,2.2,-0.269,143.41,93.93,-75.53,4.14,245.3,4.36,A,Normal,0
PCB_04840,LOT_20260310,SMD_Line_A,Mounter_04,FD_18,NZ_06,CHIP_0603,3.58,-3.97,0.193,131.75,,,2.94,255.5,4.36,A,Normal,0
PCB_04841,LOT_20260310,SMD_Line_C,Mounter_04,FD_14,NZ_03,CHIP_0603,-22.75,-4.89,-0.28,133.69,92.83,-78.7,3.77,243.5,3.57,A,Normal,0
PCB_04842,LOT_20260310,SMD_Line_C,Mounter_03,FD_01,NZ_07,IC_QFP_48,14.22,20.08,1.045,125.05,,-72.29,2.57,247.8,3.79,B,Normal,0
PCB_04843,LOT_20260310,SMD_Line_A,Mounter_01,FD_10,NZ_04,CAP_3216,-16.51,9.73,0.021,107.36,90.91,-71.62,2.8,243.1,3.29,A,Normal,0
PCB_04844,LOT_20260310,SMD_Line_A,Mounter_04,FD_20,NZ_08,CHIP_0603,12.96,11.55,0.431,134.93,107.06,-72.58,2.75,239.1,4.44,A,Normal,0
PCB_04845,LOT_20260310,SMD_Line_A,Mounter_02,FD_10,NZ_08,CHIP_0603,-0.91,8.82,-0.074,123.96,99.95,-73.79,3.64,244.5,3.91,A,Normal,0
PCB_04846,LOT_20260310,SMD_Line_A,Mounter_04,FD_10,NZ_07,BGA_256,-20.08,-0.59,0.225,118.84,92.11,-69.8,3.5,243.8,4.1,A,Normal,0
PCB_04847,LOT_20260310,SMD_Line_C,Mounter_01,FD_24,NZ_08,CAP_3216,-1.08,14.13,-0.813,135.59,115.81,-73.43,2.44,252.5,4.24,B,Normal,0
PCB_04848,LOT_20260310,SMD_Line_A,Mounter_04,FD_02,NZ_03,CHIP_0603,-18.75,-17.32,0.468,136.92,87.36,-77.31,2.38,246.9,4.35,B,Normal,0
PCB_04849,LOT_20260310,SMD_Line_C,Mounter_03,FD_08,NZ_07,CHIP_1005,13.85,18.3,0.586,119.41,106.38,-74.39,3.52,241.8,3.25,A,Normal,0
PCB_04850,LOT_20260310,SMD_Line_A,Mounter_01,FD_01,NZ_02,IC_QFP_48,-6.45,8.76,-0.267,133.75,70.04,-71.67,4.02,245.3,4.39,F,Tombstone,1
PCB_04851,LOT_20260310,SMD_Line_C,Mounter_04,FD_01,NZ_06,CHIP_0603,-13.01,5.73,-0.814,128.78,103.87,-73.92,3.99,241.2,4.0,A,Normal,0
PCB_04852,LOT_20260310,SMD_Line_A,Mounter_03,FD_04,NZ_06,BGA_256,8.26,-8.93,0.667,132.85,114.67,-73.14,2.76,244.0,4.64,A,Normal,0
PCB_04853,LOT_20260310,SMD_Line_C,Mounter_01,FD_07,NZ_04,CHIP_0603,-0.53,10.99,0.61,148.8,,-69.29,2.97,249.4,4.04,A,Normal,0
PCB_04854,LOT_20260310,SMD_Line_A,Mounter_04,FD_09,NZ_07,CHIP_0603,6.5,13.51,0.356,136.64,102.55,-74.09,3.51,247.0,3.89,A,Normal,0
PCB_04855,LOT_20260310,SMD_Line_B,Mounter_03,FD_16,NZ_04,CHIP_0603,-1.42,-8.31,-0.083,135.5,120.47,-72.33,3.56,238.1,4.77,A,Normal,0
PCB_04856,LOT_20260310,SMD_Line_A,Mounter_02,FD_05,NZ_07,CHIP_0603,14.46,-7.95,-0.126,116.72,112.69,-72.68,3.35,241.7,3.72,A,Normal,0
PCB_04857,LOT_20260310,SMD_Line_A,Mounter_03,FD_02,NZ_06,CHIP_0603,-5.02,-12.2,0.6,118.83,73.29,-68.24,2.98,241.5,3.94,F,Tombstone,1
PCB_04858,LOT_20260310,SMD_Line_C,Mounter_02,FD_23,NZ_02,CHIP_0603,-19.7,6.47,-0.144,137.22,93.47,-71.83,3.49,242.1,3.74,A,Normal,0
PCB_04859,LOT_20260310,SMD_Line_C,Mounter_04,FD_11,NZ_08,IC_QFP_48,-13.68,-1.16,0.071,106.19,96.56,-69.2,3.3,246.2,3.97,A,Normal,0
PCB_04860,LOT_20260310,SMD_Line_C,Mounter_03,FD_18,NZ_07,CHIP_0603,5.44,25.05,-0.002,124.65,103.75,-74.52,3.32,249.4,5.04,A,Normal,0
PCB_04861,LOT_20260310,SMD_Line_B,Mounter_02,FD_19,NZ_04,CAP_3216,-8.22,-18.1,0.148,118.55,99.23,-65.86,3.74,243.6,3.59,A,Normal,0
PCB_04862,LOT_20260310,SMD_Line_C,Mounter_01,FD_13,NZ_01,CHIP_1005,16.04,-10.27,-0.048,127.87,93.72,-69.09,3.87,242.4,4.07,A,Normal,0
PCB_04863,LOT_20260310,SMD_Line_A,Mounter_03,FD_24,NZ_08,IC_QFP_48,-14.63,0.14,0.004,126.77,92.93,-66.2,3.41,248.5,4.59,A,Normal,0
PCB_04864,LOT_20260310,SMD_Line_A,Mounter_04,FD_11,NZ_06,CHIP_0603,12.73,7.85,0.806,131.96,82.73,-71.3,3.38,246.3,4.09,B,Normal,0
PCB_04865,LOT_20260310,SMD_Line_A,Mounter_01,FD_20,NZ_03,CHIP_0603,-5.41,7.31,0.236,136.98,87.89,-74.12,3.11,242.8,4.4,A,Normal,0
PCB_04866,LOT_20260310,SMD_Line_B,Mounter_02,FD_19,NZ_03,CHIP_1005,16.34,1.0,0.172,144.5,,-72.8,3.28,243.4,3.93,A,Normal,0
PCB_04867,LOT_20260310,SMD_Line_A,Mounter_03,FD_17,NZ_08,CHIP_1005,6.32,4.16,0.37,145.63,87.42,-71.27,3.66,243.8,4.15,A,Normal,0
PCB_04868,LOT_20260310,SMD_Line_A,Mounter_03,FD_05,NZ_02,IC_QFP_48,2.41,1.4,-0.503,126.44,90.37,-71.31,3.5,249.7,4.07,A,Normal,0
PCB_04869,LOT_20260310,SMD_Line_B,Mounter_04,FD_13,NZ_01,IC_QFP_48,8.31,12.38,0.458,121.14,82.5,-73.43,2.87,246.9,4.11,A,Normal,0
PCB_04870,LOT_20260310,SMD_Line_C,Mounter_01,FD_20,NZ_04,IC_QFP_48,15.33,-6.56,0.136,118.18,104.61,-72.05,2.84,252.7,4.79,A,Normal,0
PCB_04871,LOT_20260310,SMD_Line_A,Mounter_03,FD_01,NZ_07,CHIP_1005,-0.64,-5.23,-0.278,125.16,111.52,-71.11,2.82,247.3,3.9,A,Normal,0
PCB_04872,LOT_20260310,SMD_Line_A,Mounter_03,FD_10,NZ_06,BGA_256,-23.46,8.14,-0.043,115.18,113.96,-74.85,3.89,241.3,4.35,A,Normal,0
PCB_04873,LOT_20260310,SMD_Line_A,Mounter_01,FD_08,NZ_03,CHIP_1005,15.0,18.55,0.24,137.04,95.33,-73.29,2.2,238.0,4.68,A,Normal,0
PCB_04874,LOT_20260310,SMD_Line_A,Mounter_03,FD_24,NZ_03,CAP_3216,-3.39,-7.48,0.039,145.35,99.22,-67.32,2.39,242.4,4.48,A,Normal,0
PCB_04875,LOT_20260310,SMD_Line_A,Mounter_01,FD_08,NZ_03,BGA_256,32.0,2.85,0.489,107.13,100.35,-67.8,2.83,238.1,4.06,B,Normal,0
PCB_04876,LOT_20260310,SMD_Line_B,Mounter_01,FD_19,NZ_03,CHIP_0603,-7.53,-4.47,-0.338,130.14,94.98,-74.78,3.65,241.7,4.87,A,Normal,0
PCB_04877,LOT_20260310,SMD_Line_B,Mounter_01,FD_06,NZ_05,CHIP_0603,-4.76,6.55,-0.506,153.34,,-65.37,3.04,245.1,4.28,A,Normal,0
PCB_04878,LOT_20260310,SMD_Line_B,Mounter_04,FD_12,NZ_02,CHIP_1005,9.31,-19.37,-0.343,107.78,113.58,-74.79,2.7,239.5,4.64,A,Normal,0
PCB_04879,LOT_20260310,SMD_Line_A,Mounter_01,FD_07,NZ_04,IC_QFP_48,9.52,-4.08,-0.184,152.16,111.95,-70.58,3.41,248.3,3.94,A,Normal,0
PCB_04880,LOT_20260310,SMD_Line_C,Mounter_01,FD_16,NZ_06,CHIP_1005,5.28,-6.78,0.06,117.1,97.99,-67.35,3.44,242.9,4.49,A,Normal,0
PCB_04881,LOT_20260310,SMD_Line_A,Mounter_02,FD_09,NZ_06,IC_QFP_48,-7.0,-4.04,-0.149,120.89,93.58,-74.79,3.67,248.4,4.54,A,Normal,0
PCB_04882,LOT_20260310,SMD_Line_B,Mounter_02,FD_21,NZ_06,CHIP_0603,-14.5,-29.96,-0.534,139.26,86.17,-75.95,4.02,241.0,3.82,B,Normal,0
PCB_04883,LOT_20260310,SMD_Line_C,Mounter_04,FD_22,NZ_04,CHIP_0603,-8.46,23.89,-0.609,137.61,79.15,-70.28,3.94,248.0,4.88,F,Tombstone,1
PCB_04884,LOT_20260310,SMD_Line_A,Mounter_01,FD_10,NZ_02,CHIP_0603,-18.96,-29.43,-0.575,128.42,106.54,-72.25,3.53,242.9,4.76,B,Normal,0
PCB_04885,LOT_20260310,SMD_Line_A,Mounter_02,FD_10,NZ_08,CHIP_1005,25.79,5.62,-0.13,118.55,99.99,-73.21,3.15,244.0,3.93,A,Normal,0
PCB_04886,LOT_20260310,SMD_Line_C,Mounter_02,FD_10,NZ_08,IC_QFP_48,-12.81,-15.27,-0.365,111.34,100.1,-76.74,3.46,242.3,3.49,A,Normal,0
PCB_04887,LOT_20260310,SMD_Line_A,Mounter_03,FD_20,NZ_01,CHIP_0603,-3.68,-14.69,-0.173,128.85,129.35,-67.39,2.95,244.4,4.11,B,Normal,0
PCB_04888,LOT_20260310,SMD_Line_B,Mounter_01,FD_16,NZ_07,CHIP_1005,8.66,1.63,0.597,126.82,119.05,-71.12,3.73,247.4,4.15,A,Normal,0
PCB_04889,LOT_20260310,SMD_Line_A,Mounter_02,FD_01,NZ_08,CHIP_0603,0.07,8.16,-0.526,118.12,100.52,-69.59,2.9,239.2,3.9,A,Normal,0
PCB_04890,LOT_20260310,SMD_Line_B,Mounter_04,FD_17,NZ_07,CHIP_0603,-7.39,-12.69,0.135,126.17,102.5,-67.92,2.75,254.3,3.97,A,Normal,0
PCB_04891,LOT_20260310,SMD_Line_A,Mounter_03,FD_21,NZ_02,IC_QFP_48,-1.86,-13.08,-0.533,133.76,86.69,-78.08,3.77,254.4,4.62,A,Normal,0
PCB_04892,LOT_20260310,SMD_Line_A,Mounter_03,FD_14,NZ_03,CHIP_1005,-7.61,-15.28,-0.601,146.05,107.75,-71.37,2.34,242.9,5.0,A,Normal,0
PCB_04893,LOT_20260310,SMD_Line_B,Mounter_01,FD_19,NZ_07,IC_QFP_48,-3.18,2.53,0.167,132.93,102.75,-77.31,2.84,249.2,4.59,A,Normal,0
PCB_04894,LOT_20260310,SMD_Line_A,Mounter_01,FD_21,NZ_03,BGA_256,4.88,-12.36,0.304,127.37,89.41,-69.37,3.56,240.0,4.83,A,Normal,0
PCB_04895,LOT_20260310,SMD_Line_A,Mounter_03,FD_21,NZ_02,BGA_256,-12.96,15.21,0.355,117.65,102.99,-67.29,3.15,238.1,4.2,A,Normal,0
PCB_04896,LOT_20260310,SMD_Line_A,Mounter_04,FD_17,NZ_02,CHIP_0603,13.51,-13.61,0.5,118.83,112.51,-72.31,3.12,253.1,3.43,A,Normal,0
PCB_04897,LOT_20260310,SMD_Line_A,Mounter_01,FD_14,NZ_04,CHIP_1005,0.91,6.39,-0.08,133.25,124.81,-72.24,2.57,248.3,3.92,B,Normal,0
PCB_04898,LOT_20260310,SMD_Line_A,Mounter_01,FD_08,NZ_04,IC_QFP_48,-7.29,18.23,0.124,134.06,81.85,-69.99,2.62,245.7,3.84,A,Normal,0
PCB_04899,LOT_20260310,SMD_Line_A,Mounter_03,FD_21,NZ_05,IC_QFP_48,-3.95,0.81,-0.173,126.67,86.27,-70.33,3.09,248.2,4.69,A,Normal,0
PCB_04900,LOT_20260310,SMD_Line_C,Mounter_03,FD_21,NZ_06,IC_QFP_48,14.59,-21.13,0.582,143.58,,-72.77,2.3,242.2,3.15,A,Normal,0
PCB_04901,LOT_20260310,SMD_Line_A,Mounter_01,FD_09,NZ_05,CHIP_0603,10.23,4.72,-0.41,130.88,102.76,-69.52,3.19,245.4,4.28,A,Normal,0
PCB_04902,LOT_20260310,SMD_Line_B,Mounter_02,FD_08,NZ_06,CHIP_0603,3.0,-2.91,0.225,122.7,120.17,,3.88,246.0,4.12,A,Normal,0
PCB_04903,LOT_20260310,SMD_Line_A,Mounter_01,FD_13,NZ_03,CHIP_1005,-7.51,-0.49,-0.479,120.17,114.74,-70.93,3.83,238.9,4.38,A,Normal,0
PCB_04904,LOT_20260310,SMD_Line_A,Mounter_02,FD_17,NZ_05,IC_QFP_48,7.1,18.72,0.049,119.17,75.12,,3.52,249.9,3.72,B,Normal,0
PCB_04905,LOT_20260310,SMD_Line_C,Mounter_03,FD_19,NZ_05,CHIP_0603,0.18,0.61,-0.723,137.2,94.93,,3.31,243.1,4.78,A,Normal,0
PCB_04906,LOT_20260310,SMD_Line_A,Mounter_02,FD_07,NZ_01,CHIP_0603,21.82,6.06,0.102,120.68,81.78,,3.15,240.1,4.29,B,Normal,0
PCB_04907,LOT_20260310,SMD_Line_C,Mounter_04,FD_17,NZ_02,IC_QFP_48,-0.47,-7.81,0.888,131.61,84.34,-70.89,3.23,252.1,3.64,B,Normal,0
PCB_04908,LOT_20260310,SMD_Line_A,Mounter_03,FD_01,NZ_04,CHIP_0603,21.05,-3.31,-0.251,117.27,107.0,-75.94,2.69,250.2,3.71,A,Normal,0
PCB_04909,LOT_20260310,SMD_Line_B,Mounter_01,FD_05,NZ_05,CHIP_0603,2.44,13.25,-0.109,127.49,101.68,-73.55,2.86,244.1,3.99,A,Normal,0
PCB_04910,LOT_20260310,SMD_Line_B,Mounter_01,FD_06,NZ_04,CHIP_0603,-12.96,1.61,0.39,129.18,119.92,-73.81,2.3,239.8,4.47,A,Normal,0
PCB_04911,LOT_20260310,SMD_Line_C,Mounter_03,FD_02,NZ_06,CHIP_0603,41.21,3.37,0.02,165.46,83.11,-70.17,3.71,247.2,3.82,F,Mount_Shift,1
PCB_04912,LOT_20260310,SMD_Line_B,Mounter_03,FD_16,NZ_05,CHIP_1005,-18.09,11.81,0.55,110.39,,-66.83,3.14,245.3,4.5,A,Normal,0
PCB_04913,LOT_20260310,SMD_Line_B,Mounter_04,FD_22,NZ_06,CHIP_1005,-24.71,19.24,0.177,142.13,93.51,-74.67,4.28,254.2,4.18,B,Normal,0
PCB_04914,LOT_20260310,SMD_Line_A,Mounter_03,FD_05,NZ_08,CHIP_0603,-25.93,-13.64,0.394,118.47,118.88,-75.19,2.88,250.7,4.94,B,Normal,0
PCB_04915,LOT_20260310,SMD_Line_A,Mounter_01,FD_05,NZ_08,CHIP_0603,34.25,-5.8,-0.89,150.25,89.23,-68.36,3.2,243.1,3.91,C,Normal,0
PCB_04916,LOT_20260310,SMD_Line_C,Mounter_04,FD_12,NZ_05,CHIP_0603,26.55,17.21,0.041,119.53,102.6,-74.5,3.58,251.2,4.17,B,Normal,0
PCB_04917,LOT_20260310,SMD_Line_A,Mounter_01,FD_03,NZ_08,IC_QFP_48,1.8,23.51,-0.499,145.54,83.3,,3.43,250.7,4.64,B,Normal,0
PCB_04918,LOT_20260310,SMD_Line_A,Mounter_02,FD_16,NZ_07,CHIP_0603,5.43,-3.09,-0.178,133.33,117.37,-75.71,3.16,237.7,3.78,F,Tombstone,1
PCB_04919,LOT_20260310,SMD_Line_C,Mounter_03,FD_06,NZ_03,CHIP_1005,3.14,3.2,0.194,110.03,122.05,-69.46,4.16,247.5,3.74,A,Normal,0
PCB_04920,LOT_20260310,SMD_Line_A,Mounter_02,FD_15,NZ_01,CHIP_0603,-22.13,4.14,-0.103,132.98,91.63,-77.38,2.7,250.1,3.62,F,Tombstone,1
PCB_04921,LOT_20260310,SMD_Line_C,Mounter_01,FD_15,NZ_06,CHIP_0603,18.24,2.76,-0.353,137.73,90.19,-75.56,3.54,243.3,4.49,A,Normal,0
PCB_04922,LOT_20260310,SMD_Line_B,Mounter_02,FD_16,NZ_02,CHIP_0603,16.6,2.92,0.564,138.81,103.17,-75.43,2.96,239.9,3.48,A,Normal,0
PCB_04923,LOT_20260310,SMD_Line_B,Mounter_02,FD_20,NZ_02,CHIP_0603,-15.39,16.11,0.453,126.45,90.19,-74.09,3.13,257.7,4.34,A,Normal,0
PCB_04924,LOT_20260310,SMD_Line_C,Mounter_01,FD_13,NZ_03,IC_QFP_48,4.07,-21.25,-0.617,168.92,113.76,-69.1,3.34,251.7,3.85,B,Normal,0
PCB_04925,LOT_20260310,SMD_Line_A,Mounter_01,FD_12,NZ_08,CHIP_1005,-0.92,-7.73,0.343,159.19,105.47,-72.14,3.13,246.2,3.85,A,Normal,0
PCB_04926,LOT_20260310,SMD_Line_A,Mounter_03,FD_10,NZ_03,BGA_256,-2.64,7.54,0.077,135.07,115.2,-68.0,3.11,236.2,3.26,A,Normal,0
PCB_04927,LOT_20260310,SMD_Line_B,Mounter_02,FD_14,NZ_08,CHIP_0603,-8.49,-5.86,0.106,110.26,87.03,-69.18,2.37,243.4,4.15,A,Normal,0
PCB_04928,LOT_20260310,SMD_Line_A,Mounter_04,FD_02,NZ_07,CHIP_0603,-1.4,3.38,0.7,115.0,83.49,-75.47,3.68,253.4,3.83,A,Normal,0
PCB_04929,LOT_20260310,SMD_Line_B,Mounter_04,FD_03,NZ_02,CHIP_0603,-6.59,12.82,0.07,125.97,104.38,-72.37,2.37,250.8,4.09,A,Normal,0
PCB_04930,LOT_20260310,SMD_Line_C,Mounter_01,FD_09,NZ_06,IC_QFP_48,13.3,18.88,0.321,128.56,120.28,-67.72,3.97,244.1,4.1,B,Normal,0
PCB_04931,LOT_20260310,SMD_Line_B,Mounter_01,FD_11,NZ_02,CHIP_0603,-0.35,3.27,0.096,117.61,88.77,,3.14,243.1,5.06,A,Normal,0
PCB_04932,LOT_20260310,SMD_Line_A,Mounter_02,FD_11,NZ_01,CHIP_1005,-8.66,17.58,0.099,121.84,105.53,,3.7,251.3,3.74,A,Normal,0
PCB_04933,LOT_20260310,SMD_Line_C,Mounter_01,FD_22,NZ_05,CHIP_0603,-0.32,1.67,-0.416,100.17,92.05,-74.54,1.89,244.2,4.45,A,Normal,0
PCB_04934,LOT_20260310,SMD_Line_B,Mounter_04,FD_10,NZ_08,CHIP_0603,-1.77,-3.58,1.104,97.58,112.7,-75.33,3.18,244.7,4.03,B,Normal,0
PCB_04935,LOT_20260310,SMD_Line_B,Mounter_03,FD_14,NZ_01,CAP_3216,-2.29,-18.21,-1.384,130.21,89.39,-73.04,3.19,247.0,4.49,B,Normal,0
PCB_04936,LOT_20260310,SMD_Line_A,Mounter_03,FD_09,NZ_07,CHIP_1005,8.46,-11.84,-0.327,153.89,103.3,-75.88,2.72,247.7,4.11,A,Normal,0
PCB_04937,LOT_20260310,SMD_Line_C,Mounter_02,FD_20,NZ_07,IC_QFP_48,-3.46,0.06,-0.22,106.73,113.45,-67.65,3.66,240.6,5.09,A,Normal,0
PCB_04938,LOT_20260310,SMD_Line_B,Mounter_03,FD_21,NZ_08,IC_QFP_48,-7.14,0.3,0.409,126.8,83.87,-81.89,2.86,247.8,4.17,A,Normal,0
PCB_04939,LOT_20260310,SMD_Line_C,Mounter_01,FD_10,NZ_08,CHIP_1005,-17.0,2.71,-0.635,129.72,107.23,-70.18,2.73,241.0,4.25,A,Normal,0
PCB_04940,LOT_20260310,SMD_Line_C,Mounter_01,FD_22,NZ_02,CHIP_0603,-0.11,21.67,-0.079,135.59,95.71,-70.2,3.01,250.7,4.79,A,Normal,0
PCB_04941,LOT_20260310,SMD_Line_A,Mounter_01,FD_09,NZ_05,CHIP_1005,15.57,8.86,0.354,122.34,110.17,-73.6,3.72,243.8,4.02,A,Normal,0
PCB_04942,LOT_20260310,SMD_Line_B,Mounter_01,FD_05,NZ_02,CHIP_0603,-1.55,9.49,-0.548,113.5,104.43,-79.0,3.35,246.5,4.72,A,Normal,0
PCB_04943,LOT_20260310,SMD_Line_C,Mounter_02,FD_08,NZ_01,CHIP_1005,-6.27,21.57,-0.062,139.69,94.99,-70.41,3.41,233.2,4.8,A,Normal,0
PCB_04944,LOT_20260310,SMD_Line_A,Mounter_03,FD_11,NZ_01,CHIP_1005,-9.47,-4.21,-0.076,100.69,98.87,-73.56,3.61,248.8,3.92,A,Normal,0
PCB_04945,LOT_20260310,SMD_Line_C,Mounter_04,FD_01,NZ_08,IC_QFP_48,-21.55,-6.01,-0.269,135.73,77.95,-74.18,3.08,249.3,4.6,B,Normal,0
PCB_04946,LOT_20260310,SMD_Line_C,Mounter_03,FD_21,NZ_06,IC_QFP_48,14.71,14.42,0.017,117.94,110.44,-67.83,3.76,243.1,3.72,A,Normal,0
PCB_04947,LOT_20260310,SMD_Line_B,Mounter_01,FD_10,NZ_06,IC_QFP_48,6.06,5.73,-0.191,133.66,122.8,-66.86,3.4,239.5,4.31,F,Tombstone,1
PCB_04948,LOT_20260310,SMD_Line_B,Mounter_04,FD_01,NZ_01,CHIP_0603,9.62,-0.52,0.435,147.41,93.48,-73.78,3.65,239.3,3.87,A,Normal,0
PCB_04949,LOT_20260310,SMD_Line_C,Mounter_02,FD_22,NZ_05,CHIP_0603,3.14,-0.71,0.238,119.7,99.55,-74.71,2.78,245.2,4.17,A,Normal,0
PCB_04950,LOT_20260310,SMD_Line_C,Mounter_01,FD_07,NZ_08,CHIP_0603,-10.07,-2.03,-0.083,124.48,118.87,-81.64,3.25,240.5,4.54,F,Tombstone,1
PCB_04951,LOT_20260310,SMD_Line_A,Mounter_01,FD_14,NZ_07,IC_QFP_48,-3.96,-1.19,0.03,123.69,78.47,-77.6,3.71,245.0,4.76,A,Normal,0
PCB_04952,LOT_20260310,SMD_Line_A,Mounter_04,FD_05,NZ_06,CAP_3216,-6.26,-0.03,-0.175,164.18,106.04,-74.75,4.19,245.7,3.03,A,Normal,0
PCB_04953,LOT_20260310,SMD_Line_B,Mounter_02,FD_17,NZ_06,CHIP_0603,-5.21,-3.51,0.602,128.08,120.08,-68.24,3.77,246.2,3.76,A,Normal,0
PCB_04954,LOT_20260310,SMD_Line_B,Mounter_04,FD_22,NZ_04,CHIP_0603,-5.13,6.55,0.203,127.39,92.44,-70.42,3.79,251.3,4.88,A,Normal,0
PCB_04955,LOT_20260310,SMD_Line_B,Mounter_02,FD_21,NZ_04,CHIP_1005,13.81,8.81,-0.063,128.7,93.5,,2.36,250.7,4.2,A,Normal,0
PCB_04956,LOT_20260310,SMD_Line_B,Mounter_01,FD_06,NZ_06,BGA_256,25.27,-6.66,0.197,150.29,,-69.57,3.04,245.9,4.18,A,Normal,0
PCB_04957,LOT_20260310,SMD_Line_A,Mounter_03,FD_16,NZ_02,CHIP_1005,-10.9,10.65,0.85,120.43,86.91,-72.0,3.54,248.1,4.7,B,Normal,0
PCB_04958,LOT_20260310,SMD_Line_B,Mounter_01,FD_11,NZ_05,CHIP_0603,-2.12,-15.0,-0.308,141.9,110.34,-71.67,2.46,246.9,2.97,F,Tombstone,1
PCB_04959,LOT_20260310,SMD_Line_A,Mounter_03,FD_10,NZ_03,CAP_3216,2.71,5.94,0.398,118.61,104.51,-70.12,3.44,251.4,3.7,A,Normal,0
PCB_04960,LOT_20260310,SMD_Line_B,Mounter_03,FD_15,NZ_06,BGA_256,-12.26,6.53,0.186,117.57,113.62,-72.78,3.0,245.9,4.69,A,Normal,0
PCB_04961,LOT_20260310,SMD_Line_B,Mounter_02,FD_07,NZ_04,CHIP_0603,0.66,-0.99,-0.097,135.56,98.47,,3.03,249.2,3.36,A,Normal,0
PCB_04962,LOT_20260310,SMD_Line_A,Mounter_04,FD_23,NZ_05,CAP_3216,4.4,0.68,-0.328,148.21,118.43,-70.73,3.24,254.5,4.22,A,Normal,0
PCB_04963,LOT_20260310,SMD_Line_A,Mounter_02,FD_02,NZ_05,CHIP_1005,-0.98,-2.75,0.387,124.25,95.38,-71.15,3.41,247.1,3.17,A,Normal,0
PCB_04964,LOT_20260310,SMD_Line_B,Mounter_01,FD_12,NZ_04,CHIP_1005,7.84,-5.99,0.131,124.14,82.32,-73.99,3.64,243.3,3.93,A,Normal,0
PCB_04965,LOT_20260310,SMD_Line_B,Mounter_04,FD_19,NZ_08,CHIP_1005,0.0,0.01,0.65,139.53,81.51,-67.32,2.55,243.5,4.76,F,Tombstone,1
PCB_04966,LOT_20260310,SMD_Line_A,Mounter_03,FD_12,NZ_05,BGA_256,-35.82,-6.45,0.526,129.84,86.9,-67.36,3.77,242.2,3.27,F,Mount_Shift,1
PCB_04967,LOT_20260310,SMD_Line_C,Mounter_03,FD_16,NZ_08,IC_QFP_48,-12.01,13.45,0.135,140.2,,-76.42,3.58,248.5,4.04,A,Normal,0
PCB_04968,LOT_20260310,SMD_Line_B,Mounter_01,FD_06,NZ_05,CHIP_0603,17.91,-24.81,-0.325,105.62,90.99,-79.07,3.05,246.8,4.64,B,Normal,0
PCB_04969,LOT_20260310,SMD_Line_C,Mounter_04,FD_03,NZ_04,CAP_3216,6.5,-1.59,0.924,114.41,99.77,-73.54,3.77,243.8,3.77,A,Normal,0
PCB_04970,LOT_20260310,SMD_Line_B,Mounter_01,FD_02,NZ_01,CHIP_0603,-35.64,-22.43,-0.279,129.08,101.09,-74.8,2.2,251.8,4.36,C,Normal,0
PCB_04971,LOT_20260310,SMD_Line_B,Mounter_01,FD_20,NZ_06,IC_QFP_48,-18.88,-12.55,0.374,136.78,90.7,-77.76,3.3,243.7,5.11,F,Tombstone,1
PCB_04972,LOT_20260310,SMD_Line_C,Mounter_02,FD_05,NZ_02,CHIP_1005,9.02,-6.81,-0.797,128.05,101.88,-73.32,2.87,245.7,4.56,A,Normal,0
PCB_04973,LOT_20260310,SMD_Line_B,Mounter_01,FD_11,NZ_08,CHIP_0603,-7.2,15.81,0.707,131.2,111.29,-67.01,2.57,242.0,4.31,F,Tombstone,1
PCB_04974,LOT_20260310,SMD_Line_B,Mounter_04,FD_03,NZ_03,CHIP_0603,-33.78,13.61,-0.915,139.1,100.43,-70.4,2.31,244.8,5.0,C,Normal,0
PCB_04975,LOT_20260310,SMD_Line_A,Mounter_01,FD_03,NZ_02,BGA_256,13.24,0.86,-0.141,111.3,111.02,-69.13,3.58,241.9,4.27,A,Normal,0
PCB_04976,LOT_20260310,SMD_Line_B,Mounter_04,FD_22,NZ_01,CHIP_1005,9.05,0.75,-0.478,139.1,95.47,-67.37,3.51,244.9,4.13,A,Normal,0
PCB_04977,LOT_20260310,SMD_Line_A,Mounter_03,FD_05,NZ_07,IC_QFP_48,-10.37,12.24,0.628,145.76,103.19,-69.3,3.92,240.9,3.67,A,Normal,0
PCB_04978,LOT_20260310,SMD_Line_A,Mounter_01,FD_22,NZ_01,CHIP_1005,15.56,13.35,-0.334,124.86,101.17,-72.58,3.6,243.2,4.62,A,Normal,0
PCB_04979,LOT_20260310,SMD_Line_A,Mounter_04,FD_23,NZ_05,IC_QFP_48,-9.89,-6.78,0.238,117.08,112.89,-67.91,3.02,242.3,5.22,A,Normal,0
PCB_04980,LOT_20260310,SMD_Line_A,Mounter_03,FD_11,NZ_02,CHIP_1005,-7.79,7.94,0.12,143.33,105.1,-74.8,4.83,242.5,3.13,F,Tombstone,1
PCB_04981,LOT_20260310,SMD_Line_C,Mounter_04,FD_03,NZ_08,CHIP_0603,-6.07,-11.29,-0.65,155.79,92.3,-77.32,3.81,241.5,3.78,A,Normal,0
PCB_04982,LOT_20260310,SMD_Line_A,Mounter_03,FD_13,NZ_08,CHIP_1005,-23.69,-4.6,0.463,132.22,105.85,-67.1,2.51,243.9,4.16,A,Normal,0
PCB_04983,LOT_20260310,SMD_Line_B,Mounter_02,FD_21,NZ_01,BGA_256,5.16,7.01,-0.007,116.76,88.52,-66.62,3.12,234.7,3.76,A,Normal,0
PCB_04984,LOT_20260310,SMD_Line_C,Mounter_01,FD_08,NZ_02,CHIP_1005,6.5,-7.76,0.678,129.91,104.85,-73.43,3.34,248.1,4.6,A,Normal,0
PCB_04985,LOT_20260310,SMD_Line_B,Mounter_01,FD_20,NZ_01,CHIP_0603,-5.73,-4.19,0.276,117.49,99.63,-73.87,3.04,246.4,4.51,F,Tombstone,1
PCB_04986,LOT_20260310,SMD_Line_A,Mounter_03,FD_10,NZ_03,CAP_3216,8.83,-19.57,-0.342,140.74,,-70.05,4.43,246.5,4.4,A,Normal,0
PCB_04987,LOT_20260310,SMD_Line_B,Mounter_02,FD_02,NZ_01,IC_QFP_48,-19.89,5.32,-0.091,129.24,,,3.03,244.5,5.12,A,Normal,0
PCB_04988,LOT_20260310,SMD_Line_B,Mounter_04,FD_04,NZ_02,CHIP_0603,8.58,-10.41,-0.103,116.08,92.69,-72.84,2.97,250.5,4.36,A,Normal,0
PCB_04989,LOT_20260310,SMD_Line_B,Mounter_02,FD_18,NZ_05,CAP_3216,4.07,-9.69,0.35,132.99,91.21,-71.18,3.64,242.2,3.93,A,Normal,0
PCB_04990,LOT_20260310,SMD_Line_C,Mounter_04,FD_19,NZ_02,IC_QFP_48,-8.63,15.99,0.335,120.17,112.97,-74.42,3.27,238.1,3.63,F,Tombstone,1
PCB_04991,LOT_20260310,SMD_Line_C,Mounter_04,FD_04,NZ_04,CHIP_0603,5.18,-8.11,-0.303,110.27,122.59,-68.15,3.07,246.3,4.44,A,Normal,0
PCB_04992,LOT_20260310,SMD_Line_B,Mounter_01,FD_20,NZ_02,CHIP_0603,-11.02,8.88,0.426,141.39,103.25,-71.1,4.5,253.2,3.64,A,Normal,0
PCB_04993,LOT_20260310,SMD_Line_A,Mounter_03,FD_09,NZ_03,IC_QFP_48,13.81,12.97,0.183,134.48,100.38,-72.48,4.12,251.2,4.57,A,Normal,0
PCB_04994,LOT_20260310,SMD_Line_B,Mounter_01,FD_16,NZ_06,IC_QFP_48,6.59,10.82,0.301,122.96,85.26,-68.56,2.35,249.0,3.96,A,Normal,0
PCB_04995,LOT_20260310,SMD_Line_A,Mounter_01,FD_06,NZ_03,CHIP_0603,4.55,-2.94,0.233,149.08,78.89,-71.47,4.32,254.7,3.18,A,Normal,0
PCB_04996,LOT_20260310,SMD_Line_C,Mounter_01,FD_04,NZ_03,CHIP_0603,-5.78,-5.04,0.373,118.8,80.71,-74.5,3.09,243.4,4.71,A,Normal,0
PCB_04997,LOT_20260310,SMD_Line_A,Mounter_04,FD_09,NZ_01,CHIP_0603,9.69,-10.78,-0.42,123.48,,-67.57,3.88,243.2,4.48,A,Normal,0
PCB_04998,LOT_20260310,SMD_Line_A,Mounter_01,FD_13,NZ_03,CHIP_1005,15.05,-20.79,0.086,135.63,78.69,-72.09,4.39,244.1,4.6,B,Normal,0
PCB_04999,LOT_20260310,SMD_Line_C,Mounter_04,FD_09,NZ_02,CHIP_0603,20.09,9.11,0.453,143.14,107.9,-83.63,3.69,234.6,3.42,A,Normal,0
PCB_05000,LOT_20260310,SMD_Line_B,Mounter_03,FD_06,NZ_08,CHIP_0603,-6.82,7.99,0.502,135.86,86.83,-71.02,4.57,251.3,4.87,A,Normal,0
